scope,division,season,baseline,n,rps,brier,logloss,acc,ece_H,ece_D,ece_A,ece_mean
ALL,ALL,ALL,uniform,238854,0.23360714076381386,0.3333333333333333,1.0986122886681096,0.44567392633156655,0.11234059299823329,0.06830951124954987,0.0440310817486832,0.07489372866548878
division,ARG,ALL,uniform,5330,0.22784031686470715,0.3333333333333334,1.0986122886681098,0.4337711069418386,0.10043777360850525,0.03370856785490933,0.06672920575359603,0.06695851573900354
division,AUT,ALL,uniform,2306,0.2364363496193505,0.3333333333333334,1.0986122886681098,0.42107545533391155,0.08774212200057824,0.08528476438276958,0.0024573576178085754,0.05849474800038546
division,B1,ALL,uniform,6906,0.2363162467419635,0.3333333333333333,1.0986122886681096,0.4604691572545613,0.12713582392122796,0.0845641471184477,0.04257167680278018,0.08475721594748527
division,BRA,ALL,uniform,4849,0.23302628262413794,0.3333333333333335,1.0986122886681098,0.4854609197772737,0.1521275864439403,0.06482436241149381,0.08730322403244659,0.1014183909626269
division,CHN,ALL,uniform,2544,0.23571802935010486,0.3333333333333334,1.0986122886681096,0.4520440251572327,0.11871069182389937,0.08097484276729555,0.037735849056603765,0.07914046121593289
division,D1,ALL,uniform,7837,0.2366480938000652,0.3333333333333333,1.0986122886681098,0.45616945259665687,0.12283611926332355,0.08655522946705796,0.036280889796265536,0.08189074617554902
division,D2,ALL,uniform,7494,0.23300862912552261,0.3333333333333333,1.0986122886681096,0.4490258873765679,0.11569255404323464,0.06471844141980243,0.05097411262343199,0.07712836936215635
division,DEN,ALL,uniform,2634,0.23405466970387243,0.3333333333333334,1.0986122886681098,0.4293849658314351,0.09605163249810178,0.0709946848899013,0.02505694760820043,0.06403442166540117
division,E0,ALL,uniform,9810,0.23656133197417603,0.3333333333333334,1.0986122886681096,0.45688073394495415,0.12354740061162084,0.0860346585117227,0.03751274209989802,0.08236493374108052
division,E1,ALL,uniform,14206,0.2324096234767782,0.33333333333333337,1.0986122886681093,0.43685766577502466,0.10352433244169135,0.06112440752733583,0.0423999249143554,0.0690162216277942
division,E2,ALL,uniform,13819,0.23349092634134969,0.33333333333333337,1.0986122886681093,0.43751356827556265,0.10418023494222933,0.06761222471476469,0.03656801022746459,0.0694534899614862
division,E3,ALL,uniform,13377,0.23225187510901799,0.3333333333333333,1.0986122886681096,0.4249084249084249,0.09157509157509158,0.06017791732077443,0.031397174254317095,0.061050061050061034
division,EC,ALL,uniform,7746,0.235992770462174,0.3333333333333333,1.0986122886681096,0.42886651174799895,0.09553317841466569,0.08262328943971076,0.012909888974954764,0.06368878560977707
division,F1,ALL,uniform,9081,0.23158242484307895,0.3333333333333334,1.0986122886681098,0.4503909261094593,0.11705759277612598,0.05616121572514038,0.06089637705098555,0.07803839518408397
division,F2,ALL,uniform,9018,0.22706438973904047,0.3333333333333334,1.0986122886681098,0.44167221113328897,0.10833887779995566,0.0290530051009093,0.07928587269904636,0.07222591853330378
division,FIN,ALL,uniform,2354,0.23508448975738697,0.3333333333333335,1.0986122886681098,0.44010195412064573,0.10676862078731236,0.07717360521098843,0.029595015576324046,0.07117908052487494
division,G1,ALL,uniform,4375,0.23492063492063492,0.3333333333333334,1.0986122886681098,0.47382857142857143,0.14049523809523812,0.0761904761904762,0.06430476190476186,0.09366349206349206
division,I1,ALL,uniform,9412,0.2328174434528026,0.3333333333333334,1.0986122886681096,0.44390140246493837,0.110568069131605,0.06357132738348209,0.046996741748123017,0.0737120460877367
division,I2,ALL,uniform,10321,0.22453681275500875,0.3333333333333334,1.0986122886681098,0.43232244937506054,0.09898911604172717,0.013887543196718699,0.0851015728450086,0.06599274402781816
division,IRL,ALL,uniform,2367,0.23778341078721313,0.3333333333333334,1.0986122886681098,0.43219264892268694,0.09885931558935362,0.09336713138994507,0.005492184199408501,0.0659062103929024
division,JAP,ALL,uniform,4089,0.23652889867123175,0.3333333333333333,1.0986122886681093,0.40670090486671556,0.0733675715333823,0.08584005869405714,0.012472487160675061,0.05722670579603817
division,MEX,ALL,uniform,4080,0.23186274509803922,0.3333333333333333,1.0986122886681096,0.4428921568627451,0.10955882352941182,0.057843137254901866,0.05171568627450973,0.07303921568627447
division,N1,ALL,uniform,7627,0.23874976326792244,0.33333333333333337,1.0986122886681096,0.46938507932345613,0.13605174599012282,0.09916524627420129,0.036886499715921506,0.09070116399341521
division,NOR,ALL,uniform,3092,0.23675794164151218,0.3333333333333334,1.0986122886681096,0.47089262613195343,0.13755929279862017,0.08721431651573947,0.05034497628288048,0.09170619519908003
division,P1,ALL,uniform,6965,0.2356385100103693,0.33333333333333337,1.0986122886681093,0.4511127063890883,0.11777937305575498,0.0804977267288825,0.03728164632687242,0.07851958203716997
division,POL,ALL,uniform,3567,0.23254835996635828,0.3333333333333333,1.0986122886681093,0.4384636949817774,0.10513036164844408,0.06195682646481637,0.043173535183627654,0.07008690776562937
division,ROM,ALL,uniform,3640,0.23148656898656897,0.33333333333333337,1.0986122886681096,0.4271978021978022,0.09386446886446892,0.0555860805860805,0.0382783882783882,0.06257631257631253
division,RUS,ALL,uniform,3008,0.2351137706855792,0.3333333333333334,1.0986122886681096,0.4401595744680851,0.10682624113475175,0.07734929078014185,0.029476950354609954,0.07121749408983452
division,SC0,ALL,uniform,5377,0.23794763705494598,0.3333333333333334,1.0986122886681098,0.43369908871117724,0.10036575537784387,0.09435248899634249,0.006013266381501514,0.06691050358522929
division,SC1,ALL,uniform,4294,0.232210319308596,0.33333333333333337,1.0986122886681098,0.415929203539823,0.08259587020648973,0.05992858251824246,0.022667287688247106,0.0550639134709931
division,SC2,ALL,uniform,4296,0.2396803227808815,0.33333333333333337,1.09861228866811,0.43109869646182497,0.09776536312849171,0.10474860335195524,0.006983240223463749,0.0698324022346369
division,SC3,ALL,uniform,4215,0.24080664294187426,0.3333333333333333,1.0986122886681096,0.43748517200474496,0.1041518386714117,0.11150652431791214,0.007354685646500658,0.07433768287860816
division,SP1,ALL,uniform,9419,0.23580587700982653,0.3333333333333334,1.0986122886681096,0.4718122942987578,0.1384789609654245,0.0815019287256255,0.056977032239799,0.092319307310283
division,SP2,ALL,uniform,10992,0.22780203784570596,0.3333333333333334,1.0986122886681096,0.4465065502183406,0.11317321688500731,0.03347889374090246,0.0796943231441048,0.07544881125667152
division,SUI,ALL,uniform,2273,0.23510289876325954,0.3333333333333334,1.0986122886681096,0.43510778706555214,0.10177445373221883,0.07728405924622378,0.024490394485994993,0.0678496358214792
division,SWE,ALL,uniform,3110,0.23570918185066098,0.3333333333333334,1.0986122886681096,0.4379421221864952,0.10460878885316194,0.08092175777063232,0.023687031082529397,0.06973919256877455
division,T1,ALL,uniform,7791,0.23591323321781543,0.3333333333333333,1.0986122886681096,0.4618149146451033,0.12848158131177012,0.08214606597355911,0.04633551533821062,0.08565438754117995
division,USA,ALL,uniform,5233,0.2358005817780326,0.3333333333333334,1.0986122886681098,0.5010510223581119,0.16771768902477857,0.08147015733486213,0.08624753168991658,0.11181179268318575
season,ARG,2011/12,uniform,44,0.22474747474747483,0.3333333333333334,1.0986122886681096,0.5681818181818182,0.23484848484848486,0.015151515151515194,0.21969696969696972,0.1565656565656566
season,ARG,2012/13,uniform,330,0.2196969696969697,0.3333333333333334,1.0986122886681098,0.4090909090909091,0.0757575757575758,0.015151515151515194,0.09090909090909088,0.06060606060606063
season,ARG,2013/14,uniform,380,0.22865497076023394,0.3333333333333335,1.0986122886681093,0.43157894736842106,0.09824561403508769,0.03859649122807024,0.05964912280701756,0.06549707602339183
season,ARG,2014/15,uniform,427,0.22976841009627896,0.3333333333333334,1.0986122886681096,0.45901639344262296,0.12568306010928965,0.045277127244340354,0.08040593286494924,0.08378870673952642
season,ARG,2015/16,uniform,477,0.22886093640810623,0.33333333333333337,1.0986122886681093,0.4381551362683438,0.10482180293501053,0.0398322851153039,0.06498951781970641,0.06988120195667362
season,ARG,2016/17,uniform,456,0.2328216374269006,0.3333333333333333,1.0986122886681096,0.44298245614035087,0.10964912280701761,0.0635964912280701,0.04605263157894729,0.07309941520467833
season,ARG,2017/18,uniform,370,0.2345345345345346,0.3333333333333334,1.0986122886681096,0.45675675675675675,0.12342342342342338,0.0738738738738739,0.0495495495495496,0.08228228228228229
season,ARG,2018/19,uniform,350,0.2263492063492064,0.33333333333333337,1.0986122886681096,0.43142857142857144,0.09809523809523812,0.024761904761904763,0.0733333333333333,0.0653968253968254
season,ARG,2019/20,uniform,252,0.23015873015873017,0.3333333333333333,1.0986122886681096,0.40476190476190477,0.07142857142857151,0.04761904761904756,0.023809523809523725,0.047619047619047596
season,ARG,2020/21,uniform,327,0.2222222222222223,0.3333333333333334,1.0986122886681096,0.36085626911314983,0.027522935779816515,0.0,0.027522935779816515,0.01834862385321101
season,ARG,2021/22,uniform,585,0.23247863247863249,0.3333333333333334,1.0986122886681098,0.4427350427350427,0.1094017094017094,0.06153846153846154,0.04786324786324786,0.07293447293447293
season,ARG,2022/23,uniform,608,0.2251461988304094,0.3333333333333335,1.0986122886681096,0.43914473684210525,0.10581140350877188,0.01754385964912286,0.08826754385964916,0.07054093567251464
season,ARG,2023/24,uniform,535,0.22326064382139152,0.33333333333333337,1.0986122886681098,0.4224299065420561,0.08909657320872277,0.006230529595015577,0.08286604361370714,0.05939771547248183
season,ARG,2024/25,uniform,189,0.22574955908289243,0.3333333333333335,1.0986122886681093,0.4708994708994709,0.13756613756613745,0.021164021164021274,0.1164021164021165,0.09171075837742508
season,AUT,2011/12,uniform,23,0.24879227053140096,0.33333333333333326,1.0986122886681102,0.4782608695652174,0.1449275362318842,0.15942028985507234,0.014492753623188526,0.10628019323671502
season,AUT,2012/13,uniform,169,0.23833004602235372,0.3333333333333334,1.0986122886681098,0.46153846153846156,0.1282051282051282,0.096646942800789,0.0315581854043393,0.0854700854700855
season,AUT,2013/14,uniform,168,0.23412698412698418,0.3333333333333334,1.0986122886681098,0.40476190476190477,0.07142857142857145,0.0714285714285714,0.0,0.047619047619047616
season,AUT,2014/15,uniform,185,0.23453453453453454,0.3333333333333334,1.0986122886681096,0.43783783783783786,0.10450450450450449,0.0738738738738739,0.03063063063063065,0.06966966966966968
season,AUT,2015/16,uniform,174,0.24233716475095793,0.3333333333333334,1.0986122886681096,0.5229885057471264,0.1896551724137931,0.12068965517241378,0.06896551724137928,0.1264367816091954
season,AUT,2016/17,uniform,182,0.24114774114774118,0.3333333333333334,1.0986122886681096,0.46153846153846156,0.12820512820512825,0.11355311355311354,0.014652014652014655,0.08547008547008549
season,AUT,2017/18,uniform,190,0.23918128654970763,0.3333333333333335,1.0986122886681093,0.4842105263157895,0.15087719298245605,0.10175438596491237,0.04912280701754396,0.10058479532163746
season,AUT,2018/19,uniform,195,0.24444444444444444,0.3333333333333335,1.0986122886681096,0.38974358974358975,0.05641025641025643,0.1333333333333333,0.07692307692307693,0.08888888888888889
season,AUT,2019/20,uniform,183,0.23861566484517308,0.3333333333333334,1.0986122886681096,0.37158469945355194,0.03825136612021862,0.09836065573770489,0.06010928961748635,0.06557377049180328
season,AUT,2020/21,uniform,193,0.23546344271732872,0.33333333333333337,1.0986122886681096,0.37823834196891193,0.04490500863557856,0.07944732297063906,0.03454231433506039,0.052964881980426
season,AUT,2021/22,uniform,205,0.22655826558265582,0.3333333333333334,1.0986122886681096,0.37073170731707317,0.0373983739837398,0.026016260162601668,0.01138211382113824,0.024932249322493234
season,AUT,2022/23,uniform,194,0.23310423825887747,0.3333333333333334,1.0986122886681096,0.4020618556701031,0.06872852233676974,0.06529209621993132,0.0034364261168385313,0.045819014891179864
season,AUT,2023/24,uniform,186,0.23387096774193547,0.3333333333333334,1.0986122886681096,0.3870967741935484,0.053763440860215006,0.06989247311827962,0.016129032258064502,0.04659498207885304
season,AUT,2024/25,uniform,59,0.2212806026365349,0.33333333333333337,1.0986122886681098,0.3898305084745763,0.05649717514124303,0.005649717514124353,0.06214689265536716,0.041431261770244844
season,B1,2000/01,uniform,306,0.238562091503268,0.3333333333333334,1.0986122886681096,0.49673202614379086,0.16339869281045755,0.0980392156862745,0.065359477124183,0.10893246187363835
season,B1,2001/02,uniform,306,0.23474945533769065,0.3333333333333334,1.0986122886681096,0.4542483660130719,0.12091503267973858,0.07516339869281041,0.04575163398692811,0.08061002178649236
season,B1,2002/03,uniform,111,0.2417417417417418,0.33333333333333354,1.0986122886681093,0.5225225225225225,0.18918918918918903,0.11711711711711725,0.07207207207207222,0.12612612612612617
season,B1,2003/04,uniform,306,0.2276688453159042,0.3333333333333334,1.0986122886681096,0.43137254901960786,0.09803921568627455,0.0326797385620915,0.065359477124183,0.06535947712418301
season,B1,2004/05,uniform,162,0.24897119341563792,0.3333333333333334,1.0986122886681096,0.5555555555555556,0.22222222222222227,0.16049382716049382,0.06172839506172839,0.14814814814814817
season,B1,2005/06,uniform,306,0.2342047930283225,0.3333333333333334,1.0986122886681096,0.477124183006536,0.14379084967320266,0.07189542483660127,0.07189542483660127,0.09586056644880174
season,B1,2006/07,uniform,306,0.23257080610021794,0.3333333333333334,1.0986122886681096,0.5,0.16666666666666669,0.06209150326797386,0.1045751633986928,0.11111111111111112
season,B1,2007/08,uniform,306,0.23420479302832245,0.3333333333333334,1.0986122886681096,0.46405228758169936,0.13071895424836605,0.07189542483660127,0.05882352941176466,0.08714596949891067
season,B1,2008/09,uniform,306,0.24128540305010895,0.3333333333333334,1.0986122886681096,0.4869281045751634,0.15359477124183007,0.11437908496732024,0.039215686274509776,0.10239651416122003
season,B1,2009/10,uniform,210,0.2373015873015873,0.3333333333333334,1.0986122886681096,0.46190476190476193,0.12857142857142861,0.09047619047619046,0.03809523809523807,0.0857142857142857
season,B1,2010/11,uniform,240,0.2347222222222222,0.3333333333333333,1.0986122886681096,0.48333333333333334,0.15000000000000008,0.0749999999999999,0.0749999999999999,0.09999999999999996
season,B1,2011/12,uniform,240,0.2326388888888889,0.3333333333333333,1.0986122886681096,0.49583333333333335,0.1625000000000001,0.062499999999999944,0.09999999999999992,0.10833333333333332
season,B1,2012/13,uniform,240,0.23680555555555557,0.3333333333333333,1.0986122886681096,0.425,0.09166666666666673,0.08749999999999994,0.004166666666666596,0.06111111111111109
season,B1,2013/14,uniform,240,0.23819444444444443,0.3333333333333333,1.0986122886681096,0.48333333333333334,0.15000000000000008,0.09583333333333327,0.054166666666666585,0.09999999999999998
season,B1,2014/15,uniform,240,0.23611111111111113,0.3333333333333333,1.0986122886681096,0.44166666666666665,0.10833333333333339,0.08333333333333326,0.02499999999999991,0.07222222222222219
season,B1,2015/16,uniform,240,0.23680555555555557,0.3333333333333333,1.0986122886681096,0.4791666666666667,0.14583333333333343,0.08749999999999994,0.05833333333333324,0.09722222222222221
season,B1,2016/17,uniform,240,0.23611111111111113,0.3333333333333333,1.0986122886681096,0.49583333333333335,0.1625000000000001,0.08333333333333326,0.07916666666666661,0.10833333333333332
season,B1,2017/18,uniform,240,0.23194444444444443,0.3333333333333333,1.0986122886681096,0.425,0.09166666666666673,0.05833333333333324,0.03333333333333327,0.06111111111111108
season,B1,2018/19,uniform,240,0.23680555555555555,0.3333333333333333,1.0986122886681096,0.45416666666666666,0.1208333333333334,0.08749999999999994,0.03333333333333327,0.08055555555555553
season,B1,2019/20,uniform,232,0.241139846743295,0.33333333333333337,1.0986122886681096,0.4827586206896552,0.14942528735632193,0.11350574712643671,0.03591954022988497,0.09961685823754789
season,B1,2020/21,uniform,306,0.23965141612200438,0.3333333333333334,1.0986122886681096,0.4019607843137255,0.06862745098039219,0.1045751633986928,0.03594771241830069,0.06971677559912856
season,B1,2021/22,uniform,306,0.24074074074074076,0.3333333333333334,1.0986122886681096,0.41830065359477125,0.08496732026143794,0.1111111111111111,0.02614379084967322,0.07407407407407408
season,B1,2022/23,uniform,306,0.2407407407407408,0.3333333333333334,1.0986122886681096,0.4411764705882353,0.10784313725490197,0.1111111111111111,0.0032679738562091942,0.07407407407407408
season,B1,2023/24,uniform,312,0.23450854700854704,0.3333333333333334,1.0986122886681096,0.44551282051282054,0.11217948717948723,0.07371794871794868,0.038461538461538436,0.07478632478632478
season,B1,2024/25,uniform,312,0.22970085470085477,0.3333333333333334,1.0986122886681096,0.4391025641025641,0.10576923076923078,0.04487179487179488,0.0608974358974359,0.07051282051282053
season,B1,2025/26,uniform,311,0.23544122901036085,0.33333333333333337,1.0986122886681096,0.40514469453376206,0.07181136120042875,0.07931404072883169,0.007502679528403,0.05287602715255448
season,B1,2026/27,uniform,36,0.2407407407407408,0.3333333333333334,1.0986122886681096,0.5,0.16666666666666663,0.11111111111111116,0.05555555555555558,0.11111111111111112
season,BRA,2011/12,uniform,108,0.23611111111111113,0.3333333333333335,1.0986122886681093,0.5,0.16666666666666657,0.08333333333333343,0.08333333333333343,0.11111111111111115
season,BRA,2012/13,uniform,382,0.23109365910413032,0.3333333333333334,1.0986122886681093,0.4895287958115183,0.15619546247818494,0.05322862129144856,0.10296684118673652,0.10413030831879
season,BRA,2013/14,uniform,384,0.22960069444444445,0.3333333333333334,1.0986122886681096,0.4661458333333333,0.1328125,0.044270833333333315,0.08854166666666666,0.08854166666666667
season,BRA,2014/15,uniform,412,0.23853829557713055,0.3333333333333334,1.0986122886681096,0.529126213592233,0.19579288025889968,0.09789644012944981,0.09789644012944981,0.13052858683926644
season,BRA,2015/16,uniform,391,0.23898834896277354,0.3333333333333334,1.0986122886681096,0.5473145780051151,0.2139812446717817,0.10059676044330779,0.11338448422847403,0.14265416311452117
season,BRA,2016/17,uniform,362,0.2358809085328423,0.3333333333333335,1.0986122886681096,0.505524861878453,0.17219152854511965,0.08195211786372009,0.09023941068139968,0.11479435236341314
season,BRA,2017/18,uniform,395,0.22883263009845292,0.33333333333333337,1.0986122886681096,0.4481012658227848,0.11476793248945144,0.03966244725738399,0.07510548523206756,0.07651195499296766
season,BRA,2018/19,uniform,355,0.2359937402190924,0.3333333333333334,1.0986122886681096,0.5549295774647888,0.2215962441314554,0.0826291079812207,0.1389671361502348,0.1477308294209703
season,BRA,2019/20,uniform,297,0.2267115600448934,0.3333333333333334,1.0986122886681096,0.4208754208754209,0.08754208754208759,0.026936026936026924,0.06060606060606061,0.05836139169472504
season,BRA,2020/21,uniform,447,0.232662192393736,0.33333333333333337,1.0986122886681096,0.46756152125279643,0.13422818791946312,0.06263982102908278,0.07158836689038028,0.0894854586129754
season,BRA,2021/22,uniform,425,0.22640522875816996,0.33333333333333337,1.0986122886681096,0.4376470588235294,0.10431372549019607,0.025098039215686263,0.07921568627450981,0.06954248366013072
season,BRA,2022/23,uniform,374,0.23767082590612004,0.3333333333333335,1.0986122886681096,0.4893048128342246,0.15597147950089124,0.09269162210338686,0.06327985739750447,0.10398098633392754
season,BRA,2023/24,uniform,381,0.23053368328958881,0.3333333333333334,1.0986122886681096,0.44881889763779526,0.11548556430446183,0.04986876640419957,0.06561679790026254,0.07699037620297465
season,BRA,2024/25,uniform,136,0.23856209150326801,0.3333333333333334,1.0986122886681098,0.5220588235294118,0.18872549019607848,0.0980392156862745,0.0906862745098039,0.12581699346405228
season,CHN,2013/14,uniform,113,0.22320550639134712,0.33333333333333337,1.0986122886681096,0.4247787610619469,0.09144542772861358,0.005899705014749235,0.08554572271386429,0.06096361848574237
season,CHN,2014/15,uniform,240,0.23194444444444445,0.3333333333333333,1.0986122886681096,0.4083333333333333,0.07500000000000007,0.05833333333333324,0.016666666666666607,0.04999999999999997
season,CHN,2015/16,uniform,225,0.2303703703703704,0.3333333333333333,1.0986122886681096,0.4488888888888889,0.11555555555555558,0.04888888888888887,0.06666666666666665,0.07703703703703703
season,CHN,2016/17,uniform,257,0.23627323821876353,0.3333333333333334,1.0986122886681098,0.47470817120622566,0.14137483787289234,0.08430609597924771,0.05706874189364458,0.09424989191526155
season,CHN,2017/18,uniform,230,0.2379227053140097,0.3333333333333334,1.0986122886681096,0.49130434782608695,0.15797101449275358,0.09420289855072467,0.06376811594202902,0.10531400966183575
season,CHN,2018/19,uniform,256,0.2406684027777778,0.3333333333333333,1.0986122886681096,0.49609375,0.16276041666666674,0.11067708333333326,0.05208333333333326,0.10850694444444442
season,CHN,2019/20,uniform,150,0.2377777777777779,0.33333333333333337,1.0986122886681096,0.4866666666666667,0.15333333333333343,0.09333333333333327,0.05999999999999994,0.10222222222222221
season,CHN,2020/21,uniform,177,0.22975517890772132,0.3333333333333334,1.0986122886681096,0.3898305084745763,0.05649717514124297,0.04519774011299432,0.011299435028248594,0.037664783427495296
season,CHN,2021/22,uniform,228,0.23464912280701755,0.33333333333333337,1.0986122886681096,0.4298245614035088,0.09649122807017546,0.07456140350877188,0.021929824561403466,0.06432748538011694
season,CHN,2022/23,uniform,324,0.24125514403292184,0.3333333333333334,1.0986122886681096,0.44135802469135804,0.10802469135802473,0.11419753086419751,0.006172839506172867,0.07613168724279837
season,CHN,2023/24,uniform,252,0.2354497354497355,0.3333333333333333,1.0986122886681096,0.43253968253968256,0.0992063492063493,0.0793650793650793,0.01984126984126977,0.06613756613756612
season,CHN,2024/25,uniform,92,0.24516908212560393,0.33333333333333337,1.0986122886681096,0.532608695652174,0.19927536231884063,0.13768115942028983,0.06159420289855072,0.13285024154589373
season,D1,2000/01,uniform,306,0.24019607843137258,0.3333333333333334,1.0986122886681096,0.5228758169934641,0.18954248366013077,0.10784313725490194,0.08169934640522875,0.12636165577342048
season,D1,2001/02,uniform,306,0.2407407407407408,0.3333333333333334,1.0986122886681096,0.5228758169934641,0.18954248366013077,0.1111111111111111,0.0784313725490196,0.12636165577342048
season,D1,2002/03,uniform,290,0.23467432950191577,0.3333333333333334,1.0986122886681098,0.46551724137931033,0.13218390804597702,0.07471264367816088,0.05747126436781608,0.08812260536398465
season,D1,2003/04,uniform,194,0.23997709049255442,0.3333333333333334,1.0986122886681096,0.4948453608247423,0.16151202749140892,0.10652920962199317,0.054982817869415834,0.10767468499427264
season,D1,2004/05,uniform,306,0.24237472766884538,0.3333333333333334,1.0986122886681096,0.4869281045751634,0.15359477124183007,0.12091503267973855,0.0326797385620915,0.10239651416122005
season,D1,2005/06,uniform,306,0.22549019607843138,0.3333333333333334,1.0986122886681096,0.42810457516339867,0.09477124183006536,0.019607843137254888,0.07516339869281041,0.06318082788671021
season,D1,2006/07,uniform,306,0.23474945533769065,0.3333333333333334,1.0986122886681096,0.43790849673202614,0.10457516339869283,0.07516339869281041,0.02941176470588236,0.06971677559912853
season,D1,2007/08,uniform,306,0.23529411764705888,0.3333333333333334,1.0986122886681096,0.4673202614379085,0.1339869281045752,0.0784313725490196,0.055555555555555525,0.08932461873638343
season,D1,2008/09,uniform,306,0.23747276688453162,0.3333333333333334,1.0986122886681096,0.4803921568627451,0.1470588235294118,0.09150326797385619,0.055555555555555525,0.0980392156862745
season,D1,2009/10,uniform,306,0.23093681917211334,0.3333333333333334,1.0986122886681096,0.4084967320261438,0.07516339869281047,0.052287581699346386,0.022875816993464027,0.050108932461873625
season,D1,2010/11,uniform,306,0.24346405228758175,0.3333333333333334,1.0986122886681096,0.46078431372549017,0.12745098039215685,0.12745098039215685,0.0,0.0849673202614379
season,D1,2011/12,uniform,306,0.23474945533769065,0.3333333333333334,1.0986122886681096,0.4542483660130719,0.12091503267973858,0.07516339869281041,0.04575163398692811,0.08061002178649236
season,D1,2012/13,uniform,306,0.23529411764705882,0.3333333333333334,1.0986122886681096,0.42483660130718953,0.09150326797385622,0.0784313725490196,0.01307189542483661,0.06100217864923748
season,D1,2013/14,uniform,306,0.24291938997821355,0.3333333333333334,1.0986122886681096,0.4738562091503268,0.14052287581699346,0.12418300653594769,0.01633986928104575,0.09368191721132896
season,D1,2014/15,uniform,306,0.23311546840958608,0.3333333333333334,1.0986122886681096,0.4738562091503268,0.14052287581699346,0.065359477124183,0.07516339869281041,0.09368191721132896
season,D1,2015/16,uniform,306,0.23910675381263624,0.3333333333333334,1.0986122886681096,0.4411764705882353,0.10784313725490197,0.10130718954248363,0.006535947712418277,0.07189542483660129
season,D1,2016/17,uniform,306,0.23747276688453164,0.3333333333333334,1.0986122886681096,0.49019607843137253,0.1568627450980392,0.09150326797385619,0.065359477124183,0.10457516339869281
season,D1,2017/18,uniform,306,0.23257080610021794,0.3333333333333334,1.0986122886681096,0.4542483660130719,0.12091503267973858,0.06209150326797386,0.05882352941176466,0.08061002178649236
season,D1,2018/19,uniform,306,0.23801742919389982,0.3333333333333334,1.0986122886681096,0.45098039215686275,0.11764705882352944,0.09477124183006533,0.022875816993464027,0.07843137254901959
season,D1,2019/20,uniform,306,0.2407407407407408,0.3333333333333334,1.0986122886681096,0.4019607843137255,0.06862745098039219,0.1111111111111111,0.04248366013071897,0.07407407407407408
season,D1,2020/21,uniform,306,0.2336601307189543,0.3333333333333334,1.0986122886681096,0.4215686274509804,0.08823529411764708,0.06862745098039214,0.019607843137254888,0.0588235294117647
season,D1,2021/22,uniform,306,0.23801742919389982,0.3333333333333334,1.0986122886681096,0.4673202614379085,0.1339869281045752,0.09477124183006533,0.039215686274509776,0.08932461873638342
season,D1,2022/23,uniform,306,0.23692810457516345,0.3333333333333334,1.0986122886681096,0.4738562091503268,0.14052287581699346,0.08823529411764705,0.052287581699346386,0.09368191721132897
season,D1,2023/24,uniform,306,0.23366013071895425,0.3333333333333334,1.0986122886681096,0.43790849673202614,0.10457516339869283,0.06862745098039214,0.03594771241830064,0.06971677559912853
season,D1,2024/25,uniform,306,0.23529411764705882,0.3333333333333334,1.0986122886681096,0.38562091503267976,0.05228758169934644,0.0784313725490196,0.02614379084967322,0.05228758169934642
season,D1,2025/26,uniform,306,0.2369281045751634,0.3333333333333334,1.0986122886681096,0.43790849673202614,0.10457516339869283,0.08823529411764705,0.01633986928104575,0.06971677559912855
season,D1,2026/27,uniform,9,0.24074074074074078,0.33333333333333337,1.0986122886681098,0.7777777777777778,0.4444444444444445,0.1111111111111111,0.3333333333333333,0.2962962962962963
season,D2,2000/01,uniform,306,0.23583877995642707,0.3333333333333334,1.0986122886681096,0.5032679738562091,0.16993464052287582,0.08169934640522875,0.08823529411764705,0.11328976034858389
season,D2,2001/02,uniform,306,0.23856209150326801,0.3333333333333334,1.0986122886681096,0.4869281045751634,0.15359477124183007,0.0980392156862745,0.055555555555555525,0.10239651416122003
season,D2,2002/03,uniform,143,0.2346542346542347,0.33333333333333337,1.0986122886681098,0.44755244755244755,0.11421911421911429,0.07459207459207451,0.03962703962703956,0.07614607614607612
season,D2,2003/04,uniform,15,0.2444444444444444,0.3333333333333333,1.0986122886681096,0.26666666666666666,0.0666666666666666,0.13333333333333325,0.20000000000000007,0.1333333333333333
season,D2,2004/05,uniform,271,0.23718737187371883,0.33333333333333337,1.0986122886681096,0.5350553505535055,0.20172201722017225,0.08979089790897901,0.11193111931119304,0.1344813448134481
season,D2,2005/06,uniform,306,0.24128540305010895,0.3333333333333334,1.0986122886681096,0.48366013071895425,0.15032679738562094,0.11437908496732024,0.03594771241830064,0.10021786492374728
season,D2,2006/07,uniform,306,0.2309368191721133,0.3333333333333334,1.0986122886681096,0.4411764705882353,0.10784313725490197,0.052287581699346386,0.055555555555555525,0.07189542483660129
season,D2,2007/08,uniform,306,0.22603485838779963,0.3333333333333334,1.0986122886681096,0.46078431372549017,0.12745098039215685,0.022875816993464027,0.1045751633986928,0.0849673202614379
season,D2,2008/09,uniform,306,0.23039215686274514,0.3333333333333334,1.0986122886681096,0.4803921568627451,0.1470588235294118,0.04901960784313725,0.0980392156862745,0.09803921568627451
season,D2,2009/10,uniform,306,0.23856209150326801,0.3333333333333334,1.0986122886681096,0.4738562091503268,0.14052287581699346,0.0980392156862745,0.042483660130718914,0.09368191721132896
season,D2,2010/11,uniform,306,0.24019607843137256,0.3333333333333334,1.0986122886681096,0.49019607843137253,0.1568627450980392,0.10784313725490194,0.04901960784313725,0.10457516339869279
season,D2,2011/12,uniform,306,0.22821350762527237,0.3333333333333334,1.0986122886681096,0.45751633986928103,0.12418300653594772,0.03594771241830064,0.08823529411764705,0.08278867102396513
season,D2,2012/13,uniform,306,0.22875816993464052,0.3333333333333334,1.0986122886681096,0.4215686274509804,0.08823529411764708,0.039215686274509776,0.04901960784313725,0.0588235294117647
season,D2,2013/14,uniform,306,0.22984749455337694,0.3333333333333334,1.0986122886681096,0.4117647058823529,0.0784313725490196,0.04575163398692811,0.0326797385620915,0.05228758169934641
season,D2,2014/15,uniform,306,0.2249455337690632,0.3333333333333334,1.0986122886681096,0.4150326797385621,0.0816993464052288,0.01633986928104575,0.065359477124183,0.05446623093681918
season,D2,2015/16,uniform,306,0.2309368191721133,0.3333333333333334,1.0986122886681096,0.4150326797385621,0.0816993464052288,0.052287581699346386,0.02941176470588236,0.05446623093681918
season,D2,2016/17,uniform,306,0.22984749455337694,0.3333333333333334,1.0986122886681096,0.4477124183006536,0.1143790849673203,0.04575163398692811,0.06862745098039214,0.07625272331154685
season,D2,2017/18,uniform,306,0.22930283224400874,0.3333333333333334,1.0986122886681096,0.4150326797385621,0.0816993464052288,0.042483660130718914,0.039215686274509776,0.05446623093681916
season,D2,2018/19,uniform,306,0.22984749455337694,0.3333333333333334,1.0986122886681096,0.41830065359477125,0.08496732026143794,0.04575163398692811,0.039215686274509776,0.056644880174291944
season,D2,2019/20,uniform,306,0.22440087145969506,0.3333333333333334,1.0986122886681096,0.41830065359477125,0.08496732026143794,0.01307189542483661,0.07189542483660127,0.056644880174291944
season,D2,2020/21,uniform,306,0.23856209150326801,0.3333333333333334,1.0986122886681096,0.45098039215686275,0.11764705882352944,0.0980392156862745,0.019607843137254888,0.0784313725490196
season,D2,2021/22,uniform,306,0.2309368191721133,0.3333333333333334,1.0986122886681096,0.3888888888888889,0.05555555555555558,0.052287581699346386,0.0032679738562091387,0.037037037037037035
season,D2,2022/23,uniform,306,0.23801742919389982,0.3333333333333334,1.0986122886681096,0.46405228758169936,0.13071895424836605,0.09477124183006533,0.03594771241830064,0.08714596949891067
season,D2,2023/24,uniform,306,0.23910675381263619,0.3333333333333334,1.0986122886681096,0.45751633986928103,0.12418300653594772,0.10130718954248363,0.022875816993464027,0.08278867102396513
season,D2,2024/25,uniform,306,0.23093681917211334,0.3333333333333334,1.0986122886681096,0.40522875816993464,0.07189542483660133,0.052287581699346386,0.019607843137254888,0.04793028322440087
season,D2,2025/26,uniform,306,0.23747276688453162,0.3333333333333334,1.0986122886681096,0.46078431372549017,0.12745098039215685,0.09150326797385619,0.03594771241830064,0.0849673202614379
season,D2,2026/27,uniform,27,0.2469135802469136,0.3333333333333334,1.0986122886681098,0.37037037037037035,0.037037037037036924,0.14814814814814825,0.111111111111111,0.09876543209876538
season,DEN,2011/12,uniform,25,0.2511111111111111,0.33333333333333337,1.0986122886681098,0.32,0.013333333333333364,0.17333333333333337,0.18666666666666665,0.12444444444444447
season,DEN,2012/13,uniform,183,0.23315118397085613,0.3333333333333334,1.0986122886681096,0.43169398907103823,0.09836065573770492,0.06557377049180324,0.03278688524590162,0.06557377049180325
season,DEN,2013/14,uniform,188,0.22547281323877072,0.3333333333333335,1.0986122886681096,0.4095744680851064,0.07624113475177302,0.019503546099290836,0.056737588652482296,0.05082742316784872
season,DEN,2014/15,uniform,195,0.23675213675213677,0.3333333333333335,1.0986122886681096,0.4256410256410256,0.09230769230769231,0.08717948717948715,0.00512820512820511,0.06153846153846152
season,DEN,2015/16,uniform,206,0.2429881337648328,0.3333333333333334,1.0986122886681096,0.4563106796116505,0.12297734627831708,0.12459546925566353,0.0016181229773462036,0.08306364617044228
season,DEN,2016/17,uniform,251,0.23063302346170877,0.33333333333333337,1.0986122886681096,0.41832669322709165,0.08499335989375834,0.050464807436918946,0.03452855245683928,0.05666223992917219
season,DEN,2017/18,uniform,261,0.2343550446998723,0.3333333333333333,1.0986122886681098,0.4559386973180077,0.12260536398467442,0.07279693486590033,0.04980842911877387,0.08173690932311621
season,DEN,2018/19,uniform,251,0.2386011509517486,0.33333333333333337,1.0986122886681096,0.4581673306772908,0.1248339973439575,0.098273572377158,0.026560424966799445,0.08322266489597165
season,DEN,2019/20,uniform,211,0.23749341758820433,0.33333333333333337,1.0986122886681096,0.44549763033175355,0.11216429699842018,0.09162717219589261,0.020537124802527673,0.07477619799894682
season,DEN,2020/21,uniform,208,0.23050213675213674,0.33333333333333337,1.0986122886681096,0.46153846153846156,0.12820512820512825,0.04967948717948717,0.07852564102564102,0.08547008547008549
season,DEN,2021/22,uniform,204,0.23692810457516342,0.3333333333333335,1.0986122886681096,0.39705882352941174,0.06372549019607843,0.08823529411764705,0.02450980392156865,0.05882352941176471
season,DEN,2022/23,uniform,202,0.22332233223322334,0.33333333333333337,1.0986122886681096,0.3910891089108911,0.05775577557755773,0.006600660066006625,0.05115511551155122,0.03850385038503853
season,DEN,2023/24,uniform,181,0.23449969306322896,0.33333333333333337,1.0986122886681096,0.4088397790055249,0.07550644567219156,0.0736648250460405,0.0018416206261510082,0.05033763044812769
season,DEN,2024/25,uniform,68,0.2361111111111112,0.33333333333333337,1.0986122886681096,0.39705882352941174,0.06372549019607848,0.08333333333333326,0.019607843137255,0.05555555555555558
season,E0,2000/01,uniform,380,0.2334795321637427,0.3333333333333335,1.0986122886681093,0.4842105263157895,0.1508771929824561,0.06754385964912285,0.08333333333333337,0.10058479532163744
season,E0,2001/02,uniform,380,0.2334795321637427,0.3333333333333335,1.0986122886681093,0.4342105263157895,0.10087719298245612,0.06754385964912285,0.03333333333333338,0.06725146198830412
season,E0,2002/03,uniform,380,0.23830409356725146,0.3333333333333335,1.0986122886681093,0.4921052631578947,0.15877192982456134,0.09649122807017549,0.06228070175438599,0.10584795321637429
season,E0,2003/04,uniform,335,0.2315091210613599,0.33333333333333337,1.0986122886681096,0.44776119402985076,0.11442786069651745,0.05572139303482587,0.05870646766169152,0.07628524046434494
season,E0,2004/05,uniform,335,0.23001658374792708,0.33333333333333337,1.0986122886681096,0.44776119402985076,0.11442786069651745,0.04676616915422882,0.06766169154228852,0.07628524046434493
season,E0,2005/06,uniform,380,0.2440058479532164,0.3333333333333335,1.0986122886681093,0.5052631578947369,0.1719298245614035,0.13070175438596496,0.041228070175438614,0.11461988304093569
season,E0,2006/07,uniform,380,0.23479532163742692,0.3333333333333335,1.0986122886681093,0.4789473684210526,0.14561403508771925,0.07543859649122808,0.07017543859649128,0.09707602339181287
season,E0,2007/08,uniform,380,0.2339181286549708,0.3333333333333335,1.0986122886681093,0.4631578947368421,0.12982456140350873,0.07017543859649128,0.05964912280701756,0.0865497076023392
season,E0,2008/09,uniform,380,0.235233918128655,0.3333333333333335,1.0986122886681093,0.45526315789473687,0.1219298245614035,0.07807017543859651,0.04385964912280704,0.08128654970760235
season,E0,2009/10,uniform,380,0.2356725146198831,0.3333333333333335,1.0986122886681093,0.5078947368421053,0.17456140350877192,0.08070175438596494,0.09385964912280706,0.11637426900584798
season,E0,2010/11,uniform,380,0.22909356725146204,0.3333333333333335,1.0986122886681093,0.4710526315789474,0.13771929824561402,0.041228070175438614,0.09649122807017549,0.09181286549707605
season,E0,2011/12,uniform,380,0.2369883040935673,0.3333333333333335,1.0986122886681093,0.45,0.11666666666666664,0.0885964912280702,0.028070175438596523,0.07777777777777779
season,E0,2012/13,uniform,380,0.23040935672514623,0.3333333333333335,1.0986122886681093,0.4368421052631579,0.10350877192982455,0.0491228070175439,0.05438596491228076,0.0690058479532164
season,E0,2013/14,uniform,380,0.24356725146198835,0.3333333333333335,1.0986122886681093,0.4710526315789474,0.13771929824561402,0.12807017543859653,0.009649122807017574,0.09181286549707605
season,E0,2014/15,uniform,380,0.2369883040935673,0.3333333333333335,1.0986122886681093,0.45263157894736844,0.11929824561403507,0.0885964912280702,0.030701754385964952,0.07953216374269008
season,E0,2015/16,uniform,380,0.23084795321637427,0.3333333333333335,1.0986122886681093,0.4131578947368421,0.07982456140350874,0.05175438596491233,0.028070175438596523,0.05321637426900586
season,E0,2016/17,uniform,380,0.24093567251461992,0.3333333333333335,1.0986122886681093,0.4921052631578947,0.15877192982456134,0.11228070175438601,0.04649122807017547,0.10584795321637426
season,E0,2017/18,uniform,380,0.23435672514619887,0.3333333333333335,1.0986122886681093,0.45526315789473687,0.1219298245614035,0.07280701754385971,0.0491228070175439,0.08128654970760237
season,E0,2018/19,uniform,380,0.24663742690058482,0.3333333333333335,1.0986122886681093,0.4763157894736842,0.14298245614035082,0.14649122807017548,0.003508771929824517,0.09766081871345028
season,E0,2019/20,uniform,314,0.23637650389242748,0.3333333333333334,1.0986122886681096,0.4426751592356688,0.10934182590233543,0.08492569002123146,0.024416135881104084,0.07289455060155699
season,E0,2020/21,uniform,446,0.24152964623816645,0.33333333333333337,1.0986122886681096,0.3968609865470852,0.06352765321375181,0.11584454409566522,0.05231689088191327,0.07722969606377676
season,E0,2021/22,uniform,380,0.2391812865497076,0.3333333333333335,1.0986122886681093,0.42894736842105263,0.09561403508771926,0.10175438596491232,0.006140350877192946,0.06783625730994151
season,E0,2022/23,uniform,380,0.2396198830409357,0.3333333333333335,1.0986122886681093,0.4842105263157895,0.1508771929824561,0.10438596491228075,0.04649122807017547,0.10058479532163744
season,E0,2023/24,uniform,380,0.241812865497076,0.3333333333333335,1.0986122886681093,0.4605263157894737,0.1271929824561403,0.11754385964912284,0.009649122807017574,0.08479532163742691
season,E0,2024/25,uniform,380,0.23698830409356725,0.3333333333333335,1.0986122886681093,0.40789473684210525,0.07456140350877188,0.0885964912280702,0.014035087719298234,0.059064327485380104
season,E0,2025/26,uniform,380,0.2321637426900585,0.3333333333333335,1.0986122886681093,0.4263157894736842,0.09298245614035083,0.05964912280701756,0.03333333333333338,0.06198830409356726
season,E0,2026/27,uniform,20,0.24444444444444446,0.3333333333333333,1.09861228866811,0.5,0.16666666666666674,0.13333333333333325,0.03333333333333327,0.11111111111111109
season,E1,2000/01,uniform,552,0.23309178743961356,0.3333333333333334,1.0986122886681098,0.447463768115942,0.1141304347826087,0.06521739130434778,0.048913043478260865,0.07608695652173912
season,E1,2001/02,uniform,552,0.23550724637681159,0.3333333333333334,1.0986122886681098,0.4692028985507246,0.1358695652173913,0.0797101449275362,0.056159420289855044,0.09057971014492751
season,E1,2002/03,uniform,520,0.23386752136752137,0.3333333333333333,1.0986122886681096,0.45,0.1166666666666667,0.06987179487179485,0.046794871794871795,0.07777777777777778
season,E1,2003/04,uniform,552,0.23399758454106284,0.3333333333333334,1.0986122886681098,0.447463768115942,0.1141304347826087,0.07065217391304346,0.04347826086956519,0.07608695652173912
season,E1,2004/05,uniform,392,0.22845804988662133,0.33333333333333337,1.0986122886681096,0.42857142857142855,0.09523809523809523,0.037414965986394544,0.05782312925170069,0.06349206349206349
season,E1,2005/06,uniform,552,0.2255434782608696,0.3333333333333334,1.0986122886681098,0.42391304347826086,0.09057971014492755,0.019927536231884035,0.07065217391304346,0.06038647342995168
season,E1,2006/07,uniform,552,0.24064009661835756,0.3333333333333334,1.0986122886681098,0.48188405797101447,0.14855072463768115,0.11050724637681159,0.03804347826086957,0.09903381642512077
season,E1,2007/08,uniform,552,0.22614734299516911,0.3333333333333334,1.0986122886681098,0.42391304347826086,0.09057971014492755,0.023550724637681153,0.06702898550724634,0.06038647342995168
season,E1,2008/09,uniform,552,0.22886473429951698,0.3333333333333334,1.0986122886681098,0.4329710144927536,0.09963768115942029,0.03985507246376807,0.05978260869565216,0.06642512077294684
season,E1,2009/10,uniform,552,0.22886473429951698,0.3333333333333334,1.0986122886681098,0.4528985507246377,0.11956521739130438,0.03985507246376807,0.0797101449275362,0.07971014492753621
season,E1,2010/11,uniform,552,0.23309178743961356,0.3333333333333334,1.0986122886681098,0.44565217391304346,0.11231884057971014,0.06521739130434778,0.047101449275362306,0.07487922705314008
season,E1,2011/12,uniform,552,0.23278985507246377,0.3333333333333334,1.0986122886681098,0.427536231884058,0.09420289855072467,0.06340579710144928,0.030797101449275333,0.06280193236714976
season,E1,2012/13,uniform,552,0.23399758454106284,0.3333333333333334,1.0986122886681098,0.44565217391304346,0.11231884057971014,0.07065217391304346,0.04166666666666663,0.07487922705314008
season,E1,2013/14,uniform,552,0.23067632850241548,0.3333333333333334,1.0986122886681098,0.41304347826086957,0.07971014492753625,0.050724637681159424,0.028985507246376774,0.05314009661835748
season,E1,2014/15,uniform,552,0.230072463768116,0.3333333333333334,1.0986122886681098,0.41304347826086957,0.07971014492753625,0.047101449275362306,0.03260869565217389,0.05314009661835748
season,E1,2015/16,uniform,552,0.22584541062801936,0.3333333333333334,1.0986122886681098,0.411231884057971,0.0778985507246377,0.021739130434782594,0.056159420289855044,0.05193236714975844
season,E1,2016/17,uniform,552,0.2385265700483092,0.3333333333333334,1.0986122886681098,0.4746376811594203,0.14130434782608697,0.09782608695652173,0.04347826086956519,0.09420289855072463
season,E1,2017/18,uniform,552,0.23309178743961356,0.3333333333333334,1.0986122886681098,0.4311594202898551,0.09782608695652178,0.06521739130434778,0.03260869565217389,0.06521739130434782
season,E1,2018/19,uniform,552,0.22886473429951695,0.3333333333333334,1.0986122886681098,0.43478260869565216,0.10144927536231885,0.03985507246376807,0.06159420289855072,0.06763285024154587
season,E1,2019/20,uniform,475,0.2314619883040936,0.33333333333333337,1.0986122886681096,0.4189473684210526,0.08561403508771931,0.055438596491228065,0.03017543859649119,0.057076023391812857
season,E1,2020/21,uniform,629,0.2364423246776188,0.3333333333333335,1.0986122886681096,0.41017488076311603,0.07684154742978266,0.08532061473237948,0.008479067302596677,0.05688040982158627
season,E1,2021/22,uniform,552,0.2358091787439614,0.3333333333333334,1.0986122886681098,0.44565217391304346,0.11231884057971014,0.08152173913043476,0.030797101449275333,0.07487922705314008
season,E1,2022/23,uniform,552,0.23278985507246377,0.3333333333333334,1.0986122886681098,0.411231884057971,0.0778985507246377,0.06340579710144928,0.014492753623188415,0.05193236714975846
season,E1,2023/24,uniform,552,0.23882850241545894,0.3333333333333334,1.0986122886681098,0.44565217391304346,0.11231884057971014,0.09963768115942026,0.012681159420289856,0.07487922705314008
season,E1,2024/25,uniform,550,0.23050505050505055,0.3333333333333334,1.0986122886681098,0.4581818181818182,0.12484848484848488,0.049696969696969684,0.07515151515151514,0.08323232323232323
season,E1,2025/26,uniform,552,0.23369565217391308,0.3333333333333334,1.0986122886681098,0.4166666666666667,0.08333333333333337,0.0688405797101449,0.014492753623188415,0.05555555555555556
season,E1,2026/27,uniform,48,0.2256944444444445,0.3333333333333334,1.0986122886681098,0.3958333333333333,0.0625,0.020833333333333315,0.04166666666666663,0.04166666666666665
season,E2,2000/01,uniform,552,0.23218599033816428,0.3333333333333334,1.0986122886681098,0.4384057971014493,0.10507246376811596,0.05978260869565216,0.04528985507246375,0.07004830917874395
season,E2,2001/02,uniform,552,0.2318840579710145,0.3333333333333334,1.0986122886681098,0.47282608695652173,0.13949275362318841,0.0579710144927536,0.08152173913043476,0.09299516908212559
season,E2,2002/03,uniform,351,0.23409306742640076,0.3333333333333334,1.0986122886681096,0.4301994301994302,0.09686609686609687,0.07122507122507121,0.025641025641025605,0.06457739791073124
season,E2,2003/04,uniform,504,0.22718253968253968,0.3333333333333333,1.0986122886681096,0.4503968253968254,0.11706349206349215,0.02976190476190471,0.08730158730158724,0.07804232804232804
season,E2,2004/05,uniform,376,0.2299054373522459,0.3333333333333334,1.0986122886681096,0.45478723404255317,0.1214539007092198,0.046099290780141855,0.07535460992907805,0.0809692671394799
season,E2,2005/06,uniform,552,0.22554347826086962,0.3333333333333334,1.0986122886681098,0.42391304347826086,0.09057971014492755,0.019927536231884035,0.07065217391304346,0.06038647342995168
season,E2,2006/07,uniform,552,0.2358091787439614,0.3333333333333334,1.0986122886681098,0.45108695652173914,0.11775362318840582,0.08152173913043476,0.03623188405797101,0.0785024154589372
season,E2,2007/08,uniform,552,0.23550724637681164,0.3333333333333334,1.0986122886681098,0.46557971014492755,0.13224637681159424,0.0797101449275362,0.05253623188405793,0.08816425120772946
season,E2,2008/09,uniform,552,0.23641304347826092,0.3333333333333334,1.0986122886681098,0.427536231884058,0.09420289855072467,0.08514492753623187,0.009057971014492738,0.06280193236714976
season,E2,2009/10,uniform,552,0.2318840579710145,0.3333333333333334,1.0986122886681098,0.47282608695652173,0.13949275362318841,0.0579710144927536,0.08152173913043476,0.09299516908212559
season,E2,2010/11,uniform,552,0.23641304347826086,0.3333333333333334,1.0986122886681098,0.45108695652173914,0.11775362318840582,0.08514492753623187,0.03260869565217389,0.0785024154589372
season,E2,2011/12,uniform,552,0.22795893719806765,0.3333333333333334,1.0986122886681098,0.41847826086956524,0.08514492753623193,0.03442028985507245,0.050724637681159424,0.0567632850241546
season,E2,2012/13,uniform,552,0.23278985507246383,0.3333333333333334,1.0986122886681098,0.40217391304347827,0.06884057971014496,0.06340579710144928,0.005434782608695621,0.04589371980676329
season,E2,2013/14,uniform,552,0.23490338164251212,0.3333333333333334,1.0986122886681098,0.4420289855072464,0.10869565217391308,0.07608695652173914,0.03260869565217389,0.07246376811594203
season,E2,2014/15,uniform,552,0.23399758454106284,0.3333333333333334,1.0986122886681098,0.40398550724637683,0.07065217391304351,0.07065217391304346,0.0,0.04710144927536233
season,E2,2015/16,uniform,552,0.23611111111111113,0.3333333333333334,1.0986122886681098,0.42934782608695654,0.09601449275362323,0.08333333333333331,0.012681159420289856,0.0640096618357488
season,E2,2016/17,uniform,552,0.231280193236715,0.3333333333333334,1.0986122886681098,0.4492753623188406,0.11594202898550726,0.054347826086956486,0.06159420289855072,0.07729468599033816
season,E2,2017/18,uniform,552,0.23278985507246383,0.3333333333333334,1.0986122886681098,0.42391304347826086,0.09057971014492755,0.06340579710144928,0.027173913043478215,0.06038647342995168
season,E2,2018/19,uniform,552,0.23339371980676335,0.3333333333333334,1.0986122886681098,0.4166666666666667,0.08333333333333337,0.06702898550724634,0.016304347826086918,0.055555555555555546
season,E2,2019/20,uniform,400,0.23152777777777778,0.3333333333333334,1.0986122886681096,0.4625,0.12916666666666676,0.055833333333333235,0.07333333333333325,0.08611111111111108
season,E2,2020/21,uniform,552,0.23792270531400972,0.3333333333333334,1.0986122886681098,0.40398550724637683,0.07065217391304351,0.09420289855072461,0.023550724637681153,0.06280193236714976
season,E2,2021/22,uniform,552,0.23369565217391308,0.3333333333333334,1.0986122886681098,0.447463768115942,0.1141304347826087,0.0688405797101449,0.04528985507246375,0.07608695652173912
season,E2,2022/23,uniform,552,0.23550724637681159,0.3333333333333334,1.0986122886681098,0.4365942028985507,0.1032608695652174,0.0797101449275362,0.023550724637681153,0.06884057971014491
season,E2,2023/24,uniform,552,0.2370169082125604,0.3333333333333334,1.0986122886681098,0.42391304347826086,0.09057971014492755,0.08876811594202896,0.0018115942028985588,0.06038647342995169
season,E2,2024/25,uniform,549,0.23770491803278687,0.33333333333333337,1.09861228866811,0.42987249544626593,0.09653916211293267,0.09289617486338791,0.003642987249544538,0.06435944140862171
season,E2,2025/26,uniform,552,0.2358091787439614,0.3333333333333334,1.0986122886681098,0.4601449275362319,0.12681159420289856,0.08152173913043476,0.04528985507246375,0.08454106280193235
season,E2,2026/27,uniform,47,0.22813238770685593,0.3333333333333335,1.0986122886681096,0.40425531914893614,0.07092198581560277,0.03546099290780147,0.03546099290780147,0.04728132387706857
season,E3,2000/01,uniform,54,0.23148148148148154,0.33333333333333326,1.0986122886681096,0.5740740740740741,0.24074074074074087,0.055555555555555414,0.18518518518518506,0.1604938271604938
season,E3,2001/02,uniform,552,0.23369565217391305,0.3333333333333334,1.0986122886681098,0.48188405797101447,0.14855072463768115,0.0688405797101449,0.0797101449275362,0.09903381642512075
season,E3,2002/03,uniform,335,0.22852404643449425,0.33333333333333337,1.0986122886681096,0.42686567164179107,0.09353233830845775,0.037810945273631824,0.05572139303482587,0.06235489220563848
season,E3,2003/04,uniform,472,0.23328625235404898,0.33333333333333337,1.0986122886681096,0.4576271186440678,0.12429378531073448,0.06638418079096042,0.057909604519774005,0.08286252354048963
season,E3,2004/05,uniform,440,0.2277777777777778,0.33333333333333337,1.0986122886681093,0.45,0.1166666666666667,0.033333333333333326,0.08333333333333331,0.07777777777777778
season,E3,2005/06,uniform,552,0.2240338164251208,0.3333333333333334,1.0986122886681098,0.40217391304347827,0.06884057971014496,0.010869565217391297,0.0579710144927536,0.04589371980676329
season,E3,2006/07,uniform,552,0.23490338164251212,0.3333333333333334,1.0986122886681098,0.447463768115942,0.1141304347826087,0.07608695652173914,0.03804347826086957,0.07608695652173914
season,E3,2007/08,uniform,552,0.23913043478260876,0.3333333333333334,1.0986122886681098,0.391304347826087,0.05797101449275366,0.10144927536231882,0.043478260869565244,0.0676328502415459
season,E3,2008/09,uniform,552,0.22826086956521743,0.3333333333333334,1.0986122886681098,0.41304347826086957,0.07971014492753625,0.03623188405797101,0.04347826086956519,0.05314009661835748
season,E3,2009/10,uniform,552,0.23520531400966185,0.3333333333333334,1.0986122886681098,0.4365942028985507,0.1032608695652174,0.07789855072463764,0.025362318840579712,0.06884057971014491
season,E3,2010/11,uniform,552,0.22705314009661842,0.3333333333333334,1.0986122886681098,0.4076086956521739,0.07427536231884058,0.028985507246376774,0.04528985507246375,0.049516908212560364
season,E3,2011/12,uniform,552,0.2358091787439614,0.3333333333333334,1.0986122886681098,0.44565217391304346,0.11231884057971014,0.08152173913043476,0.030797101449275333,0.07487922705314008
season,E3,2012/13,uniform,552,0.23248792270531402,0.3333333333333334,1.0986122886681098,0.411231884057971,0.0778985507246377,0.06159420289855072,0.016304347826086918,0.05193236714975844
season,E3,2013/14,uniform,552,0.22554347826086962,0.3333333333333334,1.0986122886681098,0.375,0.041666666666666685,0.019927536231884035,0.021739130434782594,0.027777777777777773
season,E3,2014/15,uniform,552,0.2358091787439614,0.3333333333333334,1.0986122886681098,0.4420289855072464,0.10869565217391308,0.08152173913043476,0.027173913043478215,0.07246376811594202
season,E3,2015/16,uniform,552,0.23520531400966185,0.3333333333333334,1.0986122886681098,0.3894927536231884,0.0561594202898551,0.07789855072463764,0.02173913043478265,0.05193236714975846
season,E3,2016/17,uniform,552,0.2346014492753623,0.3333333333333334,1.0986122886681098,0.4003623188405797,0.0670289855072464,0.07427536231884058,0.007246376811594235,0.049516908212560405
season,E3,2017/18,uniform,552,0.23460144927536236,0.3333333333333334,1.0986122886681098,0.4438405797101449,0.11050724637681159,0.07427536231884058,0.03623188405797101,0.07367149758454106
season,E3,2018/19,uniform,552,0.23309178743961356,0.3333333333333334,1.0986122886681098,0.4420289855072464,0.10869565217391308,0.06521739130434778,0.04347826086956519,0.07246376811594202
season,E3,2019/20,uniform,440,0.22739898989898993,0.33333333333333337,1.0986122886681093,0.41818181818181815,0.08484848484848484,0.031060606060606066,0.05378787878787877,0.05656565656565656
season,E3,2020/21,uniform,552,0.23218599033816428,0.3333333333333334,1.0986122886681098,0.40398550724637683,0.07065217391304351,0.05978260869565216,0.010869565217391297,0.04710144927536233
season,E3,2021/22,uniform,552,0.2318840579710145,0.3333333333333334,1.0986122886681098,0.41847826086956524,0.08514492753623193,0.0579710144927536,0.027173913043478215,0.056763285024154585
season,E3,2022/23,uniform,552,0.22946859903381647,0.3333333333333334,1.0986122886681098,0.4148550724637681,0.08152173913043481,0.04347826086956519,0.03804347826086957,0.05434782608695652
season,E3,2023/24,uniform,552,0.23822463768115948,0.3333333333333334,1.0986122886681098,0.4492753623188406,0.11594202898550726,0.09601449275362317,0.019927536231884035,0.07729468599033816
season,E3,2024/25,uniform,548,0.2300283860502839,0.33333333333333337,1.0986122886681098,0.4233576642335766,0.09002433090024337,0.046836982968369745,0.0431873479318734,0.06001622060016217
season,E3,2025/26,uniform,552,0.23641304347826092,0.3333333333333334,1.0986122886681098,0.42028985507246375,0.08695652173913043,0.08514492753623187,0.0018115942028985588,0.057971014492753624
season,E3,2026/27,uniform,48,0.21527777777777782,0.3333333333333334,1.0986122886681098,0.4791666666666667,0.14583333333333337,0.041666666666666685,0.18749999999999997,0.125
season,EC,2011/12,uniform,552,0.23460144927536236,0.3333333333333334,1.0986122886681098,0.4221014492753623,0.08876811594202899,0.07427536231884058,0.014492753623188415,0.05917874396135266
season,EC,2012/13,uniform,552,0.23550724637681159,0.3333333333333334,1.0986122886681098,0.4148550724637681,0.08152173913043481,0.0797101449275362,0.0018115942028985588,0.05434782608695652
season,EC,2013/14,uniform,552,0.23822463768115942,0.3333333333333334,1.0986122886681098,0.483695652173913,0.1503623188405797,0.09601449275362317,0.054347826086956486,0.1002415458937198
season,EC,2014/15,uniform,552,0.2361111111111112,0.3333333333333334,1.0986122886681098,0.4311594202898551,0.09782608695652178,0.08333333333333331,0.014492753623188415,0.06521739130434784
season,EC,2015/16,uniform,552,0.2352053140096619,0.3333333333333334,1.0986122886681098,0.4257246376811594,0.09239130434782611,0.07789855072463764,0.014492753623188415,0.06159420289855072
season,EC,2016/17,uniform,552,0.2394323671497585,0.3333333333333334,1.0986122886681098,0.4384057971014493,0.10507246376811596,0.10326086956521738,0.0018115942028985588,0.07004830917874397
season,EC,2017/18,uniform,552,0.2285628019323672,0.3333333333333334,1.0986122886681098,0.3967391304347826,0.06340579710144928,0.03804347826086957,0.025362318840579712,0.042270531400966184
season,EC,2018/19,uniform,552,0.2346014492753623,0.3333333333333334,1.0986122886681098,0.4166666666666667,0.08333333333333337,0.07427536231884058,0.009057971014492738,0.05555555555555556
season,EC,2019/20,uniform,451,0.23195368317319537,0.3333333333333334,1.0986122886681096,0.4057649667405765,0.07243163340724318,0.05838876570583884,0.014042867701404282,0.048287755604828765
season,EC,2020/21,uniform,477,0.24074074074074073,0.33333333333333337,1.0986122886681093,0.42557651991614254,0.09224318658280928,0.11111111111111105,0.018867924528301938,0.07407407407407408
season,EC,2021/22,uniform,506,0.23956960913482653,0.3333333333333333,1.0986122886681096,0.4407114624505929,0.10737812911725964,0.10408432147562574,0.0032938076416336726,0.07158541941150635
season,EC,2022/23,uniform,552,0.23490338164251212,0.3333333333333334,1.0986122886681098,0.4420289855072464,0.10869565217391308,0.07608695652173914,0.03260869565217389,0.07246376811594203
season,EC,2023/24,uniform,552,0.2352053140096619,0.3333333333333334,1.0986122886681098,0.4221014492753623,0.08876811594202899,0.07789855072463764,0.010869565217391297,0.05917874396135264
season,EC,2024/25,uniform,180,0.23240740740740742,0.3333333333333334,1.0986122886681096,0.4222222222222222,0.0888888888888889,0.061111111111111116,0.027777777777777735,0.059259259259259255
season,EC,2025/26,uniform,552,0.23913043478260876,0.3333333333333334,1.0986122886681098,0.4329710144927536,0.09963768115942029,0.10144927536231882,0.0018115942028985588,0.06763285024154589
season,EC,2026/27,uniform,60,0.25000000000000006,0.3333333333333333,1.0986122886681098,0.4666666666666667,0.13333333333333347,0.16666666666666655,0.03333333333333344,0.11111111111111116
season,F1,2000/01,uniform,306,0.2320261437908497,0.3333333333333334,1.0986122886681096,0.49019607843137253,0.1568627450980392,0.05882352941176466,0.0980392156862745,0.10457516339869279
season,F1,2001/02,uniform,306,0.23093681917211334,0.3333333333333334,1.0986122886681096,0.5196078431372549,0.18627450980392163,0.052287581699346386,0.13398692810457513,0.12418300653594772
season,F1,2002/03,uniform,191,0.22716695753344973,0.3333333333333335,1.0986122886681093,0.45549738219895286,0.12216404886561943,0.029668411867364852,0.09249563699825489,0.08144269924374639
season,F1,2003/04,uniform,223,0.23069257598405582,0.3333333333333334,1.0986122886681096,0.47533632286995514,0.14200298953662177,0.05082212257100155,0.09118086696562036,0.09466865969108122
season,F1,2004/05,uniform,380,0.21988304093567257,0.3333333333333335,1.0986122886681093,0.46578947368421053,0.13245614035087716,0.014035087719298234,0.14649122807017548,0.0976608187134503
season,F1,2005/06,uniform,380,0.22602339181286552,0.3333333333333335,1.0986122886681093,0.4473684210526316,0.11403508771929821,0.022807017543859665,0.09122807017543863,0.0760233918128655
season,F1,2006/07,uniform,380,0.22646198830409356,0.3333333333333335,1.0986122886681093,0.4763157894736842,0.14298245614035082,0.025438596491228094,0.11754385964912284,0.09532163742690059
season,F1,2007/08,uniform,380,0.22690058479532166,0.3333333333333335,1.0986122886681093,0.4394736842105263,0.10614035087719292,0.028070175438596523,0.07807017543859651,0.07076023391812865
season,F1,2008/09,uniform,380,0.22865497076023392,0.3333333333333335,1.0986122886681093,0.4342105263157895,0.10087719298245612,0.03859649122807024,0.06228070175438599,0.06725146198830412
season,F1,2009/10,uniform,380,0.235233918128655,0.3333333333333335,1.0986122886681093,0.4710526315789474,0.13771929824561402,0.07807017543859651,0.05964912280701756,0.09181286549707603
season,F1,2010/11,uniform,380,0.22076023391812868,0.3333333333333335,1.0986122886681093,0.4131578947368421,0.07982456140350874,0.008771929824561375,0.0885964912280702,0.059064327485380104
season,F1,2011/12,uniform,380,0.23040935672514623,0.3333333333333335,1.0986122886681093,0.4710526315789474,0.13771929824561402,0.0491228070175439,0.0885964912280702,0.09181286549707605
season,F1,2012/13,uniform,380,0.23040935672514623,0.3333333333333335,1.0986122886681093,0.4473684210526316,0.11403508771929821,0.0491228070175439,0.06491228070175442,0.0760233918128655
season,F1,2013/14,uniform,380,0.23040935672514623,0.3333333333333335,1.0986122886681093,0.4421052631578947,0.10877192982456135,0.0491228070175439,0.05964912280701756,0.07251461988304093
season,F1,2014/15,uniform,380,0.23918128654970763,0.3333333333333335,1.0986122886681093,0.4763157894736842,0.14298245614035082,0.10175438596491232,0.041228070175438614,0.09532163742690059
season,F1,2015/16,uniform,380,0.23040935672514623,0.3333333333333335,1.0986122886681093,0.42105263157894735,0.08771929824561397,0.0491228070175439,0.03859649122807024,0.05847953216374271
season,F1,2016/17,uniform,380,0.2365497076023392,0.3333333333333335,1.0986122886681093,0.48947368421052634,0.15614035087719297,0.0859649122807018,0.07017543859649128,0.10409356725146202
season,F1,2017/18,uniform,380,0.2356725146198831,0.3333333333333335,1.0986122886681093,0.45526315789473687,0.1219298245614035,0.08070175438596494,0.041228070175438614,0.08128654970760235
season,F1,2018/19,uniform,380,0.2295321637426901,0.3333333333333335,1.0986122886681093,0.43157894736842106,0.09824561403508769,0.04385964912280704,0.05438596491228076,0.06549707602339183
season,F1,2019/20,uniform,279,0.2359617682198328,0.33333333333333337,1.0986122886681098,0.48028673835125446,0.1469534050179212,0.08243727598566303,0.06451612903225801,0.09796893667861407
season,F1,2020/21,uniform,380,0.23611111111111113,0.3333333333333335,1.0986122886681093,0.3736842105263158,0.040350877192982415,0.08333333333333337,0.042982456140350844,0.055555555555555546
season,F1,2021/22,uniform,380,0.23304093567251466,0.3333333333333335,1.0986122886681093,0.4263157894736842,0.09298245614035083,0.06491228070175442,0.028070175438596523,0.06198830409356726
season,F1,2022/23,uniform,380,0.23742690058479535,0.3333333333333335,1.0986122886681093,0.42894736842105263,0.09561403508771926,0.09122807017543863,0.004385964912280715,0.06374269005847953
season,F1,2023/24,uniform,306,0.23366013071895425,0.3333333333333334,1.0986122886681096,0.39215686274509803,0.05882352941176472,0.06862745098039214,0.009803921568627472,0.04575163398692811
season,F1,2024/25,uniform,305,0.24389799635701273,0.3333333333333334,1.0986122886681096,0.46885245901639344,0.13551912568306007,0.1300546448087432,0.0054644808743170015,0.09034608378870677
season,F1,2025/26,uniform,306,0.23692810457516345,0.3333333333333334,1.0986122886681096,0.46078431372549017,0.12745098039215685,0.08823529411764705,0.039215686274509776,0.0849673202614379
season,F1,2026/27,uniform,19,0.21637426900584794,0.3333333333333333,1.09861228866811,0.3157894736842105,0.01754385964912275,0.03508771929824567,0.01754385964912275,0.023391812865497057
season,F2,2000/01,uniform,380,0.2251461988304094,0.3333333333333335,1.0986122886681093,0.4763157894736842,0.14298245614035082,0.01754385964912286,0.1254385964912281,0.09532163742690059
season,F2,2001/02,uniform,351,0.2193732193732194,0.3333333333333334,1.0986122886681096,0.4358974358974359,0.10256410256410259,0.01709401709401709,0.11965811965811965,0.07977207977207977
season,F2,2002/03,uniform,159,0.22851153039832292,0.33333333333333337,1.0986122886681096,0.5283018867924528,0.1949685534591195,0.037735849056603765,0.15723270440251572,0.12997903563941302
season,F2,2003/04,uniform,15,0.2111111111111111,0.3333333333333333,1.0986122886681096,0.26666666666666666,0.0666666666666666,0.06666666666666676,5.551115123125783e-17,0.044444444444444474
season,F2,2004/05,uniform,380,0.22821637426900587,0.3333333333333335,1.0986122886681093,0.48157894736842105,0.14824561403508768,0.03596491228070181,0.11228070175438601,0.09883040935672516
season,F2,2005/06,uniform,380,0.22251461988304097,0.3333333333333335,1.0986122886681093,0.4421052631578947,0.10877192982456135,0.0017543859649123417,0.10701754385964915,0.07251461988304095
season,F2,2006/07,uniform,380,0.22865497076023397,0.3333333333333335,1.0986122886681093,0.49736842105263157,0.1640350877192982,0.03859649122807024,0.1254385964912281,0.10935672514619883
season,F2,2007/08,uniform,348,0.22749042145593876,0.3333333333333334,1.0986122886681096,0.46839080459770116,0.13505747126436785,0.03160919540229884,0.10344827586206895,0.09003831417624521
season,F2,2008/09,uniform,380,0.22997076023391813,0.3333333333333335,1.0986122886681093,0.4710526315789474,0.13771929824561402,0.04649122807017547,0.09122807017543863,0.09181286549707605
season,F2,2009/10,uniform,380,0.22295321637426907,0.3333333333333335,1.0986122886681093,0.45263157894736844,0.11929824561403507,0.004385964912280715,0.11491228070175441,0.07953216374269007
season,F2,2010/11,uniform,380,0.22383040935672519,0.3333333333333335,1.0986122886681093,0.46578947368421053,0.13245614035087716,0.009649122807017574,0.1228070175438597,0.08830409356725148
season,F2,2011/12,uniform,380,0.2251461988304094,0.3333333333333335,1.0986122886681093,0.45,0.11666666666666664,0.01754385964912286,0.09912280701754389,0.07777777777777779
season,F2,2012/13,uniform,380,0.22295321637426901,0.3333333333333335,1.0986122886681093,0.41842105263157897,0.0850877192982456,0.004385964912280715,0.08070175438596494,0.05672514619883042
season,F2,2013/14,uniform,380,0.22383040935672519,0.3333333333333335,1.0986122886681093,0.45789473684210524,0.12456140350877187,0.009649122807017574,0.11491228070175441,0.08304093567251462
season,F2,2014/15,uniform,380,0.22295321637426901,0.3333333333333335,1.0986122886681093,0.4368421052631579,0.10350877192982455,0.004385964912280715,0.09912280701754389,0.06900584795321639
season,F2,2015/16,uniform,380,0.22426900584795323,0.3333333333333335,1.0986122886681093,0.4131578947368421,0.07982456140350874,0.012280701754386003,0.06754385964912285,0.05321637426900586
season,F2,2016/17,uniform,380,0.22733918128654973,0.3333333333333335,1.0986122886681093,0.4105263157894737,0.07719298245614031,0.030701754385964952,0.04649122807017547,0.05146198830409358
season,F2,2017/18,uniform,380,0.2396198830409357,0.3333333333333335,1.0986122886681093,0.46578947368421053,0.13245614035087716,0.10438596491228075,0.028070175438596523,0.08830409356725148
season,F2,2018/19,uniform,380,0.2295321637426901,0.3333333333333335,1.0986122886681093,0.4,0.06666666666666665,0.04385964912280704,0.022807017543859665,0.04444444444444445
season,F2,2019/20,uniform,280,0.2277777777777778,0.3333333333333334,1.0986122886681098,0.3821428571428571,0.0488095238095238,0.033333333333333326,0.015476190476190477,0.032539682539682535
season,F2,2020/21,uniform,380,0.2220760233918129,0.3333333333333335,1.0986122886681093,0.41842105263157897,0.0850877192982456,0.0008771929824560876,0.0859649122807018,0.05730994152046783
season,F2,2021/22,uniform,380,0.23128654970760232,0.3333333333333335,1.0986122886681093,0.4131578947368421,0.07982456140350874,0.05438596491228076,0.025438596491228094,0.05321637426900586
season,F2,2022/23,uniform,379,0.23248314277338025,0.3333333333333334,1.0986122886681096,0.44063324538258575,0.10729991204925238,0.061565523306948144,0.045734388742304344,0.07153327469950162
season,F2,2023/24,uniform,379,0.2298446203459396,0.3333333333333334,1.0986122886681096,0.40369393139841686,0.07036059806508349,0.045734388742304344,0.024626209322779258,0.046907065376722366
season,F2,2024/25,uniform,306,0.23856209150326801,0.3333333333333334,1.0986122886681096,0.4869281045751634,0.15359477124183007,0.0980392156862745,0.055555555555555525,0.10239651416122003
season,F2,2025/26,uniform,305,0.22695810564663027,0.3333333333333334,1.0986122886681096,0.3770491803278688,0.04371584699453546,0.02841530054644814,0.015300546448087482,0.029143897996357027
season,F2,2026/27,uniform,36,0.21296296296296294,0.3333333333333334,1.0986122886681096,0.3055555555555556,0.02777777777777779,0.055555555555555525,0.02777777777777779,0.037037037037037035
season,FIN,2011/12,uniform,103,0.24703344120819853,0.33333333333333354,1.0986122886681093,0.5242718446601942,0.19093851132686068,0.14886731391585775,0.0420711974110034,0.12729234088457395
season,FIN,2012/13,uniform,203,0.23590585659551175,0.3333333333333334,1.0986122886681096,0.47783251231527096,0.1444991789819376,0.08210180623973728,0.06239737274220036,0.09633278598795841
season,FIN,2013/14,uniform,182,0.23748473748473753,0.3333333333333334,1.0986122886681096,0.4725274725274725,0.1391941391941392,0.09157509157509156,0.047619047619047616,0.0927960927960928
season,FIN,2014/15,uniform,198,0.22558922558922562,0.3333333333333335,1.0986122886681096,0.45454545454545453,0.1212121212121211,0.020202020202020277,0.1010101010101011,0.08080808080808083
season,FIN,2015/16,uniform,182,0.23290598290598297,0.3333333333333334,1.0986122886681096,0.4340659340659341,0.10073260073260076,0.0641025641025641,0.03663003663003661,0.06715506715506715
season,FIN,2016/17,uniform,216,0.22608024691358022,0.3333333333333333,1.0986122886681093,0.4212962962962963,0.08796296296296297,0.02314814814814814,0.06481481481481477,0.05864197530864196
season,FIN,2017/18,uniform,211,0.2311743022643497,0.33333333333333337,1.0986122886681096,0.4028436018957346,0.06951026856240122,0.05371248025276465,0.015797788309636684,0.04634017904160085
season,FIN,2018/19,uniform,182,0.23565323565323568,0.3333333333333334,1.0986122886681096,0.4175824175824176,0.08424908424908428,0.08058608058608058,0.00366300366300365,0.05616605616605617
season,FIN,2019/20,uniform,116,0.23180076628352492,0.3333333333333334,1.0986122886681093,0.41379310344827586,0.08045977011494249,0.05747126436781613,0.022988505747126464,0.05363984674329503
season,FIN,2020/21,uniform,164,0.23915989159891604,0.3333333333333334,1.0986122886681096,0.4329268292682927,0.09959349593495936,0.10162601626016257,0.002032520325203291,0.06775067750677508
season,FIN,2021/22,uniform,183,0.24408014571949002,0.3333333333333334,1.0986122886681096,0.4371584699453552,0.10382513661202186,0.13114754098360654,0.02732240437158473,0.08743169398907104
season,FIN,2022/23,uniform,170,0.23660130718954253,0.3333333333333334,1.0986122886681098,0.4176470588235294,0.08431372549019606,0.0862745098039216,0.0019607843137254277,0.05751633986928103
season,FIN,2023/24,uniform,168,0.23511904761904762,0.3333333333333334,1.0986122886681098,0.3869047619047619,0.0535714285714286,0.07738095238095238,0.023809523809523836,0.051587301587301605
season,FIN,2024/25,uniform,76,0.24707602339181292,0.33333333333333337,1.0986122886681096,0.5657894736842105,0.23245614035087725,0.1491228070175438,0.08333333333333326,0.1549707602339181
season,G1,2005/06,uniform,240,0.23888888888888887,0.3333333333333333,1.0986122886681096,0.55,0.21666666666666679,0.09999999999999992,0.11666666666666659,0.14444444444444443
season,G1,2006/07,uniform,240,0.23402777777777778,0.3333333333333333,1.0986122886681096,0.475,0.14166666666666672,0.07083333333333325,0.07083333333333325,0.0944444444444444
season,G1,2007/08,uniform,240,0.23888888888888887,0.3333333333333333,1.0986122886681096,0.5208333333333334,0.1875000000000001,0.09999999999999992,0.08749999999999994,0.125
season,G1,2008/09,uniform,240,0.22916666666666666,0.3333333333333333,1.0986122886681096,0.42083333333333334,0.08750000000000008,0.041666666666666574,0.04583333333333328,0.05833333333333331
season,G1,2009/10,uniform,240,0.23888888888888887,0.3333333333333333,1.0986122886681096,0.5041666666666667,0.1708333333333334,0.09999999999999992,0.07083333333333325,0.11388888888888886
season,G1,2010/11,uniform,240,0.2326388888888889,0.3333333333333333,1.0986122886681096,0.4583333333333333,0.12500000000000006,0.062499999999999944,0.062499999999999944,0.08333333333333331
season,G1,2012/13,uniform,240,0.23402777777777778,0.3333333333333333,1.0986122886681096,0.475,0.14166666666666672,0.07083333333333325,0.07083333333333325,0.0944444444444444
season,G1,2013/14,uniform,306,0.24019607843137258,0.3333333333333334,1.0986122886681096,0.5588235294117647,0.2254901960784314,0.10784313725490194,0.11764705882352938,0.1503267973856209
season,G1,2014/15,uniform,305,0.23843351548269584,0.3333333333333334,1.0986122886681096,0.5377049180327869,0.2043715846994535,0.09726775956284156,0.10710382513661207,0.13624772313296904
season,G1,2015/16,uniform,240,0.23333333333333334,0.3333333333333333,1.0986122886681096,0.44583333333333336,0.1125000000000001,0.0666666666666666,0.04583333333333328,0.075
season,G1,2016/17,uniform,240,0.23194444444444445,0.3333333333333333,1.0986122886681096,0.48333333333333334,0.15000000000000008,0.05833333333333324,0.09166666666666659,0.09999999999999998
season,G1,2017/18,uniform,240,0.2277777777777778,0.3333333333333333,1.0986122886681096,0.45416666666666666,0.1208333333333334,0.03333333333333327,0.08749999999999994,0.08055555555555553
season,G1,2018/19,uniform,239,0.23942352394235242,0.3333333333333334,1.0986122886681096,0.48535564853556484,0.15202231520223147,0.10320781032078108,0.048814504881450504,0.10134821013482102
season,G1,2019/20,uniform,210,0.23174603174603176,0.3333333333333334,1.0986122886681096,0.47619047619047616,0.14285714285714285,0.057142857142857106,0.08571428571428569,0.09523809523809522
season,G1,2020/21,uniform,270,0.22716049382716053,0.3333333333333333,1.0986122886681096,0.362962962962963,0.029629629629629728,0.02962962962962956,5.551115123125783e-17,0.019753086419753114
season,G1,2021/22,uniform,240,0.2361111111111111,0.3333333333333333,1.0986122886681096,0.425,0.09166666666666673,0.08333333333333326,0.008333333333333248,0.06111111111111108
season,G1,2024/25,uniform,156,0.2467948717948719,0.3333333333333334,1.0986122886681096,0.4423076923076923,0.10897435897435898,0.1474358974358974,0.03846153846153849,0.09829059829059829
season,G1,2025/26,uniform,236,0.2304613935969868,0.3333333333333334,1.0986122886681096,0.4110169491525424,0.07768361581920907,0.04943502824858753,0.02824858757062143,0.05178907721280601
season,G1,2026/27,uniform,13,0.25213675213675213,0.33333333333333337,1.0986122886681096,0.5384615384615384,0.20512820512820512,0.17948717948717946,0.025641025641025605,0.13675213675213674
season,I1,2000/01,uniform,306,0.22984749455337694,0.3333333333333334,1.0986122886681096,0.4673202614379085,0.1339869281045752,0.04575163398692811,0.08823529411764705,0.08932461873638346
season,I1,2001/02,uniform,306,0.23039215686274514,0.3333333333333334,1.0986122886681096,0.45751633986928103,0.12418300653594772,0.04901960784313725,0.07516339869281041,0.08278867102396513
season,I1,2002/03,uniform,306,0.2276688453159042,0.3333333333333334,1.0986122886681096,0.4673202614379085,0.1339869281045752,0.0326797385620915,0.10130718954248363,0.08932461873638343
season,I1,2003/04,uniform,194,0.2262313860252005,0.3333333333333334,1.0986122886681096,0.422680412371134,0.08934707903780065,0.02405498281786944,0.06529209621993132,0.0595647193585338
season,I1,2004/05,uniform,300,0.2216666666666667,0.3333333333333334,1.0986122886681096,0.43,0.09666666666666668,0.003333333333333355,0.09999999999999998,0.06666666666666667
season,I1,2005/06,uniform,380,0.23040935672514623,0.3333333333333335,1.0986122886681093,0.4631578947368421,0.12982456140350873,0.0491228070175439,0.08070175438596494,0.0865497076023392
season,I1,2006/07,uniform,380,0.22777777777777783,0.3333333333333335,1.0986122886681093,0.45526315789473687,0.1219298245614035,0.03333333333333338,0.0885964912280702,0.08128654970760237
season,I1,2007/08,uniform,380,0.22865497076023392,0.3333333333333335,1.0986122886681093,0.4605263157894737,0.1271929824561403,0.03859649122807024,0.0885964912280702,0.08479532163742691
season,I1,2008/09,uniform,380,0.23611111111111113,0.3333333333333335,1.0986122886681093,0.5052631578947369,0.1719298245614035,0.08333333333333337,0.0885964912280702,0.11461988304093569
season,I1,2009/10,uniform,380,0.23304093567251463,0.3333333333333335,1.0986122886681093,0.48947368421052634,0.15614035087719297,0.06491228070175442,0.09122807017543863,0.10409356725146202
season,I1,2010/11,uniform,380,0.235233918128655,0.3333333333333335,1.0986122886681093,0.4710526315789474,0.13771929824561402,0.07807017543859651,0.05964912280701756,0.09181286549707603
season,I1,2011/12,uniform,380,0.229093567251462,0.3333333333333335,1.0986122886681093,0.45526315789473687,0.1219298245614035,0.041228070175438614,0.08070175438596494,0.08128654970760235
season,I1,2012/13,uniform,380,0.2356725146198831,0.3333333333333335,1.0986122886681093,0.46578947368421053,0.13245614035087716,0.08070175438596494,0.05175438596491233,0.08830409356725148
season,I1,2013/14,uniform,380,0.2383040935672515,0.3333333333333335,1.0986122886681093,0.4763157894736842,0.14298245614035082,0.09649122807017549,0.04649122807017547,0.09532163742690059
season,I1,2014/15,uniform,380,0.2251461988304094,0.3333333333333335,1.0986122886681093,0.4,0.06666666666666665,0.01754385964912286,0.0491228070175439,0.044444444444444474
season,I1,2015/16,uniform,380,0.23611111111111113,0.3333333333333335,1.0986122886681093,0.4605263157894737,0.1271929824561403,0.08333333333333337,0.04385964912280704,0.08479532163742691
season,I1,2016/17,uniform,380,0.24269005847953218,0.3333333333333335,1.0986122886681093,0.4842105263157895,0.1508771929824561,0.1228070175438597,0.028070175438596523,0.10058479532163744
season,I1,2017/18,uniform,380,0.24137426900584796,0.3333333333333335,1.0986122886681093,0.43157894736842106,0.09824561403508769,0.11491228070175441,0.016666666666666607,0.0766081871345029
season,I1,2018/19,uniform,380,0.23040935672514623,0.3333333333333335,1.0986122886681093,0.4368421052631579,0.10350877192982455,0.0491228070175439,0.05438596491228076,0.0690058479532164
season,I1,2019/20,uniform,282,0.24054373522458633,0.3333333333333334,1.0986122886681098,0.40425531914893614,0.07092198581560283,0.10992907801418439,0.03900709219858156,0.07328605200945626
season,I1,2020/21,uniform,478,0.2362854486285449,0.3333333333333334,1.0986122886681096,0.41631799163179917,0.08298465829846585,0.08437935843793581,0.0013947001394700176,0.05625290562529056
season,I1,2021/22,uniform,380,0.23479532163742692,0.3333333333333335,1.0986122886681093,0.3894736842105263,0.056140350877192935,0.07543859649122808,0.019298245614035037,0.05029239766081869
season,I1,2022/23,uniform,380,0.23391812865497075,0.3333333333333335,1.0986122886681093,0.4236842105263158,0.0903508771929824,0.07017543859649128,0.02017543859649129,0.060233918128654994
season,I1,2023/24,uniform,380,0.22865497076023394,0.3333333333333335,1.0986122886681093,0.41842105263157897,0.0850877192982456,0.03859649122807024,0.04649122807017547,0.056725146198830435
season,I1,2024/25,uniform,380,0.23040935672514623,0.3333333333333335,1.0986122886681093,0.3973684210526316,0.06403508771929822,0.0491228070175439,0.014912280701754432,0.04269005847953219
season,I1,2025/26,uniform,380,0.23435672514619885,0.3333333333333335,1.0986122886681093,0.3894736842105263,0.056140350877192935,0.07280701754385971,0.016666666666666607,0.048538011695906415
season,I1,2026/27,uniform,20,0.2694444444444445,0.3333333333333333,1.09861228866811,0.4,0.06666666666666676,0.28333333333333327,0.21666666666666679,0.18888888888888897
season,I2,2000/01,uniform,380,0.22646198830409361,0.3333333333333335,1.0986122886681093,0.46842105263157896,0.1350877192982456,0.025438596491228094,0.10964912280701758,0.09005847953216377
season,I2,2001/02,uniform,332,0.22607095046854087,0.33333333333333337,1.0986122886681098,0.4427710843373494,0.10943775100401609,0.0230923694779116,0.08634538152610441,0.07295850066934403
season,I2,2002/03,uniform,159,0.21802935010482183,0.33333333333333337,1.0986122886681096,0.4591194968553459,0.1257861635220126,0.02515723270440251,0.1509433962264151,0.10062893081761008
season,I2,2003/04,uniform,328,0.21527777777777782,0.3333333333333334,1.0986122886681098,0.4420731707317073,0.10873983739837395,0.04166666666666663,0.1504065040650407,0.10027100271002709
season,I2,2004/05,uniform,94,0.23167848699763602,0.33333333333333337,1.0986122886681096,0.5212765957446809,0.18794326241134762,0.056737588652482185,0.1312056737588652,0.12529550827423167
season,I2,2005/06,uniform,462,0.22330447330447334,0.3333333333333333,1.0986122886681096,0.4675324675324675,0.1341991341991342,0.006493506493506496,0.12770562770562768,0.08946608946608947
season,I2,2006/07,uniform,462,0.22582972582972585,0.3333333333333333,1.0986122886681096,0.44372294372294374,0.11038961038961043,0.021645021645021634,0.08874458874458874,0.0735930735930736
season,I2,2007/08,uniform,462,0.22655122655122656,0.3333333333333333,1.0986122886681096,0.44805194805194803,0.11471861471861472,0.025974025974025983,0.08874458874458874,0.07647907647907648
season,I2,2008/09,uniform,462,0.22510822510822515,0.3333333333333333,1.0986122886681096,0.44155844155844154,0.10822510822510822,0.017316017316017285,0.09090909090909088,0.07215007215007213
season,I2,2009/10,uniform,462,0.22835497835497837,0.3333333333333333,1.0986122886681096,0.4393939393939394,0.10606060606060608,0.03679653679653677,0.06926406926406925,0.0707070707070707
season,I2,2010/11,uniform,462,0.22113997113997114,0.3333333333333333,1.0986122886681096,0.43722943722943725,0.10389610389610393,0.006493506493506496,0.11038961038961037,0.0735930735930736
season,I2,2011/12,uniform,462,0.23015873015873017,0.3333333333333333,1.0986122886681096,0.4134199134199134,0.0800865800865801,0.047619047619047616,0.03246753246753242,0.05339105339105338
season,I2,2012/13,uniform,462,0.22474747474747478,0.3333333333333333,1.0986122886681096,0.41774891774891776,0.08441558441558444,0.015151515151515138,0.06926406926406925,0.05627705627705628
season,I2,2013/14,uniform,462,0.2254689754689755,0.3333333333333333,1.0986122886681096,0.4090909090909091,0.0757575757575758,0.019480519480519487,0.05627705627705626,0.05050505050505052
season,I2,2014/15,uniform,462,0.22077922077922077,0.3333333333333333,1.0986122886681096,0.4458874458874459,0.11255411255411257,0.008658008658008698,0.12121212121212119,0.08080808080808081
season,I2,2015/16,uniform,462,0.22943722943722944,0.3333333333333333,1.0986122886681096,0.4696969696969697,0.1363636363636364,0.04329004329004327,0.09307359307359306,0.0909090909090909
season,I2,2016/17,uniform,462,0.21933621933621936,0.3333333333333333,1.0986122886681096,0.44155844155844154,0.10822510822510822,0.01731601731601734,0.1255411255411255,0.0836940836940837
season,I2,2017/18,uniform,462,0.22041847041847043,0.3333333333333333,1.0986122886681096,0.4090909090909091,0.0757575757575758,0.010822510822510845,0.08658008658008656,0.057720057720057734
season,I2,2018/19,uniform,342,0.22319688109161795,0.3333333333333334,1.0986122886681096,0.45321637426900585,0.11988304093567254,0.005847953216374269,0.11403508771929824,0.07992202729044835
season,I2,2019/20,uniform,310,0.23207885304659504,0.3333333333333334,1.0986122886681096,0.4483870967741935,0.11505376344086021,0.05913978494623656,0.05591397849462365,0.07670250896057347
season,I2,2020/21,uniform,450,0.22296296296296297,0.3333333333333333,1.0986122886681096,0.38666666666666666,0.053333333333333344,0.0044444444444444176,0.04888888888888887,0.03555555555555554
season,I2,2021/22,uniform,380,0.22646198830409356,0.3333333333333335,1.0986122886681093,0.4,0.06666666666666665,0.025438596491228094,0.041228070175438614,0.04444444444444445
season,I2,2022/23,uniform,380,0.22426900584795323,0.3333333333333335,1.0986122886681093,0.4052631578947368,0.07192982456140345,0.012280701754386003,0.05964912280701756,0.047953216374269005
season,I2,2023/24,uniform,380,0.22426900584795323,0.3333333333333335,1.0986122886681093,0.36578947368421055,0.03245614035087718,0.012280701754386003,0.02017543859649129,0.021637426900584827
season,I2,2024/25,uniform,380,0.22119883040935676,0.3333333333333335,1.0986122886681093,0.4026315789473684,0.06929824561403503,0.006140350877192946,0.07543859649122808,0.05029239766081869
season,I2,2025/26,uniform,380,0.22602339181286552,0.3333333333333335,1.0986122886681093,0.45,0.11666666666666664,0.022807017543859665,0.09385964912280706,0.07777777777777779
season,I2,2026/27,uniform,20,0.2444444444444444,0.3333333333333333,1.09861228866811,0.35,0.01666666666666672,0.13333333333333325,0.11666666666666675,0.0888888888888889
season,IRL,2011/12,uniform,97,0.2313860252004582,0.3333333333333334,1.0986122886681096,0.4020618556701031,0.06872852233676974,0.054982817869415834,0.013745704467354014,0.045819014891179864
season,IRL,2012/13,uniform,189,0.23104056437389772,0.3333333333333335,1.0986122886681093,0.3492063492063492,0.01587301587301576,0.05291005291005302,0.037037037037036924,0.0352733686067019
season,IRL,2013/14,uniform,202,0.23817381738173818,0.33333333333333337,1.0986122886681096,0.45544554455445546,0.12211221122112209,0.09570957095709576,0.026402640264026445,0.08140814081408143
season,IRL,2014/15,uniform,195,0.23760683760683762,0.3333333333333335,1.0986122886681096,0.4205128205128205,0.0871794871794872,0.09230769230769229,0.0051282051282051655,0.06153846153846155
season,IRL,2015/16,uniform,200,0.23944444444444446,0.3333333333333334,1.0986122886681096,0.415,0.08166666666666672,0.10333333333333325,0.021666666666666723,0.0688888888888889
season,IRL,2016/17,uniform,221,0.24233283056812469,0.3333333333333334,1.0986122886681096,0.4660633484162896,0.13273001508295623,0.12066365007541482,0.01206636500754149,0.08848667672197084
season,IRL,2017/18,uniform,198,0.2432659932659933,0.3333333333333335,1.0986122886681096,0.4696969696969697,0.1363636363636363,0.12626262626262635,0.010101010101010166,0.09090909090909094
season,IRL,2018/19,uniform,187,0.24836601307189546,0.3333333333333335,1.0986122886681096,0.44919786096256686,0.1158645276292335,0.15686274509803924,0.040998217468805664,0.10457516339869279
season,IRL,2019/20,uniform,109,0.24413863404689096,0.3333333333333335,1.0986122886681093,0.45871559633027525,0.12538226299694183,0.1314984709480123,0.006116207951070263,0.0876656472986748
season,IRL,2020/21,uniform,156,0.2307692307692308,0.3333333333333334,1.0986122886681096,0.3782051282051282,0.04487179487179488,0.051282051282051266,0.006410256410256443,0.0341880341880342
season,IRL,2021/22,uniform,198,0.2390572390572391,0.3333333333333335,1.0986122886681096,0.46464646464646464,0.13131313131313122,0.1010101010101011,0.030303030303030387,0.08754208754208757
season,IRL,2022/23,uniform,176,0.23800505050505052,0.3333333333333334,1.0986122886681096,0.4602272727272727,0.12689393939393934,0.09469696969696972,0.032196969696969724,0.0845959595959596
season,IRL,2023/24,uniform,182,0.23107448107448111,0.3333333333333334,1.0986122886681096,0.4175824175824176,0.08424908424908428,0.05311355311355309,0.031135531135531136,0.05616605616605617
season,IRL,2024/25,uniform,57,0.21637426900584802,0.33333333333333337,1.0986122886681098,0.40350877192982454,0.07017543859649128,0.03508771929824567,0.10526315789473678,0.07017543859649124
season,JAP,2011/12,uniform,153,0.2407407407407408,0.3333333333333334,1.0986122886681096,0.47058823529411764,0.13725490196078433,0.1111111111111111,0.026143790849673165,0.0915032679738562
season,JAP,2012/13,uniform,279,0.23237753882915177,0.33333333333333337,1.0986122886681098,0.37992831541218636,0.0465949820788531,0.06093189964157697,0.014336917562724094,0.04062126642771805
season,JAP,2013/14,uniform,313,0.2426340078097267,0.3333333333333335,1.0986122886681098,0.4504792332268371,0.11714589989350371,0.12247071352502667,0.005324813631522873,0.08164714235001776
season,JAP,2014/15,uniform,301,0.23569582871908457,0.3333333333333334,1.0986122886681096,0.4053156146179402,0.07198228128460687,0.08084163898117386,0.008859357696567038,0.05389442598744926
season,JAP,2015/16,uniform,335,0.23897180762852405,0.33333333333333337,1.0986122886681096,0.373134328358209,0.03980099502487566,0.10049751243781094,0.06069651741293536,0.06699834162520732
season,JAP,2016/17,uniform,307,0.23977560622511768,0.3333333333333335,1.0986122886681096,0.4006514657980456,0.06731813246471224,0.10532030401737247,0.03800217155266011,0.0702135360115816
season,JAP,2017/18,uniform,306,0.23638344226579525,0.3333333333333334,1.0986122886681096,0.42810457516339867,0.09477124183006536,0.08496732026143788,0.009803921568627416,0.06318082788671021
season,JAP,2018/19,uniform,328,0.2411924119241193,0.3333333333333334,1.0986122886681098,0.42073170731707316,0.08739837398373979,0.11382113821138215,0.026422764227642226,0.07588075880758806
season,JAP,2019/20,uniform,198,0.23737373737373738,0.3333333333333335,1.0986122886681096,0.3181818181818182,0.015151515151515249,0.090909090909091,0.10606060606060597,0.07070707070707073
season,JAP,2020/21,uniform,440,0.236489898989899,0.33333333333333337,1.0986122886681093,0.42272727272727273,0.08939393939393941,0.08560606060606057,0.0037878787878787845,0.05959595959595959
season,JAP,2021/22,uniform,372,0.23297491039426524,0.3333333333333334,1.0986122886681096,0.41397849462365593,0.08064516129032256,0.06451612903225812,0.016129032258064557,0.05376344086021508
season,JAP,2022/23,uniform,288,0.23148148148148154,0.3333333333333334,1.0986122886681098,0.3923611111111111,0.05902777777777779,0.055555555555555525,0.00347222222222221,0.03935185185185184
season,JAP,2023/24,uniform,346,0.23153500321130385,0.3333333333333334,1.0986122886681096,0.41329479768786126,0.07996146435452789,0.05587668593448947,0.02408477842003859,0.05330764290301865
season,JAP,2024/25,uniform,123,0.23577235772357724,0.33333333333333337,1.0986122886681093,0.37398373983739835,0.04065040650406504,0.08130081300813008,0.04065040650406504,0.05420054200542005
season,MEX,2011/12,uniform,39,0.217948717948718,0.3333333333333335,1.0986122886681093,0.358974358974359,0.02564102564102555,0.02564102564102555,0.05128205128205138,0.03418803418803416
season,MEX,2012/13,uniform,303,0.23102310231023107,0.3333333333333334,1.0986122886681096,0.45874587458745875,0.12541254125412543,0.05280528052805278,0.0726072607260726,0.0836083608360836
season,MEX,2013/14,uniform,330,0.22222222222222224,0.3333333333333334,1.0986122886681098,0.37575757575757573,0.04242424242424242,0.0,0.04242424242424242,0.02828282828282828
season,MEX,2014/15,uniform,312,0.23450854700854706,0.3333333333333334,1.0986122886681096,0.46794871794871795,0.13461538461538464,0.07371794871794868,0.0608974358974359,0.08974358974358974
season,MEX,2015/16,uniform,338,0.23389217619986855,0.3333333333333334,1.0986122886681098,0.4526627218934911,0.11932938856015773,0.07001972386587774,0.04930966469428011,0.07955292570677186
season,MEX,2016/17,uniform,333,0.22622622622622626,0.3333333333333334,1.0986122886681096,0.4264264264264264,0.0930930930930931,0.024024024024023982,0.06906906906906907,0.06206206206206205
season,MEX,2017/18,uniform,349,0.23097739573384277,0.3333333333333334,1.0986122886681096,0.4383954154727794,0.10506208213944607,0.052531041069723006,0.052531041069723006,0.07004138809296402
season,MEX,2018/19,uniform,339,0.23795476892822032,0.3333333333333334,1.0986122886681098,0.4749262536873156,0.1415929203539823,0.09439528023598817,0.0471976401179941,0.0943952802359882
season,MEX,2019/20,uniform,281,0.23803875049426654,0.3333333333333334,1.0986122886681098,0.4626334519572954,0.12930011862396207,0.09489916963226569,0.03440094899169632,0.08620007908264136
season,MEX,2020/21,uniform,327,0.2344546381243629,0.3333333333333334,1.0986122886681096,0.45565749235474007,0.12232415902140675,0.07339449541284404,0.04892966360856266,0.08154943934760449
season,MEX,2021/22,uniform,342,0.2285575048732944,0.3333333333333334,1.0986122886681096,0.4152046783625731,0.08187134502923976,0.03801169590643272,0.04385964912280699,0.05458089668615982
season,MEX,2022/23,uniform,359,0.2304240173320954,0.3333333333333334,1.0986122886681096,0.43175487465181056,0.09842154131847719,0.04921077065923868,0.04921077065923868,0.06561436087898485
season,MEX,2023/24,uniform,312,0.23557692307692307,0.3333333333333334,1.0986122886681096,0.4519230769230769,0.11858974358974361,0.08012820512820512,0.038461538461538436,0.07905982905982906
season,MEX,2024/25,uniform,116,0.2361111111111111,0.3333333333333334,1.0986122886681093,0.5,0.16666666666666663,0.08333333333333337,0.08333333333333337,0.11111111111111112
season,N1,2000/01,uniform,306,0.23692810457516345,0.3333333333333334,1.0986122886681096,0.47058823529411764,0.13725490196078433,0.08823529411764705,0.04901960784313725,0.09150326797385622
season,N1,2001/02,uniform,306,0.23529411764705882,0.3333333333333334,1.0986122886681096,0.5294117647058824,0.19607843137254904,0.0784313725490196,0.11764705882352938,0.13071895424836602
season,N1,2002/03,uniform,130,0.23290598290598297,0.3333333333333334,1.0986122886681098,0.43846153846153846,0.10512820512820514,0.0641025641025641,0.04102564102564099,0.07008547008547007
season,N1,2003/04,uniform,306,0.23801742919389982,0.3333333333333334,1.0986122886681096,0.4673202614379085,0.1339869281045752,0.09477124183006533,0.039215686274509776,0.08932461873638342
season,N1,2004/05,uniform,226,0.2445919370698132,0.33333333333333337,1.0986122886681096,0.47345132743362833,0.14011799410029502,0.1342182890855457,0.005899705014749235,0.0934119960668633
season,N1,2005/06,uniform,306,0.24509803921568632,0.3333333333333334,1.0986122886681096,0.4934640522875817,0.1601307189542484,0.1372549019607843,0.022875816993464027,0.10675381263616558
season,N1,2006/07,uniform,306,0.23965141612200438,0.3333333333333334,1.0986122886681096,0.5032679738562091,0.16993464052287582,0.1045751633986928,0.065359477124183,0.11328976034858389
season,N1,2007/08,uniform,274,0.24128142741281428,0.3333333333333334,1.0986122886681098,0.46715328467153283,0.13381995133819952,0.11435523114355228,0.019464720194647178,0.08921330089213299
season,N1,2008/09,uniform,306,0.23638344226579525,0.3333333333333334,1.0986122886681096,0.4803921568627451,0.1470588235294118,0.08496732026143788,0.06209150326797386,0.09803921568627451
season,N1,2009/10,uniform,306,0.24400871459694995,0.3333333333333334,1.0986122886681096,0.5,0.16666666666666669,0.130718954248366,0.03594771241830064,0.1111111111111111
season,N1,2010/11,uniform,306,0.23910675381263619,0.3333333333333334,1.0986122886681096,0.5228758169934641,0.18954248366013077,0.10130718954248363,0.08823529411764705,0.12636165577342048
season,N1,2011/12,uniform,306,0.24346405228758175,0.3333333333333334,1.0986122886681096,0.5065359477124183,0.17320261437908496,0.12745098039215685,0.04575163398692811,0.11546840958605664
season,N1,2012/13,uniform,306,0.23529411764705888,0.3333333333333334,1.0986122886681096,0.4477124183006536,0.1143790849673203,0.0784313725490196,0.03594771241830064,0.07625272331154685
season,N1,2013/14,uniform,306,0.23202614379084968,0.3333333333333334,1.0986122886681096,0.47058823529411764,0.13725490196078433,0.05882352941176466,0.0784313725490196,0.0915032679738562
season,N1,2014/15,uniform,306,0.23801742919389982,0.3333333333333334,1.0986122886681096,0.45098039215686275,0.11764705882352944,0.09477124183006533,0.022875816993464027,0.07843137254901959
season,N1,2015/16,uniform,306,0.23747276688453164,0.3333333333333334,1.0986122886681096,0.4477124183006536,0.1143790849673203,0.09150326797385619,0.022875816993464027,0.07625272331154684
season,N1,2016/17,uniform,306,0.23801742919389982,0.3333333333333334,1.0986122886681096,0.45751633986928103,0.12418300653594772,0.09477124183006533,0.02941176470588236,0.08278867102396513
season,N1,2017/18,uniform,306,0.23801742919389982,0.3333333333333334,1.0986122886681096,0.4477124183006536,0.1143790849673203,0.09477124183006533,0.019607843137254888,0.07625272331154684
season,N1,2018/19,uniform,306,0.24509803921568626,0.3333333333333334,1.0986122886681096,0.5032679738562091,0.16993464052287582,0.1372549019607843,0.0326797385620915,0.11328976034858389
season,N1,2019/20,uniform,232,0.24257662835249041,0.33333333333333337,1.0986122886681096,0.5172413793103449,0.1839080459770116,0.12212643678160912,0.06178160919540221,0.12260536398467431
season,N1,2020/21,uniform,306,0.23529411764705882,0.3333333333333334,1.0986122886681096,0.4117647058823529,0.0784313725490196,0.0784313725490196,0.0,0.05228758169934641
season,N1,2021/22,uniform,306,0.24291938997821355,0.3333333333333334,1.0986122886681096,0.43137254901960786,0.09803921568627455,0.12418300653594769,0.02614379084967322,0.08278867102396516
season,N1,2022/23,uniform,306,0.23801742919389982,0.3333333333333334,1.0986122886681096,0.4477124183006536,0.1143790849673203,0.09477124183006533,0.019607843137254888,0.07625272331154684
season,N1,2023/24,uniform,306,0.23638344226579525,0.3333333333333334,1.0986122886681096,0.43137254901960786,0.09803921568627455,0.08496732026143788,0.01307189542483661,0.06535947712418301
season,N1,2024/25,uniform,306,0.23583877995642707,0.3333333333333334,1.0986122886681096,0.4542483660130719,0.12091503267973858,0.08169934640522875,0.039215686274509776,0.08061002178649236
season,N1,2025/26,uniform,306,0.2342047930283225,0.3333333333333334,1.0986122886681096,0.4444444444444444,0.1111111111111111,0.07189542483660127,0.039215686274509776,0.07407407407407406
season,N1,2026/27,uniform,33,0.24747474747474751,0.33333333333333337,1.0986122886681098,0.30303030303030304,0.030303030303030276,0.1515151515151515,0.18181818181818182,0.1212121212121212
season,NOR,2011/12,uniform,118,0.23116760828625238,0.3333333333333335,1.0986122886681096,0.4576271186440678,0.12429378531073437,0.05367231638418091,0.07062146892655374,0.08286252354048967
season,NOR,2012/13,uniform,247,0.23931623931623933,0.33333333333333337,1.0986122886681093,0.5425101214574899,0.20917678812415652,0.10256410256410259,0.10661268556005402,0.13945119208277104
season,NOR,2013/14,uniform,227,0.23519334312285856,0.3333333333333334,1.0986122886681096,0.44933920704845814,0.11600587371512483,0.07782672540381791,0.038179148311306865,0.07733724914341654
season,NOR,2014/15,uniform,251,0.23992917220008855,0.33333333333333337,1.0986122886681096,0.46613545816733065,0.13280212483399734,0.10624169986719786,0.026560424966799445,0.08853474988933156
season,NOR,2015/16,uniform,231,0.240981240981241,0.3333333333333335,1.0986122886681096,0.47186147186147187,0.13852813852813856,0.11255411255411255,0.025974025974025983,0.09235209235209237
season,NOR,2016/17,uniform,262,0.23388464800678543,0.33333333333333337,1.0986122886681096,0.48091603053435117,0.1475826972010179,0.06997455470737907,0.07760814249363862,0.09838846480067853
season,NOR,2017/18,uniform,235,0.23664302600472814,0.33333333333333337,1.0986122886681096,0.4723404255319149,0.1390070921985816,0.08652482269503545,0.052482269503546064,0.09267139479905435
season,NOR,2018/19,uniform,253,0.23034694773825212,0.33333333333333337,1.0986122886681096,0.45849802371541504,0.12516469038208178,0.04874835309617909,0.07641633728590241,0.08344312692138776
season,NOR,2019/20,uniform,195,0.2273504273504274,0.3333333333333335,1.0986122886681096,0.4666666666666667,0.13333333333333336,0.03076923076923077,0.10256410256410253,0.08888888888888889
season,NOR,2020/21,uniform,251,0.2386011509517486,0.33333333333333337,1.0986122886681096,0.47410358565737054,0.14077025232403723,0.098273572377158,0.04249667994687911,0.09384683488269145
season,NOR,2021/22,uniform,252,0.23346560846560852,0.3333333333333333,1.0986122886681096,0.4444444444444444,0.11111111111111116,0.06746031746031739,0.04365079365079355,0.07407407407407403
season,NOR,2022/23,uniform,247,0.24606387764282503,0.33333333333333337,1.0986122886681093,0.5060728744939271,0.17273954116059376,0.14304993252361678,0.029689608636977116,0.11515969410706255
season,NOR,2023/24,uniform,231,0.24025974025974026,0.3333333333333335,1.0986122886681096,0.42424242424242425,0.09090909090909094,0.1082251082251082,0.01731601731601734,0.07215007215007216
season,NOR,2024/25,uniform,92,0.2379227053140097,0.33333333333333337,1.0986122886681096,0.45652173913043476,0.12318840579710144,0.09420289855072461,0.028985507246376774,0.08212560386473428
season,P1,2000/01,uniform,306,0.23801742919389982,0.3333333333333334,1.0986122886681096,0.5098039215686274,0.1764705882352941,0.09477124183006533,0.08169934640522875,0.11764705882352938
season,P1,2001/02,uniform,306,0.2369281045751635,0.3333333333333334,1.0986122886681096,0.5130718954248366,0.17973856209150324,0.08823529411764705,0.09150326797385619,0.11982570806100216
season,P1,2002/03,uniform,98,0.24036281179138327,0.3333333333333335,1.0986122886681096,0.5408163265306123,0.20748299319727892,0.10884353741496602,0.09863945578231295,0.1383219954648526
season,P1,2003/04,uniform,290,0.23754789272030655,0.3333333333333334,1.0986122886681098,0.496551724137931,0.1632183908045977,0.09195402298850572,0.07126436781609191,0.10881226053639843
season,P1,2004/05,uniform,306,0.229847494553377,0.3333333333333334,1.0986122886681096,0.4542483660130719,0.12091503267973858,0.04575163398692811,0.07516339869281041,0.08061002178649236
season,P1,2005/06,uniform,306,0.23638344226579525,0.3333333333333334,1.0986122886681096,0.45751633986928103,0.12418300653594772,0.08496732026143788,0.039215686274509776,0.08278867102396513
season,P1,2006/07,uniform,240,0.23194444444444443,0.3333333333333333,1.0986122886681096,0.43333333333333335,0.10000000000000009,0.05833333333333324,0.041666666666666574,0.06666666666666664
season,P1,2007/08,uniform,208,0.22649572649572652,0.33333333333333337,1.0986122886681096,0.4326923076923077,0.0993589743589744,0.025641025641025605,0.07371794871794868,0.06623931623931623
season,P1,2008/09,uniform,240,0.23333333333333334,0.3333333333333333,1.0986122886681096,0.44583333333333336,0.1125000000000001,0.0666666666666666,0.04583333333333328,0.075
season,P1,2009/10,uniform,240,0.23055555555555557,0.3333333333333333,1.0986122886681096,0.43333333333333335,0.10000000000000009,0.04999999999999993,0.04999999999999993,0.06666666666666665
season,P1,2010/11,uniform,240,0.23194444444444445,0.3333333333333333,1.0986122886681096,0.42083333333333334,0.08750000000000008,0.05833333333333324,0.02916666666666662,0.05833333333333331
season,P1,2012/13,uniform,240,0.23541666666666666,0.3333333333333333,1.0986122886681096,0.42916666666666664,0.09583333333333338,0.07916666666666661,0.016666666666666607,0.06388888888888887
season,P1,2013/14,uniform,240,0.2361111111111111,0.3333333333333333,1.0986122886681096,0.45,0.11666666666666675,0.08333333333333326,0.03333333333333327,0.07777777777777777
season,P1,2014/15,uniform,306,0.2314814814814815,0.3333333333333334,1.0986122886681096,0.4477124183006536,0.1143790849673203,0.055555555555555525,0.05882352941176466,0.07625272331154682
season,P1,2015/16,uniform,306,0.23638344226579525,0.3333333333333334,1.0986122886681096,0.434640522875817,0.10130718954248369,0.08496732026143788,0.01633986928104575,0.06753812636165578
season,P1,2016/17,uniform,306,0.2342047930283225,0.3333333333333334,1.0986122886681096,0.4444444444444444,0.1111111111111111,0.07189542483660127,0.039215686274509776,0.07407407407407406
season,P1,2017/18,uniform,306,0.24455337690631812,0.3333333333333334,1.0986122886681096,0.5163398692810458,0.1830065359477125,0.13398692810457513,0.04901960784313725,0.12200435729847496
season,P1,2018/19,uniform,306,0.24400871459694995,0.3333333333333334,1.0986122886681096,0.4673202614379085,0.1339869281045752,0.130718954248366,0.0032679738562091387,0.08932461873638343
season,P1,2019/20,uniform,259,0.2346632346632347,0.33333333333333337,1.0986122886681098,0.4015444015444015,0.06821106821106826,0.07464607464607459,0.006435006435006496,0.04976404976404978
season,P1,2020/21,uniform,353,0.23575700346238593,0.3333333333333334,1.0986122886681096,0.42209631728045327,0.0887629839471199,0.08120868744098209,0.007554296506137925,0.059175322631413306
season,P1,2021/22,uniform,306,0.23039215686274508,0.3333333333333334,1.0986122886681096,0.3954248366013072,0.06209150326797386,0.04901960784313725,0.01307189542483661,0.04139433551198257
season,P1,2022/23,uniform,306,0.24782135076252726,0.3333333333333334,1.0986122886681096,0.49019607843137253,0.1568627450980392,0.15359477124183005,0.0032679738562091387,0.10457516339869281
season,P1,2023/24,uniform,306,0.2369281045751634,0.3333333333333334,1.0986122886681096,0.434640522875817,0.10130718954248369,0.08823529411764705,0.01307189542483661,0.06753812636165578
season,P1,2024/25,uniform,306,0.23474945533769065,0.3333333333333334,1.0986122886681096,0.43137254901960786,0.09803921568627455,0.07516339869281041,0.022875816993464027,0.065359477124183
season,P1,2025/26,uniform,306,0.23257080610021794,0.3333333333333334,1.0986122886681096,0.4117647058823529,0.0784313725490196,0.06209150326797386,0.01633986928104575,0.05228758169934641
season,P1,2026/27,uniform,33,0.23232323232323232,0.33333333333333337,1.0986122886681098,0.42424242424242425,0.09090909090909094,0.06060606060606061,0.030303030303030276,0.06060606060606061
season,POL,2011/12,uniform,26,0.24572649572649574,0.33333333333333337,1.0986122886681098,0.5,0.16666666666666663,0.14102564102564105,0.02564102564102566,0.11111111111111112
season,POL,2012/13,uniform,232,0.23323754789272033,0.33333333333333337,1.0986122886681096,0.43103448275862066,0.0977011494252874,0.06609195402298845,0.031609195402298784,0.06513409961685822
season,POL,2013/14,uniform,281,0.22558323448003167,0.3333333333333334,1.0986122886681098,0.4128113879003559,0.07947805456702256,0.020166073546856456,0.05931198102016605,0.05298536971134835
season,POL,2014/15,uniform,300,0.23500000000000004,0.3333333333333334,1.0986122886681096,0.4633333333333333,0.13,0.07666666666666666,0.05333333333333329,0.08666666666666666
season,POL,2015/16,uniform,285,0.22631578947368425,0.33333333333333337,1.0986122886681098,0.4,0.06666666666666676,0.02456140350877184,0.042105263157894646,0.04444444444444442
season,POL,2016/17,uniform,299,0.2342995169082126,0.33333333333333337,1.0986122886681096,0.45819397993311034,0.12486064659977703,0.07246376811594202,0.05239687848383501,0.08324043106651802
season,POL,2017/18,uniform,295,0.23201506591337104,0.3333333333333334,1.0986122886681096,0.4271186440677966,0.09378531073446328,0.058757062146892636,0.03502824858757059,0.06252354048964216
season,POL,2018/19,uniform,303,0.23487348734873495,0.3333333333333334,1.0986122886681096,0.45544554455445546,0.12211221122112215,0.07590759075907588,0.04620462046204621,0.08140814081408142
season,POL,2019/20,uniform,254,0.24168853893263342,0.33333333333333337,1.0986122886681096,0.49606299212598426,0.16272965879265094,0.11679790026246717,0.04593175853018372,0.1084864391951006
season,POL,2020/21,uniform,281,0.23448003163305658,0.3333333333333334,1.0986122886681098,0.4199288256227758,0.08659549228944247,0.07354685646500592,0.013048635824436494,0.05773032819296162
season,POL,2021/22,uniform,306,0.23311546840958614,0.3333333333333334,1.0986122886681096,0.4411764705882353,0.10784313725490197,0.065359477124183,0.042483660130718914,0.07189542483660129
season,POL,2022/23,uniform,310,0.2315412186379929,0.3333333333333334,1.0986122886681096,0.4064516129032258,0.07311827956989247,0.05591397849462365,0.017204301075268824,0.04874551971326165
season,POL,2023/24,uniform,286,0.22591297591297596,0.33333333333333337,1.0986122886681098,0.42657342657342656,0.0932400932400933,0.02214452214452206,0.07109557109557102,0.062160062160062125
season,POL,2024/25,uniform,109,0.23802242609582064,0.3333333333333335,1.0986122886681093,0.4954128440366973,0.16207951070336385,0.0948012232415903,0.06727828746177378,0.10805300713557597
season,ROM,2011/12,uniform,40,0.22777777777777786,0.33333333333333337,1.0986122886681098,0.525,0.1916666666666667,0.033333333333333326,0.15833333333333333,0.1277777777777778
season,ROM,2012/13,uniform,266,0.22953216374269006,0.3333333333333334,1.0986122886681098,0.4548872180451128,0.12155388471177947,0.04385964912280699,0.07769423558897243,0.0810359231411863
season,ROM,2013/14,uniform,309,0.23678532901833874,0.3333333333333334,1.0986122886681096,0.44660194174757284,0.11326860841423952,0.08737864077669902,0.025889967637540423,0.07551240560949299
season,ROM,2014/15,uniform,303,0.2238723872387239,0.3333333333333334,1.0986122886681096,0.3696369636963696,0.0363036303630363,0.00990099009900991,0.02640264026402639,0.024202420242024198
season,ROM,2015/16,uniform,279,0.23476702508960584,0.33333333333333337,1.0986122886681098,0.46953405017921146,0.1362007168458782,0.07526881720430101,0.06093189964157697,0.09080047789725205
season,ROM,2016/17,uniform,264,0.23042929292929293,0.3333333333333333,1.0986122886681098,0.4166666666666667,0.08333333333333343,0.04924242424242414,0.034090909090909005,0.055555555555555525
season,ROM,2017/18,uniform,280,0.2301587301587302,0.3333333333333334,1.0986122886681098,0.3892857142857143,0.055952380952380976,0.047619047619047616,0.008333333333333304,0.0373015873015873
season,ROM,2018/19,uniform,265,0.23186582809224324,0.33333333333333337,1.0986122886681098,0.4339622641509434,0.10062893081761015,0.05786163522012572,0.04276729559748421,0.0670859538784067
season,ROM,2019/20,uniform,239,0.2373314737331474,0.3333333333333334,1.0986122886681096,0.4393305439330544,0.105997210599721,0.09065550906555095,0.015341701534170193,0.07066480706648072
season,ROM,2020/21,uniform,337,0.23030003297065613,0.3333333333333334,1.0986122886681098,0.3649851632047478,0.031651829871414405,0.04846686449060339,0.016815034619188873,0.032311242993735556
season,ROM,2021/22,uniform,326,0.2379004771642809,0.33333333333333337,1.0986122886681096,0.4815950920245399,0.14826175869120656,0.09406952965235171,0.05419222903885479,0.09884117246080436
season,ROM,2022/23,uniform,329,0.2337048294495103,0.3333333333333334,1.0986122886681096,0.44376899696048633,0.11043566362715296,0.0688956433637285,0.04154002026342457,0.07362377575143535
season,ROM,2023/24,uniform,300,0.2277777777777778,0.3333333333333334,1.0986122886681096,0.43,0.09666666666666668,0.033333333333333326,0.0633333333333333,0.06444444444444443
season,ROM,2024/25,uniform,103,0.214670981661273,0.33333333333333354,1.0986122886681093,0.36893203883495146,0.03559870550161798,0.04530744336569564,0.08090614886731406,0.05393743257820923
season,RUS,2011/12,uniform,35,0.24444444444444455,0.3333333333333334,1.0986122886681096,0.37142857142857144,0.03809523809523807,0.13333333333333336,0.09523809523809518,0.08888888888888886
season,RUS,2012/13,uniform,226,0.24016715830875127,0.33333333333333337,1.0986122886681096,0.4557522123893805,0.1224188790560472,0.10766961651917403,0.014749262536873142,0.08161258603736479
season,RUS,2013/14,uniform,229,0.23483745754488117,0.33333333333333337,1.0986122886681096,0.4410480349344978,0.10771470160116442,0.07569141193595347,0.03202328966521112,0.071809801067443
season,RUS,2014/15,uniform,242,0.23438934802571165,0.33333333333333337,1.0986122886681096,0.4669421487603306,0.13360881542699726,0.0730027548209366,0.06060606060606061,0.08907254361799816
season,RUS,2015/16,uniform,248,0.2314068100358423,0.3333333333333333,1.0986122886681096,0.43548387096774194,0.10215053763440862,0.05510752688172044,0.04704301075268813,0.06810035842293906
season,RUS,2016/17,uniform,246,0.236449864498645,0.33333333333333337,1.0986122886681093,0.45121951219512196,0.11788617886178865,0.08536585365853658,0.03252032520325199,0.07859078590785908
season,RUS,2017/18,uniform,254,0.22856517935258097,0.33333333333333337,1.0986122886681096,0.43700787401574803,0.10367454068241472,0.03805774278215224,0.06561679790026242,0.06911636045494313
season,RUS,2018/19,uniform,239,0.23105532310553234,0.3333333333333334,1.0986122886681096,0.37656903765690375,0.04323570432357038,0.05299860529986056,0.009762900976290068,0.03533240353324033
season,RUS,2019/20,uniform,207,0.23027375201288247,0.3333333333333335,1.0986122886681096,0.3719806763285024,0.038647342995168976,0.048309178743961456,0.009661835748792202,0.03220611916264088
season,RUS,2020/21,uniform,265,0.24318658280922437,0.33333333333333337,1.0986122886681098,0.4528301886792453,0.11949685534591203,0.1257861635220125,0.006289308176100683,0.0838574423480084
season,RUS,2021/22,uniform,247,0.23661718398560502,0.33333333333333337,1.0986122886681093,0.4777327935222672,0.14439946018893385,0.08636977058029693,0.058029689608637025,0.0962663067926226
season,RUS,2022/23,uniform,248,0.24081541218637995,0.3333333333333333,1.0986122886681096,0.4637096774193548,0.1303763440860215,0.11155913978494622,0.018817204301075252,0.08691756272401434
season,RUS,2023/24,uniform,233,0.23128278493085358,0.33333333333333337,1.0986122886681096,0.463519313304721,0.1301859799713877,0.054363376251788276,0.07582260371959942,0.08679065331425846
season,RUS,2024/25,uniform,89,0.23470661672908869,0.3333333333333334,1.0986122886681096,0.4044943820224719,0.07116104868913853,0.07490636704119852,0.0037453183520598787,0.049937578027465644
season,SC0,2001/02,uniform,228,0.2419590643274854,0.33333333333333337,1.0986122886681096,0.4692982456140351,0.1359649122807018,0.11842105263157893,0.017543859649122806,0.09064327485380118
season,SC0,2002/03,uniform,175,0.2425396825396826,0.33333333333333337,1.0986122886681096,0.4514285714285714,0.11809523809523809,0.12190476190476188,0.003809523809523818,0.08126984126984126
season,SC0,2003/04,uniform,111,0.24024024024024024,0.33333333333333354,1.0986122886681093,0.4144144144144144,0.08108108108108092,0.10810810810810825,0.027027027027026862,0.07207207207207202
season,SC0,2004/05,uniform,127,0.23709536307961507,0.3333333333333335,1.0986122886681093,0.4094488188976378,0.07611548556430436,0.08923884514435704,0.013123359580052396,0.059492563429571266
season,SC0,2005/06,uniform,228,0.23611111111111116,0.33333333333333337,1.0986122886681096,0.42543859649122806,0.09210526315789475,0.08333333333333331,0.008771929824561375,0.061403508771929814
season,SC0,2006/07,uniform,228,0.23830409356725143,0.33333333333333337,1.0986122886681096,0.43859649122807015,0.10526315789473684,0.09649122807017543,0.008771929824561375,0.07017543859649121
season,SC0,2007/08,uniform,228,0.24269005847953218,0.33333333333333337,1.0986122886681096,0.5,0.16666666666666669,0.12280701754385964,0.04385964912280699,0.1111111111111111
season,SC0,2008/09,uniform,228,0.23464912280701755,0.33333333333333337,1.0986122886681096,0.42105263157894735,0.08771929824561403,0.07456140350877188,0.01315789473684209,0.058479532163742666
season,SC0,2009/10,uniform,228,0.23172514619883042,0.33333333333333337,1.0986122886681096,0.41228070175438597,0.07894736842105265,0.05701754385964908,0.021929824561403466,0.0526315789473684
season,SC0,2010/11,uniform,228,0.2419590643274854,0.33333333333333337,1.0986122886681096,0.41228070175438597,0.07894736842105265,0.11842105263157893,0.03947368421052633,0.07894736842105264
season,SC0,2011/12,uniform,228,0.23611111111111113,0.33333333333333337,1.0986122886681096,0.39473684210526316,0.06140350877192985,0.08333333333333331,0.02192982456140352,0.05555555555555556
season,SC0,2012/13,uniform,228,0.2244152046783626,0.33333333333333337,1.0986122886681096,0.39035087719298245,0.057017543859649134,0.01315789473684209,0.04385964912280699,0.03801169590643274
season,SC0,2013/14,uniform,228,0.2412280701754386,0.33333333333333337,1.0986122886681096,0.4473684210526316,0.11403508771929827,0.11403508771929824,0.0,0.0760233918128655
season,SC0,2014/15,uniform,228,0.24561403508771934,0.33333333333333337,1.0986122886681096,0.4473684210526316,0.11403508771929827,0.14035087719298245,0.026315789473684237,0.09356725146198831
season,SC0,2015/16,uniform,228,0.23976608187134504,0.33333333333333337,1.0986122886681096,0.40789473684210525,0.07456140350877194,0.10526315789473684,0.030701754385964952,0.07017543859649124
season,SC0,2016/17,uniform,228,0.23538011695906436,0.33333333333333337,1.0986122886681096,0.41228070175438597,0.07894736842105265,0.0789473684210526,0.0,0.05263157894736842
season,SC0,2017/18,uniform,228,0.23684210526315788,0.33333333333333337,1.0986122886681096,0.40789473684210525,0.07456140350877194,0.08771929824561403,0.013157894736842146,0.05847953216374271
season,SC0,2018/19,uniform,228,0.24342105263157895,0.33333333333333337,1.0986122886681096,0.45614035087719296,0.12280701754385964,0.12719298245614033,0.004385964912280715,0.08479532163742691
season,SC0,2019/20,uniform,179,0.23494723774053383,0.3333333333333334,1.0986122886681096,0.441340782122905,0.10800744878957164,0.07635009310986968,0.03165735567970207,0.07200496585971446
season,SC0,2020/21,uniform,228,0.23611111111111108,0.33333333333333337,1.0986122886681096,0.38596491228070173,0.05263157894736842,0.08333333333333331,0.030701754385964952,0.05555555555555556
season,SC0,2021/22,uniform,228,0.23172514619883042,0.33333333333333337,1.0986122886681096,0.4298245614035088,0.09649122807017546,0.05701754385964908,0.03947368421052627,0.06432748538011694
season,SC0,2022/23,uniform,228,0.24853801169590645,0.33333333333333337,1.0986122886681096,0.5175438596491229,0.18421052631578955,0.15789473684210525,0.02631578947368418,0.12280701754385966
season,SC0,2023/24,uniform,228,0.233187134502924,0.33333333333333337,1.0986122886681096,0.4298245614035088,0.09649122807017546,0.06578947368421051,0.030701754385964897,0.06432748538011696
season,SC0,2024/25,uniform,200,0.2411111111111111,0.3333333333333334,1.0986122886681096,0.465,0.13166666666666677,0.11333333333333326,0.018333333333333257,0.08777777777777777
season,SC0,2025/26,uniform,228,0.233187134502924,0.33333333333333337,1.0986122886681096,0.4473684210526316,0.11403508771929827,0.06578947368421051,0.0482456140350877,0.07602339181286549
season,SC0,2026/27,uniform,25,0.2511111111111111,0.33333333333333337,1.0986122886681098,0.4,0.06666666666666665,0.17333333333333337,0.10666666666666663,0.11555555555555556
season,SC1,2001/02,uniform,180,0.23148148148148154,0.3333333333333334,1.0986122886681096,0.4666666666666667,0.13333333333333336,0.055555555555555525,0.07777777777777778,0.08888888888888889
season,SC1,2002/03,uniform,79,0.2398030942334741,0.3333333333333333,1.0986122886681096,0.4430379746835443,0.10970464135021107,0.10548523206751043,0.004219409282700315,0.07313642756680727
season,SC1,2003/04,uniform,180,0.22870370370370374,0.3333333333333334,1.0986122886681096,0.42777777777777776,0.09444444444444444,0.03888888888888886,0.055555555555555525,0.06296296296296294
season,SC1,2004/05,uniform,164,0.2350948509485095,0.3333333333333334,1.0986122886681096,0.39634146341463417,0.06300813008130085,0.07723577235772355,0.014227642276422758,0.051490514905149054
season,SC1,2005/06,uniform,180,0.22129629629629635,0.3333333333333334,1.0986122886681096,0.38333333333333336,0.050000000000000044,0.005555555555555591,0.055555555555555525,0.037037037037037056
season,SC1,2006/07,uniform,180,0.23333333333333336,0.3333333333333334,1.0986122886681096,0.43333333333333335,0.10000000000000003,0.06666666666666665,0.033333333333333326,0.06666666666666667
season,SC1,2007/08,uniform,180,0.22962962962962968,0.3333333333333334,1.0986122886681096,0.4444444444444444,0.1111111111111111,0.04444444444444445,0.06666666666666665,0.07407407407407407
season,SC1,2008/09,uniform,180,0.2314814814814815,0.3333333333333334,1.0986122886681096,0.40555555555555556,0.07222222222222224,0.055555555555555525,0.016666666666666663,0.04814814814814814
season,SC1,2009/10,uniform,180,0.2361111111111112,0.3333333333333334,1.0986122886681096,0.45555555555555555,0.12222222222222223,0.08333333333333331,0.03888888888888886,0.08148148148148147
season,SC1,2010/11,uniform,180,0.23333333333333336,0.3333333333333334,1.0986122886681096,0.40555555555555556,0.07222222222222224,0.06666666666666665,0.005555555555555536,0.04814814814814814
season,SC1,2011/12,uniform,180,0.22777777777777783,0.3333333333333334,1.0986122886681096,0.3888888888888889,0.05555555555555558,0.033333333333333326,0.0222222222222222,0.037037037037037035
season,SC1,2012/13,uniform,180,0.23796296296296301,0.3333333333333334,1.0986122886681096,0.37222222222222223,0.03888888888888892,0.09444444444444441,0.05555555555555558,0.06296296296296297
season,SC1,2013/14,uniform,180,0.2425925925925926,0.3333333333333334,1.0986122886681096,0.4666666666666667,0.13333333333333336,0.1222222222222222,0.011111111111111072,0.08888888888888886
season,SC1,2014/15,uniform,180,0.2425925925925926,0.3333333333333334,1.0986122886681096,0.4222222222222222,0.0888888888888889,0.1222222222222222,0.033333333333333326,0.08148148148148147
season,SC1,2015/16,uniform,180,0.23981481481481484,0.3333333333333334,1.0986122886681096,0.4722222222222222,0.1388888888888889,0.10555555555555554,0.033333333333333326,0.0925925925925926
season,SC1,2016/17,uniform,180,0.22314814814814818,0.3333333333333334,1.0986122886681096,0.3888888888888889,0.05555555555555558,0.005555555555555536,0.04999999999999999,0.037037037037037035
season,SC1,2017/18,uniform,180,0.2370370370370371,0.3333333333333334,1.0986122886681096,0.42777777777777776,0.09444444444444444,0.08888888888888888,0.005555555555555536,0.06296296296296296
season,SC1,2018/19,uniform,180,0.23240740740740742,0.3333333333333334,1.0986122886681096,0.37777777777777777,0.04444444444444445,0.061111111111111116,0.016666666666666663,0.040740740740740744
season,SC1,2019/20,uniform,137,0.23884833738848343,0.3333333333333334,1.0986122886681098,0.43795620437956206,0.10462287104622875,0.0997566909975669,0.0048661800486617945,0.06974858069748581
season,SC1,2020/21,uniform,135,0.22469135802469142,0.3333333333333333,1.0986122886681096,0.4148148148148148,0.0814814814814816,0.01481481481481467,0.06666666666666654,0.05432098765432094
season,SC1,2021/22,uniform,180,0.22407407407407412,0.3333333333333334,1.0986122886681096,0.37222222222222223,0.03888888888888892,0.011111111111111072,0.027777777777777735,0.025925925925925908
season,SC1,2022/23,uniform,180,0.22870370370370374,0.3333333333333334,1.0986122886681096,0.39444444444444443,0.061111111111111116,0.03888888888888886,0.0222222222222222,0.04074074074074072
season,SC1,2023/24,uniform,180,0.23425925925925928,0.3333333333333334,1.0986122886681096,0.36666666666666664,0.033333333333333326,0.07222222222222219,0.03888888888888892,0.04814814814814814
season,SC1,2024/25,uniform,159,0.23584905660377362,0.33333333333333337,1.0986122886681096,0.46540880503144655,0.13207547169811323,0.08176100628930816,0.05031446540880502,0.0880503144654088
season,SC1,2025/26,uniform,180,0.2212962962962963,0.3333333333333334,1.0986122886681096,0.3888888888888889,0.05555555555555558,0.005555555555555591,0.061111111111111116,0.040740740740740765
season,SC1,2026/27,uniform,20,0.21944444444444441,0.3333333333333333,1.09861228866811,0.45,0.11666666666666675,0.01666666666666672,0.13333333333333325,0.0888888888888889
season,SC2,2001/02,uniform,180,0.22685185185185186,0.3333333333333334,1.0986122886681096,0.38333333333333336,0.050000000000000044,0.027777777777777735,0.0222222222222222,0.033333333333333326
season,SC2,2002/03,uniform,79,0.239803094233474,0.3333333333333333,1.0986122886681096,0.46835443037974683,0.13502109704641363,0.10548523206751043,0.029535864978902815,0.09001406469760896
season,SC2,2003/04,uniform,180,0.23981481481481484,0.3333333333333334,1.0986122886681096,0.4222222222222222,0.0888888888888889,0.10555555555555554,0.016666666666666663,0.07037037037037037
season,SC2,2004/05,uniform,180,0.237962962962963,0.3333333333333334,1.0986122886681096,0.42777777777777776,0.09444444444444444,0.09444444444444441,0.0,0.06296296296296296
season,SC2,2005/06,uniform,180,0.2453703703703704,0.3333333333333334,1.0986122886681096,0.43333333333333335,0.10000000000000003,0.13888888888888887,0.03888888888888892,0.0925925925925926
season,SC2,2006/07,uniform,180,0.24444444444444444,0.3333333333333334,1.0986122886681096,0.43333333333333335,0.10000000000000003,0.1333333333333333,0.033333333333333326,0.08888888888888889
season,SC2,2007/08,uniform,180,0.2453703703703704,0.3333333333333334,1.0986122886681096,0.43333333333333335,0.10000000000000003,0.13888888888888887,0.03888888888888892,0.0925925925925926
season,SC2,2008/09,uniform,180,0.23703703703703707,0.3333333333333334,1.0986122886681096,0.4166666666666667,0.08333333333333337,0.08888888888888888,0.005555555555555591,0.05925925925925928
season,SC2,2009/10,uniform,180,0.23518518518518525,0.3333333333333334,1.0986122886681096,0.39444444444444443,0.061111111111111116,0.07777777777777778,0.016666666666666663,0.05185185185185185
season,SC2,2010/11,uniform,180,0.23796296296296301,0.3333333333333334,1.0986122886681096,0.4444444444444444,0.1111111111111111,0.09444444444444441,0.016666666666666663,0.07407407407407406
season,SC2,2011/12,uniform,180,0.23796296296296301,0.3333333333333334,1.0986122886681096,0.4388888888888889,0.10555555555555557,0.09444444444444441,0.011111111111111072,0.07037037037037035
season,SC2,2012/13,uniform,180,0.2490740740740741,0.3333333333333334,1.0986122886681096,0.4888888888888889,0.15555555555555556,0.1611111111111111,0.005555555555555591,0.10740740740740741
season,SC2,2013/14,uniform,180,0.24629629629629632,0.3333333333333334,1.0986122886681096,0.4444444444444444,0.1111111111111111,0.14444444444444443,0.033333333333333326,0.09629629629629628
season,SC2,2014/15,uniform,180,0.2416666666666667,0.3333333333333334,1.0986122886681096,0.45,0.1166666666666667,0.11666666666666664,0.0,0.07777777777777778
season,SC2,2015/16,uniform,180,0.24351851851851858,0.3333333333333334,1.0986122886681096,0.43333333333333335,0.10000000000000003,0.12777777777777777,0.02777777777777779,0.0851851851851852
season,SC2,2016/17,uniform,180,0.2425925925925926,0.3333333333333334,1.0986122886681096,0.4111111111111111,0.07777777777777778,0.1222222222222222,0.04444444444444445,0.08148148148148147
season,SC2,2017/18,uniform,180,0.2453703703703704,0.3333333333333334,1.0986122886681096,0.4388888888888889,0.10555555555555557,0.13888888888888887,0.033333333333333326,0.0925925925925926
season,SC2,2018/19,uniform,180,0.23981481481481484,0.3333333333333334,1.0986122886681096,0.4388888888888889,0.10555555555555557,0.10555555555555554,0.0,0.07037037037037037
season,SC2,2019/20,uniform,139,0.23701039168665072,0.3333333333333334,1.0986122886681098,0.4676258992805755,0.1342925659472422,0.08872901678657072,0.04556354916067146,0.08952837729816147
season,SC2,2020/21,uniform,110,0.24595959595959596,0.3333333333333335,1.0986122886681093,0.4818181818181818,0.1484848484848484,0.1424242424242425,0.006060606060606155,0.09898989898989902
season,SC2,2021/22,uniform,180,0.22962962962962966,0.3333333333333334,1.0986122886681096,0.39444444444444443,0.061111111111111116,0.04444444444444445,0.016666666666666663,0.040740740740740744
season,SC2,2022/23,uniform,180,0.23888888888888893,0.3333333333333334,1.0986122886681096,0.43333333333333335,0.10000000000000003,0.09999999999999998,0.0,0.06666666666666667
season,SC2,2023/24,uniform,180,0.23981481481481484,0.3333333333333334,1.0986122886681096,0.4111111111111111,0.07777777777777778,0.10555555555555554,0.02777777777777779,0.07037037037037037
season,SC2,2024/25,uniform,164,0.23407859078590793,0.3333333333333334,1.0986122886681096,0.4024390243902439,0.06910569105691061,0.07113821138211379,0.002032520325203291,0.04742547425474256
season,SC2,2025/26,uniform,180,0.23240740740740742,0.3333333333333334,1.0986122886681096,0.4166666666666667,0.08333333333333337,0.061111111111111116,0.0222222222222222,0.05555555555555556
season,SC2,2026/27,uniform,24,0.23611111111111116,0.3333333333333333,1.0986122886681098,0.5416666666666666,0.20833333333333331,0.08333333333333331,0.12499999999999997,0.13888888888888887
season,SC3,2001/02,uniform,180,0.24351851851851858,0.3333333333333334,1.0986122886681096,0.45,0.1166666666666667,0.12777777777777777,0.011111111111111127,0.0851851851851852
season,SC3,2002/03,uniform,79,0.22503516174402255,0.3333333333333333,1.0986122886681096,0.3670886075949367,0.03375527426160352,0.016877637130801537,0.016877637130801537,0.0225035161744022
season,SC3,2003/04,uniform,111,0.2462462462462463,0.33333333333333354,1.0986122886681093,0.42342342342342343,0.09009009009008995,0.14414414414414428,0.05405405405405389,0.09609609609609604
season,SC3,2004/05,uniform,164,0.2422086720867209,0.3333333333333334,1.0986122886681096,0.43902439024390244,0.10569105691056913,0.11991869918699186,0.014227642276422758,0.07994579945799458
season,SC3,2005/06,uniform,180,0.24629629629629632,0.3333333333333334,1.0986122886681096,0.4722222222222222,0.1388888888888889,0.14444444444444443,0.005555555555555591,0.09629629629629631
season,SC3,2006/07,uniform,180,0.2574074074074074,0.3333333333333334,1.0986122886681096,0.4888888888888889,0.15555555555555556,0.21111111111111108,0.05555555555555558,0.14074074074074075
season,SC3,2007/08,uniform,180,0.24074074074074073,0.3333333333333334,1.0986122886681096,0.42777777777777776,0.09444444444444444,0.1111111111111111,0.016666666666666663,0.07407407407407407
season,SC3,2008/09,uniform,180,0.2444444444444445,0.3333333333333334,1.0986122886681096,0.4388888888888889,0.10555555555555557,0.1333333333333333,0.02777777777777779,0.08888888888888889
season,SC3,2009/10,uniform,180,0.2416666666666667,0.3333333333333334,1.0986122886681096,0.4388888888888889,0.10555555555555557,0.11666666666666664,0.011111111111111127,0.07777777777777778
season,SC3,2010/11,uniform,180,0.23981481481481484,0.3333333333333334,1.0986122886681096,0.4388888888888889,0.10555555555555557,0.10555555555555554,0.0,0.07037037037037037
season,SC3,2011/12,uniform,180,0.24074074074074076,0.3333333333333334,1.0986122886681096,0.45,0.1166666666666667,0.1111111111111111,0.005555555555555536,0.07777777777777778
season,SC3,2012/13,uniform,180,0.24074074074074076,0.3333333333333334,1.0986122886681096,0.45,0.1166666666666667,0.1111111111111111,0.005555555555555536,0.07777777777777778
season,SC3,2013/14,uniform,180,0.24074074074074078,0.3333333333333334,1.0986122886681096,0.4444444444444444,0.1111111111111111,0.1111111111111111,0.0,0.07407407407407407
season,SC3,2014/15,uniform,180,0.2425925925925926,0.3333333333333334,1.0986122886681096,0.4388888888888889,0.10555555555555557,0.1222222222222222,0.016666666666666663,0.08148148148148147
season,SC3,2015/16,uniform,180,0.2416666666666667,0.3333333333333334,1.0986122886681096,0.4777777777777778,0.1444444444444445,0.11666666666666664,0.027777777777777735,0.09629629629629628
season,SC3,2016/17,uniform,180,0.2351851851851852,0.3333333333333334,1.0986122886681096,0.38333333333333336,0.050000000000000044,0.07777777777777778,0.02777777777777779,0.05185185185185187
season,SC3,2017/18,uniform,180,0.2388888888888889,0.3333333333333334,1.0986122886681096,0.4111111111111111,0.07777777777777778,0.09999999999999998,0.022222222222222254,0.06666666666666667
season,SC3,2018/19,uniform,180,0.24722222222222223,0.3333333333333334,1.0986122886681096,0.45,0.1166666666666667,0.15,0.033333333333333326,0.10000000000000002
season,SC3,2019/20,uniform,137,0.24493106244931065,0.3333333333333334,1.0986122886681098,0.48175182481751827,0.14841849148418496,0.13625304136253039,0.012165450121654486,0.0989456609894566
season,SC3,2020/21,uniform,110,0.2444444444444445,0.3333333333333335,1.0986122886681093,0.38181818181818183,0.04848484848484841,0.13333333333333341,0.08484848484848473,0.08888888888888885
season,SC3,2021/22,uniform,180,0.2361111111111111,0.3333333333333334,1.0986122886681096,0.37777777777777777,0.04444444444444445,0.08333333333333331,0.03888888888888892,0.05555555555555556
season,SC3,2022/23,uniform,180,0.237962962962963,0.3333333333333334,1.0986122886681096,0.43333333333333335,0.10000000000000003,0.09444444444444441,0.005555555555555536,0.06666666666666667
season,SC3,2023/24,uniform,180,0.22407407407407412,0.3333333333333334,1.0986122886681096,0.40555555555555556,0.07222222222222224,0.011111111111111072,0.061111111111111116,0.04814814814814814
season,SC3,2024/25,uniform,169,0.24424720578566733,0.3333333333333334,1.0986122886681098,0.5029585798816568,0.16962524654832345,0.13214990138067065,0.037475345167652885,0.11308349769888232
season,SC3,2025/26,uniform,180,0.22962962962962968,0.3333333333333334,1.0986122886681096,0.39444444444444443,0.061111111111111116,0.04444444444444445,0.016666666666666663,0.040740740740740744
season,SC3,2026/27,uniform,25,0.2377777777777778,0.33333333333333337,1.0986122886681098,0.56,0.22666666666666668,0.09333333333333338,0.13333333333333336,0.15111111111111114
season,SP1,2000/01,uniform,380,0.23435672514619887,0.3333333333333335,1.0986122886681093,0.5236842105263158,0.19035087719298238,0.07280701754385971,0.11754385964912284,0.12690058479532165
season,SP1,2001/02,uniform,380,0.2334795321637427,0.3333333333333335,1.0986122886681093,0.48947368421052634,0.15614035087719297,0.06754385964912285,0.0885964912280702,0.10409356725146202
season,SP1,2002/03,uniform,380,0.23172514619883045,0.3333333333333335,1.0986122886681093,0.4631578947368421,0.12982456140350873,0.057017543859649134,0.07280701754385971,0.0865497076023392
season,SP1,2003/04,uniform,380,0.23611111111111113,0.3333333333333335,1.0986122886681093,0.45263157894736844,0.11929824561403507,0.08333333333333337,0.03596491228070181,0.07953216374269008
season,SP1,2004/05,uniform,268,0.23300165837479275,0.33333333333333337,1.0986122886681098,0.5111940298507462,0.177860696517413,0.06467661691542281,0.11318407960198998,0.11857379767827525
season,SP1,2005/06,uniform,380,0.23172514619883045,0.3333333333333335,1.0986122886681093,0.4263157894736842,0.09298245614035083,0.057017543859649134,0.03596491228070181,0.06198830409356726
season,SP1,2007/08,uniform,380,0.23961988304093568,0.3333333333333335,1.0986122886681093,0.4789473684210526,0.14561403508771925,0.10438596491228075,0.041228070175438614,0.09707602339181287
season,SP1,2008/09,uniform,380,0.24137426900584796,0.3333333333333335,1.0986122886681093,0.4842105263157895,0.1508771929824561,0.11491228070175441,0.03596491228070181,0.10058479532163744
season,SP1,2009/10,uniform,380,0.23611111111111113,0.3333333333333335,1.0986122886681093,0.5105263157894737,0.17719298245614035,0.08333333333333337,0.09385964912280706,0.11812865497076026
season,SP1,2010/11,uniform,380,0.24312865497076025,0.3333333333333335,1.0986122886681093,0.5184210526315789,0.18508771929824552,0.1254385964912281,0.05964912280701756,0.12339181286549707
season,SP1,2011/12,uniform,380,0.2365497076023392,0.3333333333333335,1.0986122886681093,0.49473684210526314,0.16140350877192977,0.0859649122807018,0.07543859649122808,0.10760233918128655
season,SP1,2012/13,uniform,380,0.24093567251461992,0.3333333333333335,1.0986122886681093,0.49736842105263157,0.1640350877192982,0.11228070175438601,0.05175438596491233,0.10935672514619883
season,SP1,2013/14,uniform,380,0.24005847953216375,0.3333333333333335,1.0986122886681093,0.4710526315789474,0.13771929824561402,0.10701754385964915,0.030701754385964952,0.09181286549707605
season,SP1,2014/15,uniform,380,0.2378654970760234,0.3333333333333335,1.0986122886681093,0.45,0.11666666666666664,0.09385964912280706,0.022807017543859665,0.07777777777777779
season,SP1,2015/16,uniform,380,0.23742690058479535,0.3333333333333335,1.0986122886681093,0.48157894736842105,0.14824561403508768,0.09122807017543863,0.057017543859649134,0.09883040935672516
season,SP1,2016/17,uniform,380,0.23874269005847956,0.3333333333333335,1.0986122886681093,0.4763157894736842,0.14298245614035082,0.09912280701754389,0.04385964912280704,0.09532163742690059
season,SP1,2017/18,uniform,380,0.24005847953216375,0.3333333333333335,1.0986122886681093,0.4710526315789474,0.13771929824561402,0.10701754385964915,0.030701754385964952,0.09181286549707605
season,SP1,2018/19,uniform,380,0.2295321637426901,0.3333333333333335,1.0986122886681093,0.4421052631578947,0.10877192982456135,0.04385964912280704,0.06491228070175442,0.07251461988304093
season,SP1,2019/20,uniform,323,0.23030615755073963,0.33333333333333337,1.0986122886681096,0.47058823529411764,0.13725490196078433,0.0485036119711042,0.08875128998968007,0.0915032679738562
season,SP1,2020/21,uniform,437,0.23124841088227818,0.33333333333333337,1.0986122886681096,0.41189931350114417,0.0785659801678108,0.05415713196033567,0.024408848207475242,0.052377320111873904
season,SP1,2021/22,uniform,380,0.22909356725146204,0.3333333333333335,1.0986122886681093,0.4342105263157895,0.10087719298245612,0.041228070175438614,0.05964912280701756,0.0672514619883041
season,SP1,2022/23,uniform,380,0.23874269005847956,0.3333333333333335,1.0986122886681093,0.4789473684210526,0.14561403508771925,0.09912280701754389,0.04649122807017547,0.09707602339181287
season,SP1,2023/24,uniform,380,0.23084795321637427,0.3333333333333335,1.0986122886681093,0.4394736842105263,0.10614035087719292,0.05175438596491233,0.05438596491228076,0.07076023391812868
season,SP1,2024/25,uniform,380,0.235233918128655,0.3333333333333335,1.0986122886681093,0.44473684210526315,0.11140350877192978,0.07807017543859651,0.03333333333333338,0.07426900584795322
season,SP1,2025/26,uniform,380,0.2369883040935673,0.3333333333333335,1.0986122886681093,0.48947368421052634,0.15614035087719297,0.0885964912280702,0.06754385964912285,0.10409356725146202
season,SP1,2026/27,uniform,31,0.2347670250896057,0.3333333333333335,1.0986122886681098,0.5161290322580645,0.18279569892473102,0.07526881720430123,0.10752688172043026,0.12186379928315416
season,SP2,2000/01,uniform,462,0.22222222222222227,0.3333333333333333,1.0986122886681096,0.4199134199134199,0.08658008658008659,0.0,0.08658008658008656,0.05772005772005772
season,SP2,2001/02,uniform,414,0.22504025764895336,0.3333333333333335,1.0986122886681096,0.42028985507246375,0.08695652173913043,0.016908212560386437,0.07004830917874394,0.0579710144927536
season,SP2,2002/03,uniform,239,0.21292422129242217,0.3333333333333334,1.0986122886681096,0.3891213389121339,0.05578800557880054,0.05578800557880054,0.11157601115760116,0.07438400743840075
season,SP2,2003/04,uniform,158,0.22292545710267234,0.33333333333333337,1.0986122886681096,0.4177215189873418,0.08438818565400852,0.00421940928270037,0.08016877637130793,0.0562587904360056
season,SP2,2004/05,uniform,462,0.23015873015873017,0.3333333333333333,1.0986122886681096,0.40476190476190477,0.07142857142857145,0.047619047619047616,0.02380952380952378,0.047619047619047616
season,SP2,2005/06,uniform,462,0.2305194805194805,0.3333333333333333,1.0986122886681096,0.461038961038961,0.1277056277056277,0.04978354978354976,0.07792207792207789,0.08513708513708512
season,SP2,2007/08,uniform,446,0.22284504235176883,0.33333333333333337,1.0986122886681096,0.44170403587443946,0.10837070254110609,0.003736920777279551,0.10463378176382665,0.0722471350274041
season,SP2,2008/09,uniform,462,0.22619047619047622,0.3333333333333333,1.0986122886681096,0.44805194805194803,0.11471861471861472,0.02380952380952378,0.09090909090909088,0.07647907647907647
season,SP2,2009/10,uniform,462,0.2254689754689755,0.3333333333333333,1.0986122886681096,0.43722943722943725,0.10389610389610393,0.019480519480519487,0.08441558441558439,0.06926406926406926
season,SP2,2010/11,uniform,462,0.23160173160173161,0.3333333333333333,1.0986122886681096,0.4805194805194805,0.1471861471861472,0.05627705627705626,0.09090909090909088,0.09812409812409811
season,SP2,2011/12,uniform,462,0.23737373737373738,0.3333333333333333,1.0986122886681096,0.4675324675324675,0.1341991341991342,0.09090909090909088,0.04329004329004327,0.08946608946608946
season,SP2,2012/13,uniform,462,0.23520923520923523,0.3333333333333333,1.0986122886681096,0.4935064935064935,0.1601731601731602,0.07792207792207789,0.08225108225108224,0.10678210678210677
season,SP2,2013/14,uniform,462,0.2283549783549784,0.3333333333333333,1.0986122886681096,0.4329004329004329,0.09956709956709958,0.03679653679653677,0.06277056277056275,0.06637806637806637
season,SP2,2014/15,uniform,462,0.2290764790764791,0.3333333333333333,1.0986122886681096,0.4523809523809524,0.11904761904761907,0.04112554112554112,0.07792207792207789,0.07936507936507936
season,SP2,2015/16,uniform,462,0.22582972582972585,0.3333333333333333,1.0986122886681096,0.4523809523809524,0.11904761904761907,0.021645021645021634,0.09740259740259738,0.07936507936507936
season,SP2,2016/17,uniform,462,0.22510822510822515,0.3333333333333333,1.0986122886681096,0.4653679653679654,0.13203463203463206,0.017316017316017285,0.11471861471861469,0.088023088023088
season,SP2,2017/18,uniform,462,0.23015873015873017,0.3333333333333333,1.0986122886681096,0.48268398268398266,0.14935064935064934,0.047619047619047616,0.1017316017316017,0.09956709956709957
season,SP2,2018/19,uniform,462,0.2261904761904762,0.3333333333333333,1.0986122886681096,0.45021645021645024,0.11688311688311692,0.02380952380952378,0.09307359307359306,0.07792207792207792
season,SP2,2019/20,uniform,398,0.21705750977107763,0.33333333333333337,1.0986122886681096,0.3743718592964824,0.04103852596314905,0.030988274706867658,0.07202680067001677,0.04801786711334449
season,SP2,2020/21,uniform,526,0.23183354457118718,0.3333333333333333,1.0986122886681098,0.4543726235741445,0.12103929024081117,0.057667934093789563,0.06337135614702155,0.08069286016054077
season,SP2,2021/22,uniform,462,0.22835497835497837,0.3333333333333333,1.0986122886681096,0.43722943722943725,0.10389610389610393,0.03679653679653677,0.0670995670995671,0.06926406926406926
season,SP2,2022/23,uniform,462,0.22222222222222224,0.3333333333333333,1.0986122886681096,0.44155844155844154,0.10822510822510822,0.0,0.1082251082251082,0.07215007215007214
season,SP2,2023/24,uniform,462,0.2276334776334777,0.3333333333333333,1.0986122886681096,0.4653679653679654,0.13203463203463206,0.03246753246753242,0.09956709956709955,0.088023088023088
season,SP2,2024/25,uniform,462,0.23088023088023088,0.3333333333333333,1.0986122886681096,0.46320346320346323,0.1298701298701299,0.05194805194805191,0.07792207792207789,0.08658008658008658
season,SP2,2025/26,uniform,462,0.23629148629148633,0.3333333333333333,1.0986122886681096,0.44805194805194803,0.11471861471861472,0.08441558441558439,0.030303030303030276,0.07647907647907647
season,SP2,2026/27,uniform,33,0.23737373737373743,0.33333333333333337,1.0986122886681098,0.45454545454545453,0.12121212121212122,0.09090909090909088,0.030303030303030276,0.08080808080808079
season,SUI,2011/12,uniform,23,0.21980676328502416,0.33333333333333326,1.0986122886681102,0.391304347826087,0.05797101449275377,0.014492753623188526,0.0724637681159419,0.0483091787439614
season,SUI,2012/13,uniform,156,0.23290598290598297,0.3333333333333334,1.0986122886681096,0.44871794871794873,0.11538461538461542,0.0641025641025641,0.051282051282051266,0.07692307692307693
season,SUI,2013/14,uniform,177,0.24387947269303203,0.3333333333333334,1.0986122886681096,0.4858757062146893,0.15254237288135597,0.12994350282485873,0.022598870056497133,0.10169491525423728
season,SUI,2014/15,uniform,183,0.23224043715846998,0.3333333333333334,1.0986122886681096,0.4207650273224044,0.08743169398907108,0.060109289617486295,0.027322404371584674,0.05828779599271402
season,SUI,2015/16,uniform,177,0.2354048964218456,0.3333333333333334,1.0986122886681096,0.4350282485875706,0.1016949152542373,0.0790960451977401,0.022598870056497133,0.06779661016949151
season,SUI,2016/17,uniform,184,0.23882850241545892,0.3333333333333334,1.0986122886681096,0.44565217391304346,0.11231884057971009,0.09963768115942032,0.012681159420289911,0.07487922705314011
season,SUI,2017/18,uniform,181,0.24094536525475754,0.33333333333333337,1.0986122886681096,0.4143646408839779,0.08103130755064458,0.11233885819521178,0.03130755064456725,0.07489257213014121
season,SUI,2018/19,uniform,183,0.2404371584699454,0.3333333333333334,1.0986122886681096,0.39344262295081966,0.06010928961748635,0.10928961748633878,0.04918032786885246,0.07285974499089252
season,SUI,2019/20,uniform,151,0.2369389256806476,0.33333333333333337,1.0986122886681096,0.4768211920529801,0.1434878587196468,0.08830022075055186,0.05518763796909493,0.09565857247976454
season,SUI,2020/21,uniform,203,0.2293377120963328,0.3333333333333334,1.0986122886681096,0.39901477832512317,0.0656814449917898,0.04269293924466344,0.022988505747126464,0.04378762999452657
season,SUI,2021/22,uniform,187,0.2332144979203803,0.3333333333333335,1.0986122886681096,0.44385026737967914,0.11051693404634577,0.06595365418894833,0.04456327985739755,0.07367795603089722
season,SUI,2022/23,uniform,194,0.22709049255441008,0.3333333333333334,1.0986122886681096,0.3917525773195876,0.058419243986254255,0.02920962199312721,0.02920962199312721,0.03894616265750289
season,SUI,2023/24,uniform,214,0.2318276220145379,0.3333333333333334,1.0986122886681096,0.4485981308411215,0.11526479750778812,0.05763239875389414,0.05763239875389414,0.07684319833852547
season,SUI,2024/25,uniform,60,0.24166666666666675,0.3333333333333333,1.0986122886681098,0.55,0.21666666666666684,0.11666666666666653,0.09999999999999987,0.1444444444444444
season,SWE,2011/12,uniform,115,0.22415458937198068,0.3333333333333334,1.0986122886681093,0.391304347826087,0.0579710144927536,0.011594202898550787,0.04637681159420293,0.03864734299516911
season,SWE,2012/13,uniform,259,0.23080223080223083,0.33333333333333337,1.0986122886681098,0.4247104247104247,0.09137709137709144,0.051480051480051414,0.0398970398970398,0.06091806091806088
season,SWE,2013/14,uniform,215,0.2320413436692507,0.3333333333333334,1.0986122886681096,0.4418604651162791,0.10852713178294565,0.058914728682170625,0.049612403100775304,0.07235142118863053
season,SWE,2014/15,uniform,240,0.23958333333333334,0.3333333333333333,1.0986122886681096,0.5041666666666667,0.1708333333333334,0.1041666666666666,0.0666666666666666,0.11388888888888887
season,SWE,2015/16,uniform,234,0.23931623931623933,0.3333333333333333,1.0986122886681096,0.452991452991453,0.11965811965811968,0.10256410256410253,0.01709401709401709,0.07977207977207977
season,SWE,2016/17,uniform,256,0.23350694444444445,0.3333333333333333,1.0986122886681096,0.41015625,0.07682291666666674,0.06770833333333326,0.00911458333333326,0.051215277777777755
season,SWE,2017/18,uniform,242,0.23576675849403123,0.33333333333333337,1.0986122886681096,0.45041322314049587,0.11707988980716255,0.08126721763085398,0.03581267217630851,0.07805325987144168
season,SWE,2018/19,uniform,257,0.23497622135754437,0.3333333333333334,1.0986122886681098,0.4046692607003891,0.0713359273670558,0.07652399481193256,0.0051880674448768205,0.05101599654128839
season,SWE,2019/20,uniform,206,0.23489751887810142,0.3333333333333334,1.0986122886681096,0.42718446601941745,0.09385113268608403,0.07605177993527518,0.017799352750809128,0.06256742179072278
season,SWE,2020/21,uniform,234,0.22863247863247863,0.3333333333333333,1.0986122886681096,0.405982905982906,0.07264957264957267,0.038461538461538436,0.03418803418803418,0.04843304843304843
season,SWE,2021/22,uniform,269,0.23874432052870717,0.33333333333333337,1.0986122886681096,0.4721189591078067,0.1387856257744734,0.09913258983890952,0.039653035935563796,0.09252375051631556
season,SWE,2022/23,uniform,242,0.23576675849403123,0.33333333333333337,1.0986122886681096,0.4256198347107438,0.09228650137741051,0.08126721763085398,0.011019283746556474,0.06152433425160699
season,SWE,2023/24,uniform,239,0.2505811250581125,0.3333333333333334,1.0986122886681096,0.47280334728033474,0.13947001394700137,0.17015341701534173,0.030683403068340276,0.11343561134356113
season,SWE,2024/25,uniform,102,0.23366013071895428,0.33333333333333354,1.0986122886681093,0.4019607843137255,0.06862745098039202,0.0686274509803923,1.6653345369377348e-16,0.045751633986928164
season,T1,2000/01,uniform,306,0.24128540305010895,0.3333333333333334,1.0986122886681096,0.49673202614379086,0.16339869281045755,0.11437908496732024,0.04901960784313725,0.10893246187363835
season,T1,2001/02,uniform,306,0.23747276688453164,0.3333333333333334,1.0986122886681096,0.5065359477124183,0.17320261437908496,0.09150326797385619,0.08169934640522875,0.11546840958605663
season,T1,2002/03,uniform,130,0.23547008547008555,0.3333333333333334,1.0986122886681098,0.4846153846153846,0.1512820512820513,0.07948717948717948,0.07179487179487176,0.10085470085470084
season,T1,2003/04,uniform,306,0.24183006535947718,0.3333333333333334,1.0986122886681096,0.4673202614379085,0.1339869281045752,0.11764705882352938,0.01633986928104575,0.08932461873638343
season,T1,2004/05,uniform,306,0.23910675381263619,0.3333333333333334,1.0986122886681096,0.4934640522875817,0.1601307189542484,0.10130718954248363,0.05882352941176466,0.10675381263616557
season,T1,2005/06,uniform,306,0.23420479302832245,0.3333333333333334,1.0986122886681096,0.41830065359477125,0.08496732026143794,0.07189542483660127,0.01307189542483661,0.056644880174291944
season,T1,2006/07,uniform,290,0.22950191570881232,0.3333333333333334,1.0986122886681098,0.4689655172413793,0.135632183908046,0.04367816091954019,0.09195402298850572,0.09042145593869728
season,T1,2007/08,uniform,306,0.23965141612200438,0.3333333333333334,1.0986122886681096,0.4869281045751634,0.15359477124183007,0.1045751633986928,0.04901960784313725,0.10239651416122003
season,T1,2008/09,uniform,306,0.238562091503268,0.3333333333333334,1.0986122886681096,0.4803921568627451,0.1470588235294118,0.0980392156862745,0.04901960784313725,0.09803921568627451
season,T1,2010/11,uniform,306,0.23638344226579525,0.3333333333333334,1.0986122886681096,0.4411764705882353,0.10784313725490197,0.08496732026143788,0.022875816993464027,0.07189542483660129
season,T1,2011/12,uniform,306,0.23638344226579525,0.3333333333333334,1.0986122886681096,0.4803921568627451,0.1470588235294118,0.08496732026143788,0.06209150326797386,0.09803921568627451
season,T1,2012/13,uniform,306,0.2314814814814815,0.3333333333333334,1.0986122886681096,0.4542483660130719,0.12091503267973858,0.055555555555555525,0.065359477124183,0.08061002178649236
season,T1,2013/14,uniform,306,0.23366013071895425,0.3333333333333334,1.0986122886681096,0.4738562091503268,0.14052287581699346,0.06862745098039214,0.07189542483660127,0.09368191721132896
season,T1,2014/15,uniform,306,0.2320261437908497,0.3333333333333334,1.0986122886681096,0.43137254901960786,0.09803921568627455,0.05882352941176466,0.039215686274509776,0.065359477124183
season,T1,2015/16,uniform,306,0.23529411764705888,0.3333333333333334,1.0986122886681096,0.47058823529411764,0.13725490196078433,0.0784313725490196,0.05882352941176466,0.0915032679738562
season,T1,2016/17,uniform,306,0.24128540305010895,0.3333333333333334,1.0986122886681096,0.45098039215686275,0.11764705882352944,0.11437908496732024,0.0032679738562091387,0.0784313725490196
season,T1,2017/18,uniform,306,0.24019607843137256,0.3333333333333334,1.0986122886681096,0.5,0.16666666666666669,0.10784313725490194,0.05882352941176466,0.1111111111111111
season,T1,2018/19,uniform,306,0.22930283224400877,0.3333333333333334,1.0986122886681096,0.4477124183006536,0.1143790849673203,0.042483660130718914,0.07189542483660127,0.07625272331154682
season,T1,2019/20,uniform,261,0.23052362707535123,0.3333333333333333,1.0986122886681098,0.42911877394636017,0.0957854406130269,0.04980842911877387,0.04597701149425282,0.06385696040868453
season,T1,2020/21,uniform,465,0.2326164874551971,0.3333333333333333,1.0986122886681096,0.41935483870967744,0.08602150537634418,0.06236559139784936,0.023655913978494536,0.05734767025089602
season,T1,2021/22,uniform,380,0.23786549707602342,0.3333333333333335,1.0986122886681093,0.4710526315789474,0.13771929824561402,0.09385964912280706,0.04385964912280704,0.09181286549707605
season,T1,2022/23,uniform,342,0.24220272904483434,0.3333333333333334,1.0986122886681096,0.4502923976608187,0.11695906432748537,0.11988304093567251,0.002923976608187162,0.07992202729044835
season,T1,2023/24,uniform,380,0.2339181286549708,0.3333333333333335,1.0986122886681093,0.45526315789473687,0.1219298245614035,0.07017543859649128,0.05175438596491233,0.08128654970760237
season,T1,2024/25,uniform,314,0.2374380750176929,0.3333333333333334,1.0986122886681096,0.47770700636942676,0.1443736730360934,0.09129511677282381,0.05307855626326968,0.09624911535739562
season,T1,2025/26,uniform,306,0.22930283224400877,0.3333333333333334,1.0986122886681096,0.4215686274509804,0.08823529411764708,0.042483660130718914,0.04575163398692811,0.0588235294117647
season,T1,2026/27,uniform,27,0.24074074074074078,0.3333333333333334,1.0986122886681098,0.4444444444444444,0.111111111111111,0.11111111111111122,1.1102230246251565e-16,0.07407407407407411
season,USA,2011/12,uniform,172,0.24095607235142122,0.33333333333333337,1.0986122886681096,0.5232558139534884,0.1899224806201551,0.11240310077519378,0.07751937984496121,0.12661498708010335
season,USA,2012/13,uniform,333,0.23173173173173178,0.3333333333333334,1.0986122886681096,0.4804804804804805,0.14714714714714716,0.05705705705705705,0.09009009009009006,0.0980980980980981
season,USA,2013/14,uniform,324,0.2335390946502058,0.3333333333333334,1.0986122886681096,0.5,0.16666666666666669,0.0679012345679012,0.09876543209876543,0.1111111111111111
season,USA,2014/15,uniform,358,0.23820608317815029,0.3333333333333334,1.0986122886681096,0.5335195530726257,0.2001862197392923,0.09590316573556801,0.10428305400372442,0.1334574798261949
season,USA,2015/16,uniform,352,0.23989898989898994,0.3333333333333334,1.0986122886681096,0.5369318181818182,0.20359848484848486,0.1060606060606061,0.09753787878787881,0.13573232323232323
season,USA,2016/17,uniform,393,0.2324003392705683,0.3333333333333334,1.0986122886681096,0.5267175572519084,0.19338422391857507,0.06106870229007633,0.13231552162849872,0.12892281594571672
season,USA,2017/18,uniform,377,0.23622163277335695,0.33333333333333337,1.0986122886681096,0.5278514588859416,0.19451812555260828,0.08399646330680818,0.1105216622458002,0.12967875036840557
season,USA,2018/19,uniform,436,0.24375637104994904,0.33333333333333337,1.0986122886681093,0.5435779816513762,0.2102446483180428,0.1292048929663609,0.08103975535168201,0.14016309887869524
season,USA,2019/20,uniform,267,0.23720349563046192,0.3333333333333333,1.0986122886681098,0.49812734082397003,0.16479400749063677,0.08988764044943812,0.07490636704119841,0.10986267166042442
season,USA,2020/21,uniform,448,0.2342509920634921,0.33333333333333337,1.0986122886681096,0.4732142857142857,0.13988095238095238,0.07217261904761901,0.06770833333333331,0.09325396825396824
season,USA,2021/22,uniform,547,0.23603493804590703,0.3333333333333334,1.0986122886681098,0.4844606946983547,0.15112736136502136,0.08287629494210846,0.06825106642291284,0.10075157424334756
season,USA,2022/23,uniform,514,0.23108517077388674,0.3333333333333333,1.0986122886681096,0.48638132295719844,0.15304798962386512,0.05317769130998701,0.09987029831387806,0.10203199308257672
season,USA,2023/24,uniform,535,0.23634475597092422,0.33333333333333337,1.0986122886681098,0.4672897196261682,0.1339563862928349,0.08473520249221181,0.049221183800623014,0.08930425752855657
season,USA,2024/25,uniform,177,0.22975517890772132,0.3333333333333334,1.0986122886681096,0.4350282485875706,0.1016949152542373,0.04519774011299432,0.05649717514124292,0.06779661016949151
ALL,ALL,ALL,prior_asof,238854,0.22614673240185357,0.3234207065025533,1.0699170773460231,0.4452385139038911,0.009730611841970263,0.0036650856716669805,0.012775775132835733,0.008723824215490993
division,ARG,ALL,prior_asof,5330,0.2208599802916627,0.3259271132550323,1.077316007650927,0.4337711069418386,0.004616936219827956,0.011222752449386288,0.006442736869299885,0.00742747517950471
division,AUT,ALL,prior_asof,2306,0.2332689817756553,0.3267968561473233,1.0789615492693436,0.4184735472679965,0.024413863087395047,0.011498336426487111,0.011785489955408164,0.015899229823096776
division,B1,ALL,prior_asof,6906,0.2275870398890165,0.32113240558978423,1.0635169281269972,0.4601795540110049,0.016080528945486176,0.0019940304704327005,0.016332179063560368,0.01146891282649308
division,BRA,ALL,prior_asof,4849,0.21798003565594828,0.31634626354788975,1.0504674694336933,0.48504846360074244,0.008827811886323353,0.002641369633334973,0.0076384372372336785,0.006369206252297335
division,CHN,ALL,prior_asof,2544,0.22853594503534008,0.32316923101543527,1.069400933317521,0.45086477987421386,0.011139981681854818,0.02052109131965421,0.021271153654523672,0.0176440755520109
division,D1,ALL,prior_asof,7837,0.22866710646803406,0.32169254807019043,1.0649655073092927,0.45616945259665687,0.02010425603717829,0.003754681541230023,0.01634957449594827,0.01340283735811886
division,D2,ALL,prior_asof,7494,0.22525397792271418,0.32358581958322563,1.0707544556642832,0.4488924472911663,0.021361808167127266,0.00721437288490049,0.014842412293830041,0.014472864448619267
division,DEN,ALL,prior_asof,2634,0.2297407124098292,0.3267416101512596,1.0794773893418463,0.428246013667426,0.0042011650596693985,0.0012202670141311781,0.010902789125257049,0.005441407066352541
division,E0,ALL,prior_asof,9810,0.2284069411258026,0.32156024469099764,1.0645674050394414,0.45688073394495415,0.008859685469884079,0.009724324185301194,0.018259345338320097,0.012281118331168456
division,E1,ALL,prior_asof,14206,0.22628545161644464,0.3254041928206759,1.0757944113829483,0.436505701816134,0.0077265325462123405,0.0006240348455939725,0.008219875991660505,0.005523481127822273
division,E2,ALL,prior_asof,13819,0.22753372679247164,0.32515457764732314,1.0749749627846479,0.4370793834575584,0.005655632000221888,0.007300916179084421,0.013726650013717057,0.008894399397674455
division,E3,ALL,prior_asof,13377,0.22770140677016043,0.32703545024284175,1.0803758736728029,0.4249084249084249,0.011820275206660858,0.0035205898584061814,0.015116599534679016,0.010152488199915351
division,EC,ALL,prior_asof,7746,0.23157293275684557,0.32560909762792634,1.0756538668963256,0.42860831396849985,0.0028443051305653434,0.004605033007074758,0.004025630363103553,0.0038249895002478843
division,F1,ALL,prior_asof,9081,0.2230734553186606,0.3233394682379387,1.07006763649258,0.4502808060786257,0.01477582979202274,0.01508487381935397,0.02923151903184995,0.01969740754774222
division,F2,ALL,prior_asof,9018,0.21824160823466857,0.32418907867049657,1.0719844252683728,0.44100687513861164,0.01711727110202903,0.01163560290633203,0.027808511951299766,0.018853795319886943
division,FIN,ALL,prior_asof,2354,0.22959947591409063,0.32512366532246934,1.0749622178918314,0.44010195412064573,0.023154034079326306,0.0036530077799003602,0.019762447121594372,0.015523162993607014
division,G1,ALL,prior_asof,4375,0.22334296606438137,0.319031163571423,1.0580851439908432,0.47268571428571426,0.022345030803606038,0.0048949832950989265,0.019260154239894134,0.015500056112866367
division,I1,ALL,prior_asof,9412,0.22578903173306833,0.32437608284670055,1.0729333684493236,0.44358266043348915,0.01414738415250497,0.013051484368061085,0.026972713460156887,0.018057193993574316
division,I2,ALL,prior_asof,10321,0.21619526875332506,0.3249745991653159,1.0737776261442233,0.43222555953880437,0.014537430842318701,0.0029962734258097206,0.014937004960167128,0.010823569742765183
division,IRL,ALL,prior_asof,2367,0.2335422484238935,0.325026412900766,1.0735976790052637,0.42839036755386567,0.01739472706778957,0.009273784706608031,0.013457670841843477,0.013375394205413692
division,JAP,ALL,prior_asof,4089,0.23416672123609505,0.32744870867696474,1.080521265889094,0.4062117877231597,0.01086720680127116,0.008800330088022125,0.002398695043056367,0.007355410644116551
division,MEX,ALL,prior_asof,4080,0.22492273442490757,0.3249157892339788,1.0745649367190089,0.4409313725490196,0.010759448946653384,0.014021344629526589,0.005116267552464724,0.009965687042881565
division,N1,ALL,prior_asof,7627,0.2290501114647013,0.31881612820646293,1.0564671322182282,0.4692539661728071,0.012818353443715862,0.0005921985243928862,0.013427254000465414,0.008945935322858053
division,NOR,ALL,prior_asof,3092,0.22653311681541113,0.31954204227183164,1.0592488574866212,0.46992238033635186,0.010748325072819106,0.004087108602922664,0.013332585541296684,0.009389339739012818
division,P1,ALL,prior_asof,6965,0.22826140485241697,0.3228162298028027,1.068266567967676,0.4509691313711414,0.021322642865218008,0.002289158745407984,0.023248782395568744,0.01562019466873158
division,POL,ALL,prior_asof,3567,0.2265554055848625,0.32561308965558106,1.076523154153743,0.4381833473507149,0.004684608945526979,0.0028465176320029077,0.007995102362647971,0.005175409646725952
division,ROM,ALL,prior_asof,3640,0.22676701880527741,0.327263668771703,1.081301761905549,0.4271978021978022,0.009379507535670321,0.003053381375956089,0.019098890698533433,0.010510593203386613
division,RUS,ALL,prior_asof,3008,0.22949572557888212,0.32494752611542366,1.0743530574495914,0.43783244680851063,0.0031036891141802453,0.007323116087616324,0.01570995479194106,0.008712253331245876
division,SC0,ALL,prior_asof,5377,0.23322258099139395,0.32428643528828555,1.0713826284058139,0.43369908871117724,0.0034505078236992206,0.005099070106315947,0.0030531833245673956,0.0038675870848608545
division,SC1,ALL,prior_asof,4294,0.2289179165717189,0.32841943800996076,1.0843496981676066,0.4154634373544481,0.01243139842329829,0.0027479404539177536,0.00959116604470371,0.008256834973973252
division,SC2,ALL,prior_asof,4296,0.23527628426968955,0.3236120537914315,1.0686641559728356,0.4304003724394786,0.006122136127920532,0.0061947263289451075,0.002015339263062434,0.0047774005733093585
division,SC3,ALL,prior_asof,4215,0.2357726171328802,0.32223167709968226,1.0643472544450856,0.4370106761565836,0.004082207647413716,0.011482538351742932,0.010252017608571818,0.008605587869242821
division,SP1,ALL,prior_asof,9419,0.22479051362032235,0.3190805455912528,1.0579836375235314,0.4717061259157023,0.011042147112474964,0.002093875657727976,0.01309374821408353,0.008743256994762158
division,SP2,ALL,prior_asof,10992,0.21838293837548048,0.3234393000756264,1.069903991585125,0.44614264919941776,0.010873872978616325,0.014983460583002662,0.0006643616583121393,0.008840565073310375
division,SUI,ALL,prior_asof,2273,0.23030385350192642,0.32584164771271706,1.0768126350744998,0.4333479982402112,0.008322844244828246,0.006832153329740018,0.015765225690364034,0.010306741088310766
division,SWE,ALL,prior_asof,3110,0.23045983310671822,0.3250590486655539,1.0744095035106163,0.43569131832797425,0.00647093972153558,0.018318798584890012,0.011847858863354363,0.012212532389926652
division,T1,ALL,prior_asof,7791,0.22682308769860182,0.3209613751243869,1.0631209906474468,0.46155820818893595,0.0114129815562996,0.006801335878177434,0.0065911281992306675,0.008268481877902566
division,USA,ALL,prior_asof,5233,0.21834127778718782,0.3126813892202155,1.040451241894495,0.5008599273839098,0.017705779968220925,0.003991159343754356,0.008366138143551815,0.010021025818509032
season,ARG,2011/12,prior_asof,44,0.1870807644234074,0.30124606711049867,1.0062979478762526,0.5681818181818182,0.1293470760408069,0.13339174962968514,0.09889885270096418,0.1205458927904854
season,ARG,2012/13,prior_asof,330,0.21621193414061077,0.3304907224584886,1.0906741418494224,0.4090909090909091,0.03299094393777825,0.014616487632759172,0.018374456305019098,0.02199396262518551
season,ARG,2013/14,prior_asof,380,0.22298089806189972,0.32773063194395785,1.0832657288929446,0.43157894736842106,6.431383056898499e-05,0.033086275013726796,0.03302196118315784,0.022057516675817873
season,ARG,2014/15,prior_asof,427,0.21915037953487965,0.32211691673947757,1.0663508687766885,0.45901639344262296,0.018137319625906867,0.020333610799551705,0.0021962911736449486,0.013555740533034507
season,ARG,2015/16,prior_asof,477,0.22151305401821983,0.32534352105404846,1.0757123461611562,0.4381551362683438,0.0011841263944927793,0.011664261839233359,0.010480135444740635,0.007776174559488924
season,ARG,2016/17,prior_asof,456,0.2262468940551933,0.3252506687391741,1.0759725522201224,0.44298245614035087,0.002647275196835608,0.032395804529472105,0.029748529332636553,0.021597203019648088
season,ARG,2017/18,prior_asof,370,0.2260867476600438,0.32278746775426087,1.0688557881210274,0.45675675675675675,0.015555012640682209,0.033680197886445884,0.018125185245763675,0.02245346525763059
season,ARG,2018/19,prior_asof,350,0.2190038139664782,0.3258551696166751,1.0767575734530888,0.43142857142857144,0.010167742797957846,0.01594932492913964,0.0057815821311817395,0.010632883286093076
season,ARG,2019/20,prior_asof,252,0.228908178306028,0.3310096190984869,1.092055863392635,0.40476190476190477,0.03582511784144016,0.0065529212501741485,0.04237803909161436,0.028252026061076223
season,ARG,2020/21,prior_asof,327,0.22485975473218386,0.33675349692172535,1.10789384038897,0.36085626911314983,0.07426638652396828,0.04014974975840829,0.03411663676555993,0.04951092434931217
season,ARG,2021/22,prior_asof,585,0.22554083980838946,0.3247903113900762,1.0742476070324873,0.4427350427350427,0.010648189435473077,0.021600100656879617,0.010951911221406596,0.01440006710458643
season,ARG,2022/23,prior_asof,608,0.21609553139665932,0.3243808346685409,1.0724542618076465,0.43914473684210525,0.006387120448984984,0.02141540827519267,0.027802528724177628,0.01853501914945176
season,ARG,2023/24,prior_asof,535,0.21613822261791957,0.32664918175692187,1.0787426410216123,0.4224299065420561,0.010371538767004196,0.033635536545092624,0.018777282887949887,0.02092811940001557
season,ARG,2024/25,prior_asof,189,0.21155070657177633,0.31901237242379543,1.056762769572741,0.4708994708994709,0.037859970394792386,0.02220118177147233,0.05040058128748548,0.036820577817916735
season,AUT,2011/12,prior_asof,23,0.2620541619099744,0.3438625425453921,1.1315431940631955,0.391304347826087,0.15794399529406872,0.09620505637795401,0.17726079983439508,0.1438032838354726
season,AUT,2012/13,prior_asof,169,0.23254823229089977,0.32407410143458687,1.0727527184568477,0.4378698224852071,0.020390564267439352,0.025399532547625694,0.06237257624932679,0.03605422435479728
season,AUT,2013/14,prior_asof,168,0.23347930108645892,0.3307582565861753,1.0906228822843804,0.40476190476190477,0.03700494353635281,0.017600125255188837,0.01940481828116386,0.024669962357568503
season,AUT,2014/15,prior_asof,185,0.2292108559653128,0.32556284023710036,1.076209743741596,0.43783783783783786,0.002231109370028239,0.011459741840936732,0.01369085121096486,0.009127234140643278
season,AUT,2015/16,prior_asof,174,0.22612483454723237,0.31050147785172383,1.032931984230023,0.5229885057471264,0.07312270374485108,0.0330760164452816,0.05269862114221286,0.05296578044411518
season,AUT,2016/17,prior_asof,182,0.23322960103979376,0.3192545155449962,1.0566609317490592,0.46153846153846156,0.004387168037775835,0.020592436251574198,0.016205268213798363,0.013728290834382798
season,AUT,2017/18,prior_asof,190,0.22728898654583934,0.3163649585296451,1.0497395025483258,0.4842105263157895,0.023732787396107513,0.006835596067241573,0.05601141318107007,0.028859932214806386
season,AUT,2018/19,prior_asof,195,0.2473564208818285,0.32796929623170706,1.0777987320276412,0.38974358974358975,0.06589987425716015,0.03414973639747759,0.10004961065463774,0.06669974043642517
season,AUT,2019/20,prior_asof,183,0.24153676212982475,0.3314913528722385,1.0898149809924573,0.37158469945355194,0.07540781401411462,0.004276286683485564,0.07113152733062905,0.050271876009409744
season,AUT,2020/21,prior_asof,193,0.23650542785714476,0.3315121048241269,1.0916481207939641,0.37823834196891193,0.058540743649284854,0.020795613378693595,0.03774513027059129,0.03902716243285658
season,AUT,2021/22,prior_asof,205,0.22776445570541592,0.33667983762793113,1.1097686119432124,0.37073170731707317,0.06095004025281153,0.0693150426141819,0.008365002361370444,0.04621002840945462
season,AUT,2022/23,prior_asof,194,0.23114259748545357,0.3296042538545432,1.0875537629035945,0.4020618556701031,0.024583385797149082,0.025433991295095437,0.0008506054979464106,0.01695599419673031
season,AUT,2023/24,prior_asof,186,0.233217253952215,0.33045229106886664,1.0894211285931565,0.3870967741935484,0.03580026547418186,0.01840752199817075,0.017392743476011108,0.023866843649454572
season,AUT,2024/25,prior_asof,59,0.22017566658046725,0.33649610739322044,1.1107273838595226,0.3898305084745763,0.031839342275292726,0.09178681902308655,0.05994747674779388,0.06119121268205772
season,B1,2000/01,prior_asof,306,0.22668676007836788,0.3180504691816128,1.0570192696278378,0.49019607843137253,0.05302867093316562,0.03780711238051098,0.02609946298409206,0.03897841543258956
season,B1,2001/02,prior_asof,306,0.22741527634067912,0.32350712852223856,1.0704624467337374,0.4542483660130719,0.03304282193695135,0.02177849287896616,0.01126432905798519,0.022028547957967565
season,B1,2002/03,prior_asof,111,0.22266556757196884,0.30793168995854886,1.0265243206544772,0.5225225225225225,0.045693931332648596,0.028381496938641282,0.01731243439400737,0.030462620888432417
season,B1,2003/04,prior_asof,306,0.22190686953868072,0.32835257774118104,1.0846051275484432,0.43137254901960786,0.040831375323093555,0.04783306919203356,0.0070016938689400066,0.03188871279468904
season,B1,2004/05,prior_asof,162,0.22596424656809014,0.30077450863428973,1.0060529243569052,0.5555555555555556,0.08438664624463155,0.08138798940194014,0.0029986568426914606,0.05625776416308772
season,B1,2005/06,prior_asof,306,0.22150248514971702,0.3181913957881924,1.055768842723183,0.477124183006536,0.0023655272264813676,0.012549732148716575,0.010184204922235152,0.008366488099144365
season,B1,2006/07,prior_asof,306,0.21426238596377922,0.3133330125301297,1.0424516633764584,0.5,0.019563428156690488,0.01948690197219849,0.039050330128889005,0.026033553419259326
season,B1,2007/08,prior_asof,306,0.22423887963994002,0.3208551181839414,1.062989510312551,0.46405228758169936,0.016539470540064605,0.006097275708051408,0.010442194832013196,0.011026313693376403
season,B1,2008/09,prior_asof,306,0.22921163163809133,0.3153305339174714,1.0471074509302711,0.4869281045751634,0.007370272485836937,0.035484184026755294,0.028113911540918357,0.02365612268450353
season,B1,2009/10,prior_asof,210,0.22888277904947105,0.3208858033591554,1.0626737703423816,0.46190476190476193,0.01643956950024056,0.007872593785491183,0.02431216328573177,0.016208108857154502
season,B1,2010/11,prior_asof,240,0.2208211213739709,0.31668640635667267,1.0514969816049584,0.48333333333333334,0.0035796980233603337,0.008468177208690003,0.012047875232050309,0.008031916821366883
season,B1,2011/12,prior_asof,240,0.2152480560895887,0.3142096682360466,1.044893090370667,0.49583333333333335,0.016638332339273476,0.018297176141493454,0.03493550848076693,0.023290338987177955
season,B1,2012/13,prior_asof,240,0.23589911729029658,0.32864667188622637,1.084086800390539,0.425,0.053757794101448875,0.0066518753254012075,0.060409669426850054,0.04027311295123338
season,B1,2013/14,prior_asof,240,0.22559039191112187,0.3162587230525022,1.0498511387849696,0.48333333333333334,0.006431336969014989,0.013864062571821267,0.007432725602806389,0.009242708381214215
season,B1,2014/15,prior_asof,240,0.23120088186598414,0.3249765571249918,1.0740003670523062,0.44166666666666665,0.034152069982276434,0.0015878568825550832,0.03573992686483146,0.02382661790988766
season,B1,2015/16,prior_asof,240,0.22453606708857018,0.3172707535919584,1.0527932894919958,0.4791666666666667,0.004014311684616356,0.004964368814224712,0.0009500571296083837,0.003309579209483151
season,B1,2016/17,prior_asof,240,0.2202204948837313,0.3139930012894047,1.0439293179136124,0.49583333333333335,0.019416134714236588,0.00044516876486588863,0.018970965949370644,0.01294408980949104
season,B1,2017/18,prior_asof,240,0.2288265722287245,0.32882176620899156,1.0851340965793823,0.425,0.04994547557891987,0.024036558053843415,0.025908917525076458,0.033296983719279916
season,B1,2018/19,prior_asof,240,0.22948422625401926,0.32222043391034394,1.0663384669870088,0.45416666666666666,0.01891962673064973,0.0059514265615407125,0.02487105329219047,0.01658070219479364
season,B1,2019/20,prior_asof,232,0.22964719863646313,0.31589375428171207,1.0483058383113952,0.4827586206896552,0.009973074116324643,0.031186547740921694,0.021213473624597134,0.020791031827281158
season,B1,2020/21,prior_asof,306,0.24310557246526734,0.331549264718796,1.0911322557295189,0.4019607843137255,0.0690945561380682,0.020856437392970856,0.08995099353103925,0.05996732902069277
season,B1,2021/22,prior_asof,306,0.2408731954180788,0.32764228607356555,1.0800295722169886,0.41830065359477125,0.04874157489857639,0.02608302817821062,0.07482460307678696,0.04988306871785799
season,B1,2022/23,prior_asof,306,0.23645490101790534,0.3231887272719432,1.067788033252126,0.4411764705882353,0.024778991635833636,0.023608677793785032,0.048387669429618585,0.03225844628641242
season,B1,2023/24,prior_asof,312,0.22771046668742842,0.3239214070987094,1.071382269134139,0.44551282051282054,0.018815567427466595,0.01279658081674806,0.006018986610718591,0.012543711618311082
season,B1,2024/25,prior_asof,312,0.22271812047544293,0.3261897694593452,1.0787328063279413,0.4391025641025641,0.0248210292847314,0.04077394965665643,0.015952920371925028,0.02718263310443762
season,B1,2025/26,prior_asof,311,0.23576609091991949,0.33054044112639297,1.0890777950548205,0.40514469453376206,0.05647690526115895,0.004905457449862843,0.051571447811296134,0.03765127017410597
season,B1,2026/27,prior_asof,36,0.22621406941035596,0.3130016162134952,1.0402099907796518,0.5,0.039692390440146275,0.0267478297889997,0.01294456065114663,0.0264615936267642
season,BRA,2011/12,prior_asof,108,0.2263466368422429,0.32385907923236446,1.0758744428626807,0.48148148148148145,0.12266155330597994,0.03868981411003148,0.040952402756615575,0.06743459005754233
season,BRA,2012/13,prior_asof,382,0.2144837208346555,0.31578943603946663,1.0488120615422303,0.4895287958115183,0.05396841750856342,0.011277040806084049,0.0059068021941476034,0.023717420169598356
season,BRA,2013/14,prior_asof,384,0.2173842613253599,0.3203572638549313,1.0612782354427919,0.4661458333333333,0.016043590789409812,0.008976369528803818,0.007067221260605994,0.010695727192939875
season,BRA,2014/15,prior_asof,412,0.21560524064302583,0.30638416997251233,1.0230493925272761,0.529126213592233,0.03954992301156479,0.037082484049890285,0.0024674389616745063,0.026366615341043193
season,BRA,2015/16,prior_asof,391,0.2109574277279916,0.3007302224000577,1.0071285391286904,0.5473145780051151,0.04511129364094541,0.028495716989555664,0.01661557665138977,0.03007419576063028
season,BRA,2016/17,prior_asof,362,0.21713782739497703,0.311302810635532,1.0365291434463793,0.505524861878453,0.0028796378421762636,0.006361282582579675,0.009240920424756022,0.006160613616503986
season,BRA,2017/18,prior_asof,395,0.22121169582001202,0.3255327561518651,1.0756179682625702,0.4481012658227848,0.051487435530351594,0.03418354865751533,0.01730388687283624,0.03432495702023439
season,BRA,2018/19,prior_asof,355,0.20416907915204743,0.29819726883012543,0.9993507591080291,0.5549295774647888,0.053501265187029995,0.012425193593260775,0.04107607159376908,0.035667510124686615
season,BRA,2019/20,prior_asof,297,0.22501371460903208,0.33222172163045044,1.094230982984935,0.4208754208754209,0.07990266776141836,0.04302966952698373,0.03687299823443457,0.05326844517427889
season,BRA,2020/21,prior_asof,447,0.22179595248082767,0.320545590184522,1.0622099370163698,0.46756152125279643,0.027478754688350426,0.004878094712518655,0.022600659975831744,0.01831916979223361
season,BRA,2021/22,prior_asof,425,0.21934792835586878,0.3267708411370542,1.0788510157780142,0.4376470588235294,0.051979823663396985,0.03985484086369884,0.012124982799698064,0.03465321577559796
season,BRA,2022/23,prior_asof,374,0.2239242619045438,0.31573111071319226,1.0493552286538066,0.4893048128342246,0.002700702179737391,0.02930196716503161,0.02660126498529425,0.01953464477668775
season,BRA,2023/24,prior_asof,381,0.2226990308402173,0.3243836678979272,1.0727853021212055,0.44881889763779526,0.036559399770408674,0.01451868129615741,0.02204071847425132,0.024372933180272466
season,BRA,2024/25,prior_asof,136,0.2173855169561827,0.3079387165558336,1.0272302427737652,0.5220588235294118,0.03690675156570977,0.03337925415392462,0.0035274974117851243,0.024604501043806504
season,CHN,2013/14,prior_asof,113,0.22208825348366745,0.33615409739792096,1.1094858192411652,0.39823008849557523,0.07928897836436656,0.04236950330368023,0.04633551340453486,0.05599799835752722
season,CHN,2014/15,prior_asof,240,0.23082891084534893,0.33143278613083127,1.0937555693450312,0.4083333333333333,0.03568631111333409,0.02528876473903278,0.07257671290604774,0.044517262919471536
season,CHN,2015/16,prior_asof,225,0.2225996558251441,0.3246057138985576,1.0736300023753933,0.4488888888888889,0.031196111914551128,0.002149040708117611,0.029047071206433406,0.020797407943034047
season,CHN,2016/17,prior_asof,257,0.2257872436175389,0.31998518817159477,1.0605617115301953,0.47470817120622566,0.0342582463877551,0.030653389674193177,0.0036048567135619214,0.022838830925170066
season,CHN,2017/18,prior_asof,230,0.22467788502310587,0.31630610786162877,1.0501571196998547,0.49130434782608695,0.04303119376931669,0.03318433671178139,0.009846857057535241,0.028687462512877775
season,CHN,2018/19,prior_asof,256,0.22703428275308762,0.3145040604615556,1.0448797067648483,0.49609375,0.0389102038084147,0.04192323096323525,0.0030130271548205467,0.02794882064215683
season,CHN,2019/20,prior_asof,150,0.22470183349894132,0.3161436479407566,1.0496278948366198,0.4866666666666667,0.023259128100830084,0.018814486221206517,0.004444641879623568,0.01550608540055339
season,CHN,2020/21,prior_asof,177,0.23149072100344112,0.33452410244813724,1.1012404791420116,0.3898305084745763,0.06880868460519263,0.0292483000980151,0.039560384507177526,0.04587245640346175
season,CHN,2021/22,prior_asof,228,0.2305160491732499,0.3264772667038501,1.0784494074920377,0.4298245614035088,0.026390525287088795,0.0020613213048372714,0.028451846591926178,0.01896789772795075
season,CHN,2022/23,prior_asof,324,0.23675167109118767,0.3230910637648219,1.0678906933099932,0.44135802469135804,0.010244076101421917,0.03736051648980007,0.04760459259122207,0.03173639506081469
season,CHN,2023/24,prior_asof,252,0.23073991663158872,0.3255151326322333,1.0755247574296078,0.43253968253968256,0.017841758376722916,0.0015172867323914874,0.019359045109114292,0.0129060300727429
season,CHN,2024/25,prior_asof,92,0.22718267972001083,0.3075746797419344,1.0244266286490202,0.532608695652174,0.08207249551491219,0.057738897634171865,0.024333597880740188,0.05471499700994142
season,D1,2000/01,prior_asof,306,0.22229916854643325,0.3108688075062309,1.0383055521444053,0.5228758169934641,0.03211962846561982,0.011155007218317175,0.02240362844532862,0.021892754709755203
season,D1,2001/02,prior_asof,306,0.22020264309468168,0.30682355047525633,1.0239745993771456,0.5228758169934641,0.010556420897746874,0.006097443317594153,0.004458977580152734,0.0070376139318312535
season,D1,2002/03,prior_asof,290,0.2258377482166252,0.32223203121194777,1.0668452445613748,0.46551724137931033,0.04407601289196211,0.028577622813295567,0.015498390078666602,0.029384008594641426
season,D1,2003/04,prior_asof,194,0.22580936794395337,0.3136094839636123,1.0422859130247075,0.4948453608247423,0.0326122596114531,0.008223866990364759,0.015022908233339238,0.0186196782783857
season,D1,2004/05,prior_asof,306,0.23085137328314176,0.31474718143316643,1.0445057090594327,0.4869281045751634,0.04423731918106227,0.021111175901547485,0.03275180498948832,0.032700100024032695
season,D1,2005/06,prior_asof,306,0.22045348516299565,0.3311102369474182,1.093074595922097,0.42810457516339867,0.06470926238184854,0.07700981317935796,0.012300550797509358,0.05133987545290528
season,D1,2006/07,prior_asof,306,0.23046883566065984,0.32636161836426814,1.0779577279399808,0.43790849673202614,0.04287987432599394,0.00867243307452309,0.034207441251470905,0.028586582883995976
season,D1,2007/08,prior_asof,306,0.22494120259916167,0.3199798068061719,1.060474307117292,0.4673202614379085,0.011230854177224026,0.00848858611173442,0.002742268065489606,0.00748723611814935
season,D1,2008/09,prior_asof,306,0.2252145750240413,0.31694021968062813,1.0517798188449488,0.4803921568627451,0.0028906065204120646,0.006224782023099756,0.0033341755026878306,0.0041498546820665505
season,D1,2009/10,prior_asof,306,0.23063203014179476,0.3322214722357332,1.0946397512326058,0.4084967320261438,0.06502781738392033,0.03207692092660311,0.03295089645731719,0.04335187825594688
season,D1,2010/11,prior_asof,306,0.23679636990517552,0.3194689472321066,1.057349577206869,0.46078431372549017,0.008830578296504132,0.04219795459324263,0.051028532889746736,0.03401902192649783
season,D1,2011/12,prior_asof,306,0.2265725220146948,0.32242509657672697,1.0672582971582019,0.4542483660130719,0.015039755873881122,0.011798412711666234,0.003241343162214916,0.010026503915920757
season,D1,2012/13,prior_asof,306,0.2325437431810422,0.3275598527905958,1.0810481767934603,0.42483660130718953,0.042048971960717885,0.007336273872137783,0.034712698088580074,0.028032647973811914
season,D1,2013/14,prior_asof,306,0.23341672712491174,0.3168348667961574,1.050010873007101,0.4738562091503268,0.008849207563464412,0.03760956578096081,0.02876035821749634,0.025073043853973853
season,D1,2014/15,prior_asof,306,0.22095809565345925,0.31930845852889617,1.059298269660254,0.4738562091503268,0.008498486203218969,0.021633126277391668,0.030131612480610637,0.020087741653740426
season,D1,2015/16,prior_asof,306,0.23433935590436028,0.3235528517854698,1.0691658246952411,0.4411764705882353,0.02369053520344927,0.013893358111975646,0.03758389331542489,0.025055928876949934
season,D1,2016/17,prior_asof,306,0.223615609640072,0.3153152264039988,1.0473369366881595,0.49019607843137253,0.024831497685161852,0.0034699710897255487,0.021361526595436386,0.01655433179010793
season,D1,2017/18,prior_asof,306,0.22373168407987074,0.32289993924956817,1.069131165589328,0.4542483660130719,0.011163981915029042,0.024636592377349525,0.013472610462320622,0.016424394918233064
season,D1,2018/19,prior_asof,306,0.23121865827629215,0.3220929935707561,1.065517348206852,0.45098039215686275,0.013802794273433727,0.008286038772954779,0.022088833046388534,0.014725888697592346
season,D1,2019/20,prior_asof,306,0.24296357275175315,0.32967646387136706,1.0851805746035477,0.4019607843137255,0.06149374243275946,0.02357493825520343,0.08506868068796292,0.056712453791975266
season,D1,2020/21,prior_asof,306,0.23056315184147494,0.32807829866949206,1.0828770086282946,0.4215686274509804,0.03777744774631714,0.018442902429986308,0.019334545316330887,0.025184965164211443
season,D1,2021/22,prior_asof,306,0.22833718531602024,0.31920384101464366,1.0576635334178597,0.4673202614379085,0.007280483238041924,0.007409217831871762,0.00012873459382983787,0.004939478554581174
season,D1,2022/23,prior_asof,306,0.22590043522781733,0.318426855057363,1.0558895404381536,0.4738562091503268,0.014113476118545909,0.0006989683131498337,0.013414507805396048,0.009408984079030597
season,D1,2023/24,prior_asof,306,0.2278274586361884,0.32533129458568205,1.0754610194609802,0.43790849673202614,0.022283299871190265,0.0187700085108245,0.003513291360365711,0.014855533247460159
season,D1,2024/25,prior_asof,306,0.23829431222700953,0.33330394971267124,1.0964959533703134,0.38562091503267976,0.07322293927380169,0.00856464647258559,0.0646582928012161,0.04881529284920113
season,D1,2025/26,prior_asof,306,0.23172209482959066,0.3242482122782935,1.0715817070220264,0.43790849673202614,0.0183358357661611,0.0015557782416974475,0.01989161400785866,0.01326107600523907
season,D1,2026/27,prior_asof,9,0.18240847205623847,0.26914195160466026,0.921873916940319,0.7777777777777778,0.32188898449501097,0.024633049213583863,0.297255935281427,0.21459265633000726
season,D2,2000/01,prior_asof,306,0.22107023922674052,0.31672193483563743,1.0535223694450675,0.5,0.060766954883464896,0.020208814638902527,0.021208307987687185,0.03406135917001821
season,D2,2001/02,prior_asof,306,0.2260410302565547,0.31628264333010525,1.0503382943528918,0.4869281045751634,0.02194305410487396,0.011792741428275244,0.020241240850101594,0.017992345461083598
season,D2,2002/03,prior_asof,143,0.22898037352457298,0.3251066451310284,1.0747052938927473,0.44755244755244755,0.044876680543682934,0.01483468540395963,0.030041995139723332,0.029917787029121966
season,D2,2003/04,prior_asof,15,0.28063283159722463,0.3618079736583171,1.1732070169785949,0.26666666666666666,0.21700273422866984,0.045664594654220236,0.2626673288828902,0.17511155258859343
season,D2,2004/05,prior_asof,271,0.21286874903831882,0.30508835086230346,1.0195609742972047,0.5350553505535055,0.046026591289775765,0.004460598023701273,0.04156599326607452,0.03068439419318385
season,D2,2005/06,prior_asof,306,0.23013745840591462,0.3159830387742163,1.0486314565284476,0.48366013071895425,0.010121196416199296,0.024442536469836046,0.03456373288603526,0.0230424885906902
season,D2,2006/07,prior_asof,306,0.2248436138123132,0.3266531461922899,1.0794551015965785,0.4411764705882353,0.04673530110266266,0.03575947455316267,0.010975826549499967,0.0311568674017751
season,D2,2007/08,prior_asof,306,0.21348857464350238,0.32228615327028143,1.0677206620330428,0.46078431372549017,0.019956928410725383,0.057910413091736,0.037953484681010646,0.03860694206115734
season,D2,2008/09,prior_asof,306,0.2152195033040945,0.31733299974056023,1.0532825081042174,0.4803921568627451,0.0011850468700668193,0.026276446858706115,0.02509139998863935,0.017517631239137427
season,D2,2009/10,prior_asof,306,0.22832346523258298,0.3186078261482145,1.0566822200848076,0.4738562091503268,0.005236774969139546,0.022717391006666754,0.0279541659758063,0.018636110650537534
season,D2,2010/11,prior_asof,306,0.22702616775146953,0.3148405020720199,1.0459961745191488,0.49019607843137253,0.00881613508252943,0.0288927298526018,0.020076594770072287,0.019261819901734506
season,D2,2011/12,prior_asof,306,0.21710498703610584,0.32245763420355567,1.0677298253282768,0.45751633986928103,0.02072585328152793,0.041795101955921676,0.02106924867439383,0.02786340130394781
season,D2,2012/13,prior_asof,306,0.22538045153597408,0.3298026612462239,1.0880179567890904,0.4215686274509804,0.053389354762862884,0.03384080505242981,0.01954854971043296,0.035592903175241886
season,D2,2013/14,prior_asof,306,0.2285982213051096,0.33137944501481886,1.0924142722391312,0.4117647058823529,0.05880613330061435,0.025502968407172755,0.03330316489344154,0.039204088867076214
season,D2,2014/15,prior_asof,306,0.2208332510554998,0.3304364604374813,1.089903895943453,0.4150326797385621,0.05127297297365668,0.05111169842812158,0.0001612745455350506,0.03418198198243777
season,D2,2015/16,prior_asof,306,0.22893594846529003,0.3300741026083148,1.0888382441008508,0.4150326797385621,0.04631288435337355,0.012204262065112548,0.03410862228826095,0.03087525623558235
season,D2,2016/17,prior_asof,306,0.2210965973952923,0.3237289253795006,1.0710915364524913,0.4477124183006536,0.01274087463520518,0.018269350384974403,0.005528475749769224,0.012179566923316268
season,D2,2017/18,prior_asof,306,0.2264543660286996,0.3298132667256146,1.0881494033714794,0.4150326797385621,0.04339618024387437,0.02110830052516144,0.022287879718712933,0.028930786829249582
season,D2,2018/19,prior_asof,306,0.22645996224791995,0.3290484998917728,1.086017582107832,0.41830065359477125,0.03719270368379601,0.01575779163991653,0.02143491204387954,0.02479513578919736
season,D2,2019/20,prior_asof,306,0.21894605383147486,0.3289163358125382,1.0856484785982554,0.41830065359477125,0.03555482659012388,0.04677848626477771,0.011223659674653774,0.031185657509851788
season,D2,2020/21,prior_asof,306,0.2322992810071799,0.3230124107758641,1.069069588558564,0.45098039215686275,0.0019269977851397724,0.03851536381794474,0.040442361603084565,0.02696157440205636
season,D2,2021/22,prior_asof,306,0.23283646863372037,0.33391682287167357,1.0996808161533667,0.3888888888888889,0.062275239743742605,0.008406371264507717,0.05386886847923483,0.041516826495828385
season,D2,2022/23,prior_asof,306,0.22915354727702272,0.3205574049433746,1.0620278974254025,0.46405228758169936,0.01395188737183034,0.0336462561505709,0.01969436877874059,0.022430837433713945
season,D2,2023/24,prior_asof,306,0.23168911938351625,0.3215368735140989,1.0646536186342042,0.45751633986928103,0.006897213103546906,0.03857652581525828,0.031679312711711316,0.025717683876838832
season,D2,2024/25,prior_asof,306,0.22973818722789177,0.3308447036397631,1.0910000644723352,0.40522875816993464,0.044043758149503176,0.011078930828696099,0.03296482732080713,0.029362505433002135
season,D2,2025/26,prior_asof,306,0.22893201684376413,0.3210019693890682,1.063160526431041,0.46078431372549017,0.011868256090996343,0.027270588442964344,0.015402332351967973,0.018180392295309555
season,D2,2026/27,prior_asof,27,0.25636996413804825,0.3353213409036377,1.102368944134856,0.37037037037037035,0.0787415160913606,0.08378010649019574,0.16252162258155634,0.10834774838770422
season,DEN,2011/12,prior_asof,25,0.2576373960748808,0.33324780070969573,1.1011828344091907,0.4,0.1528093195358507,0.15299052270872165,0.23798272036862692,0.18126085420439975
season,DEN,2012/13,prior_asof,183,0.23379019296370837,0.3335108196217323,1.0999362061863882,0.40437158469945356,0.053192448243246204,0.014683814066399636,0.06787626230964582,0.045250841539763886
season,DEN,2013/14,prior_asof,188,0.22239334589374854,0.331320473388419,1.0936093650307712,0.4095744680851064,0.010131283200340013,0.04003647151564388,0.05937340982637878,0.03651372151412089
season,DEN,2014/15,prior_asof,195,0.23321073909511902,0.32664434619161076,1.0788182862391127,0.4256410256410256,0.006649706119356891,0.03208289676038473,0.02543319064102786,0.021388597840256495
season,DEN,2015/16,prior_asof,206,0.23653096887000555,0.3206765781591732,1.0606292755689302,0.4563106796116505,0.032846412482264165,0.052672096627350035,0.019825684145085898,0.035114731084900035
season,DEN,2016/17,prior_asof,251,0.22683627971184264,0.32867013671500545,1.0854286719725816,0.41832669322709165,0.005657945081628646,0.021807522171157945,0.016149577089529354,0.014538348114105315
season,DEN,2017/18,prior_asof,261,0.22651549612229796,0.3229263081883988,1.0687471198325194,0.4559386973180077,0.025336288274637686,0.00012597697922189788,0.025210311295415788,0.016890858849758456
season,DEN,2018/19,prior_asof,251,0.230918269642369,0.3211765455481448,1.0629813489892275,0.4581673306772908,0.024088981534529208,0.024666392203679333,0.0005774106691501246,0.016444261469119554
season,DEN,2019/20,prior_asof,211,0.23118724081197137,0.3229902877467743,1.0681343973575426,0.44549763033175355,0.008313414893706073,0.015203828775593453,0.006890413881887325,0.010135885850395617
season,DEN,2020/21,prior_asof,208,0.2208467022014754,0.322856525273419,1.0695011061725925,0.46153846153846156,0.023978194825227173,0.02749099075033179,0.05146918557555902,0.03431279038370599
season,DEN,2021/22,prior_asof,204,0.23692845345590274,0.3295647979028181,1.0862042123948046,0.39705882352941174,0.04000853049240549,0.013108424913045286,0.05311695540545075,0.03541130360363384
season,DEN,2022/23,prior_asof,202,0.22163709106677254,0.33389535853523244,1.1011402703530329,0.3910891089108911,0.041717117132724635,0.06600612190691041,0.024289004774185774,0.04400408127127361
season,DEN,2023/24,prior_asof,181,0.23230441499424873,0.32846864959221916,1.0838389335976122,0.4088397790055249,0.021344416230187346,0.002540250606183847,0.023884666836371138,0.015923111224247444
season,DEN,2024/25,prior_asof,68,0.2355341069846236,0.3293993543466904,1.0860359902854475,0.39705882352941174,0.03304112123892228,0.012909298270808611,0.045950419509731,0.030633613006487297
season,E0,2000/01,prior_asof,380,0.22141744230804944,0.3202923092877594,1.0634336806350684,0.4842105263157895,0.03232912448434463,0.025316351637988593,0.020322589408332373,0.025989355176888534
season,E0,2001/02,prior_asof,380,0.22946082381815547,0.32721355886060044,1.0810042468997,0.4342105263157895,0.027031913932897778,0.0070337694773055515,0.03406568341020333,0.02271045560680222
season,E0,2002/03,prior_asof,380,0.22437653344231337,0.3151321758129474,1.0468889298946304,0.4921052631578947,0.02722303275675303,0.025245645994136506,0.001977386762616551,0.01814868850450203
season,E0,2003/04,prior_asof,335,0.22359923528329306,0.32412294539292436,1.0723038944946024,0.44776119402985076,0.017245474141166728,0.019169200096448125,0.0019237259552814523,0.012779466730965435
season,E0,2004/05,prior_asof,335,0.22146259289710785,0.32401153077740347,1.0720190253016417,0.44776119402985076,0.014586900143559844,0.021845005629881842,0.007258105486321942,0.014563337086587877
season,E0,2005/06,prior_asof,380,0.22943600671411496,0.31191582103939014,1.0374516525274347,0.5052631578947369,0.04195857484764587,0.05806483974996171,0.016106264902315925,0.03870989316664117
season,E0,2006/07,prior_asof,380,0.22193378608418032,0.3176703084738229,1.0541726544120384,0.4789473684210526,0.007022688470198657,0.003444313747499095,0.010467002217697863,0.006978001478465205
season,E0,2007/08,prior_asof,380,0.22381754097667628,0.32083221071806467,1.0629578108500353,0.4631578947368421,0.007432400305695419,0.007285113367987539,0.00014728693770793555,0.004954933537130298
season,E0,2008/09,prior_asof,380,0.22710991145201906,0.3221926374615704,1.066550705820929,0.45526315789473687,0.012680993934561569,0.000794845428040647,0.013475839362602271,0.008983892908401495
season,E0,2009/10,prior_asof,380,0.21739624386735107,0.31183323456300566,1.0379738718720164,0.5078947368421053,0.03731469023398842,0.0024708201212415015,0.03484387011274678,0.024876460155992236
season,E0,2010/11,prior_asof,380,0.21557197625135222,0.3195845323677221,1.0598592776790252,0.4710526315789474,0.00026769962634864974,0.033691877811585114,0.03342417818523655,0.022461251874390104
season,E0,2011/12,prior_asof,380,0.23067457465564226,0.3232125709986066,1.0692913434285267,0.45,0.020280832016108752,0.013978083177647121,0.03425891519375596,0.022839276795837277
season,E0,2012/13,prior_asof,380,0.22415606158723952,0.32621222460231136,1.0780812823411312,0.4368421052631579,0.032075917176152824,0.02454684957117992,0.007529067604972961,0.0213839447841019
season,E0,2013/14,prior_asof,380,0.23530888297370772,0.3182820492827093,1.054951578136273,0.4710526315789474,0.003675355300743477,0.05337938620654145,0.049704030905798,0.035586257471027644
season,E0,2014/15,prior_asof,380,0.22987795903912014,0.3223752656948205,1.0667947301310188,0.45263157894736844,0.013870588994136346,0.01184961231144907,0.025720201305585444,0.017146800870390288
season,E0,2015/16,prior_asof,380,0.2290036519495096,0.33049065881330636,1.0899055313095374,0.4131578947368421,0.051039191471253686,0.025461627648732277,0.02557756382252141,0.03402612764750246
season,E0,2016/17,prior_asof,380,0.22769991813177368,0.3144145915722146,1.0443442600199384,0.4921052631578947,0.028287343951865274,0.03518591871461765,0.006898574762752352,0.023457279143078425
season,E0,2017/18,prior_asof,380,0.2258047360925596,0.32216093515176847,1.0665472898079413,0.45526315789473687,0.009384651790394438,0.005551366737022889,0.0038332850533716045,0.006256434526929644
season,E0,2018/19,prior_asof,380,0.23802155920729937,0.316207325168308,1.0481571935417584,0.4763157894736842,0.0117443818489128,0.0666212691862936,0.05487688733738072,0.04441417945752904
season,E0,2019/20,prior_asof,314,0.23068795214469615,0.3240560094722885,1.071337753697412,0.4426751592356688,0.021830117510390934,0.0031729956900828915,0.02500311320047388,0.016668742133649234
season,E0,2020/21,prior_asof,446,0.24515045527679158,0.33079707639225303,1.0884748518616063,0.3968609865470852,0.06573993567769187,0.03304834776501028,0.09878828344270213,0.06585885562846809
season,E0,2021/22,prior_asof,380,0.23625425171024161,0.3253929131292858,1.0741730656754342,0.42894736842105263,0.030387881191729138,0.0179026068196044,0.04829048801133351,0.03219365867422235
season,E0,2022/23,prior_asof,380,0.2275035609799643,0.31596464442496125,1.0484955005179015,0.4842105263157895,0.024877046692937888,0.019474718409294378,0.005402328283643565,0.016584697795291942
season,E0,2023/24,prior_asof,380,0.23418006856751286,0.3192919071071718,1.056856416140612,0.4605263157894737,0.00048816291156955627,0.03118306062199097,0.030694897710421387,0.020788707081327306
season,E0,2024/25,prior_asof,380,0.23683640093167163,0.32926816657784197,1.0851071638639054,0.40789473684210525,0.051058361020510645,0.001936945996995898,0.052995307017506654,0.03533020467833773
season,E0,2025/26,prior_asof,380,0.22780008659097095,0.3275598312990302,1.081911965065404,0.4263157894736842,0.03142162017802608,0.027158277437797668,0.004263342740228382,0.020947746785350708
season,E0,2026/27,prior_asof,20,0.23096542954320531,0.31209581708202877,1.036618474860774,0.5,0.04309103971641104,0.04730426821744141,0.004213228501030397,0.03153617881162762
season,E1,2000/01,prior_asof,552,0.22749879205243578,0.3266607282366875,1.0802847163678,0.4384057971014493,0.019334222086780976,0.016303055985424277,0.018883176627831833,0.01817348490001236
season,E1,2001/02,prior_asof,552,0.2251209031206108,0.31994342885497984,1.06041943641091,0.4692028985507246,0.013773239744693022,0.008907113431606828,0.004866126313086194,0.009182159829795348
season,E1,2002/03,prior_asof,520,0.2261670656374256,0.32326581315400754,1.069722899047973,0.45,0.004345346688774787,0.00117385839683537,0.003171488291939417,0.002896897792516525
season,E1,2003/04,prior_asof,552,0.22670202754637073,0.3235935488519733,1.0705891356124506,0.447463768115942,0.007364683709957243,0.00020492870584387646,0.007569612415801119,0.005046408277200746
season,E1,2004/05,prior_asof,392,0.22264124506476546,0.3273468343492165,1.081538976600552,0.42857142857142855,0.024031160050675626,0.03232608133951992,0.008294921288844403,0.021550720893013315
season,E1,2005/06,prior_asof,552,0.21946744570410193,0.3279754221674716,1.083288693646236,0.42391304347826086,0.02195856642185373,0.041053959697570475,0.019095393275716743,0.027369306465046983
season,E1,2006/07,prior_asof,552,0.22963121641316617,0.3174178736973533,1.0530542340550744,0.48188405797101447,0.03444379414958848,0.04990780175627135,0.015464007606682706,0.03327186783751418
season,E1,2007/08,prior_asof,552,0.2202700939271041,0.32798386468168705,1.0832870166415596,0.42391304347826086,0.02437040896204623,0.03951073279530587,0.015140323833259639,0.026340488530203914
season,E1,2008/09,prior_asof,552,0.22226959350770645,0.3261523802463437,1.077967879247528,0.4329710144927536,0.01400629299551831,0.019864487658239893,0.005858194662721639,0.013242991772159948
season,E1,2009/10,prior_asof,552,0.21889969750771474,0.3227416301873134,1.068327761930708,0.4528985507246377,0.007985701266941925,0.01644739467465317,0.024433095941595095,0.016288730627730064
season,E1,2010/11,prior_asof,552,0.2257581674835314,0.32392833579475083,1.0716469106613626,0.44565217391304346,0.0008009480861264073,0.008304835581235182,0.009105783667361589,0.006070522444907726
season,E1,2011/12,prior_asof,552,0.22836347797365006,0.3269318852213016,1.0800847147726307,0.427536231884058,0.01855649887685812,0.005484335333326595,0.02404083421018466,0.016027222806789792
season,E1,2012/13,prior_asof,552,0.22692356794315516,0.3238575564332589,1.0713962213247665,0.44565217391304346,0.0006955776953478376,0.011819270233508261,0.011123692538160368,0.007879513489005488
season,E1,2013/14,prior_asof,552,0.2278377134888241,0.32925049308328985,1.0866153419970999,0.41304347826086957,0.030667645184967285,0.006986753630659204,0.023680891554308192,0.020445096789978228
season,E1,2014/15,prior_asof,552,0.22695231582954506,0.3291719874908725,1.0864201480403761,0.41304347826086957,0.02864244339968025,0.010286829427035127,0.01835561397264507,0.01909496226645348
season,E1,2015/16,prior_asof,552,0.2216770444417963,0.3295309550651334,1.0875562100860754,0.411231884057971,0.028041518886610883,0.03404644821639735,0.006004929329786468,0.0226976321442649
season,E1,2016/17,prior_asof,552,0.22825844674792992,0.3191541197208646,1.058027564782357,0.4746376811594203,0.03519045255819114,0.041627161492422016,0.006436708934230928,0.02775144099494803
season,E1,2017/18,prior_asof,552,0.227981491641241,0.32613461784695685,1.0777819430641218,0.4311594202898551,0.009012617751410767,0.007592934225861825,0.016605551977272648,0.011070367984848414
season,E1,2018/19,prior_asof,552,0.22193456538764603,0.32577454176776505,1.076934316505369,0.43478260869565216,0.0050189194492519795,0.01733868540577216,0.012319765956520179,0.011559123603848106
season,E1,2019/20,prior_asof,475,0.22775108861785373,0.32809639508322314,1.0833543568174895,0.4189473684210526,0.020810995745581207,0.0016806299277024594,0.019130365817878636,0.013873997163720767
season,E1,2020/21,prior_asof,629,0.23540858559688216,0.32904909864162585,1.0857717240601692,0.41017488076311603,0.027852753957794907,0.027719846650638286,0.055572600608433165,0.03704840040562212
season,E1,2021/22,prior_asof,552,0.22918305087570007,0.32364531342193686,1.070609605824033,0.44565217391304346,0.008288443924221178,0.022788643868521585,0.014500199944300407,0.015192429245681057
season,E1,2022/23,prior_asof,552,0.2304450379180402,0.3289935071039717,1.0857366835868578,0.411231884057971,0.02601444927301466,0.0037195772848191977,0.029734026557833804,0.01982268437188922
season,E1,2023/24,prior_asof,552,0.23295288405867373,0.32326373052386115,1.069246255671687,0.44565217391304346,0.008842826716000896,0.03906465685461094,0.030221830138610017,0.026043104569740617
season,E1,2024/25,prior_asof,550,0.22064181446131773,0.3223086992869319,1.0672720517889653,0.4581818181818182,0.020877845476746204,0.011156407755121556,0.032034253231867704,0.021356168821245154
season,E1,2025/26,prior_asof,552,0.23075461511677353,0.3280597857175977,1.0830276196124753,0.4166666666666667,0.02070853000878836,0.007805160036400027,0.028513690045188333,0.01900912669679224
season,E1,2026/27,prior_asof,48,0.223732750087561,0.3319761710819485,1.0946235236504196,0.3958333333333333,0.04100501537836043,0.040319125008086876,0.0006858903702736119,0.027336676918906972
season,E2,2000/01,prior_asof,552,0.22779245373911775,0.32817969616018267,1.0845290045555445,0.427536231884058,0.03204579115525255,0.013686177739977849,0.028789529692195986,0.02484049952914213
season,E2,2001/02,prior_asof,552,0.21974799107244877,0.3196415917769112,1.0596953648149725,0.47282608695652173,0.024561009063176098,0.003759979024092752,0.02832098808726885,0.0188806587248459
season,E2,2002/03,prior_asof,351,0.23002873612392993,0.3268674322159685,1.0799358305243552,0.4301994301994302,0.024050155937175632,0.008531650100448429,0.03258180603762406,0.021721204025082708
season,E2,2003/04,prior_asof,504,0.21705580535413357,0.3232059616978733,1.069616698232483,0.4503968253968254,0.0028004730324108773,0.02704056004299321,0.029841033075404172,0.01989402205026942
season,E2,2004/05,prior_asof,376,0.21987215328655385,0.32230811497888834,1.0670056550283589,0.45478723404255317,0.0030629578328116303,0.00873288895169766,0.01179584678450929,0.007863897856339527
season,E2,2005/06,prior_asof,552,0.21932718341269739,0.3273843646099164,1.0811336650725847,0.42391304347826086,0.025155410669218004,0.030741219644283946,0.005585808975065887,0.020494146429522613
season,E2,2006/07,prior_asof,552,0.22867460394242853,0.3234315762942294,1.0705544704288328,0.45108695652173914,0.004941554642003854,0.03306968663480181,0.028128131992798067,0.022046457756534577
season,E2,2007/08,prior_asof,552,0.2256360979881399,0.3206463336496942,1.0624912895334417,0.46557971014492755,0.01852000006718052,0.026056454580894062,0.007536454513713542,0.01737096972059604
season,E2,2008/09,prior_asof,552,0.23332710114628058,0.32702625271149344,1.0803567481493481,0.427536231884058,0.020886172518419288,0.027557992811321264,0.04844416532974061,0.032296110219827055
season,E2,2009/10,prior_asof,552,0.21953469100892836,0.31932510818106546,1.0587235947307267,0.47282608695652173,0.02607955450225591,0.0007661554804386239,0.026845709982694532,0.017897139988463023
season,E2,2010/11,prior_asof,552,0.22925572306812708,0.32287447955177384,1.0685814873163308,0.45108695652173914,0.0014316148853116273,0.02520006252855489,0.02376844764324315,0.01680004168570322
season,E2,2011/12,prior_asof,552,0.2235265093906141,0.32866404831687096,1.0850351575418529,0.41847826086956524,0.028598129418834106,0.026296667418057584,0.002301462000776522,0.019065419612556072
season,E2,2012/13,prior_asof,552,0.2324348693577836,0.33099144422826365,1.0914101160549157,0.40217391304347827,0.04169969084646025,0.004257359306938047,0.04595705015339835,0.030638033435598882
season,E2,2013/14,prior_asof,552,0.22863863383527702,0.32431369680321587,1.0725734822176671,0.4420289855072464,0.0006362533750095545,0.015988410288547916,0.016624663663557415,0.011083109109038295
season,E2,2014/15,prior_asof,552,0.2333431889300271,0.3302408158793523,1.0891355822985873,0.40398550724637683,0.03728333046101262,0.009336608194473572,0.04661993865548619,0.031079959103657462
season,E2,2015/16,prior_asof,552,0.23200324561570662,0.32598733789164763,1.0770484610186253,0.42934782608695654,0.01023261545714843,0.021206130017003888,0.03143874547415232,0.02095916364943488
season,E2,2016/17,prior_asof,552,0.22289141665897427,0.32351395824707113,1.0705806679502319,0.4492753623188406,0.009836911731201103,0.007938900150139927,0.017775811881340975,0.011850541254227335
season,E2,2017/18,prior_asof,552,0.22860488297119977,0.3271493345972192,1.0805612044404702,0.42391304347826086,0.01607814659154605,0.00038291984534338797,0.016461066436889438,0.010974044291259625
season,E2,2018/19,prior_asof,552,0.23039626562507273,0.32810924360603394,1.0831682715260431,0.4166666666666667,0.021546497871841264,0.004378092394153266,0.025924590265994585,0.017283060177329706
season,E2,2019/20,prior_asof,400,0.22128565765007457,0.32156510748526407,1.0651440836654167,0.4625,0.02412791019165711,0.006607995373306252,0.03073590556496336,0.020490603709975574
season,E2,2020/21,prior_asof,552,0.2378563285302082,0.32931705129584216,1.0860394354173442,0.40398550724637683,0.03426427200305765,0.03058595750023746,0.06485022950329511,0.04323348633553007
season,E2,2021/22,prior_asof,552,0.22624309097798156,0.32353081732586464,1.070399207993718,0.447463768115942,0.00995769686244763,0.0046809386420074706,0.005276758220440103,0.006638464574965068
season,E2,2022/23,prior_asof,552,0.23004737362492064,0.32481830221148444,1.0737523020380313,0.4365942028985507,0.0008846825507593525,0.0152190986482868,0.016103781199046208,0.010735854132697453
season,E2,2023/24,prior_asof,552,0.23369066413603445,0.3263453251564437,1.0777594739030782,0.42391304347826086,0.013591680788318905,0.023123782601044446,0.03671546338936338,0.02447697559290891
season,E2,2024/25,prior_asof,549,0.23363339848644932,0.3253003571847986,1.0747209864546576,0.42987249544626593,0.007210528535950611,0.026295833002479452,0.03350636153843012,0.022337574358953394
season,E2,2025/26,prior_asof,552,0.2270641308200174,0.32137177365465297,1.0641327751907996,0.4601449275362319,0.02255645285720942,0.013759934811860608,0.0087965180453487,0.015037635238139576
season,E2,2026/27,prior_asof,47,0.22555982323514479,0.3306577871878355,1.090890303122838,0.40425531914893614,0.033110017256907265,0.03207685605578292,0.001033161201124344,0.022073344837938175
season,E3,2000/01,prior_asof,54,0.19817979187778076,0.30396035992433135,1.0196954096055815,0.5740740740740741,0.08829305425346233,0.08680874632768384,0.04679391683847987,0.07396523913987534
season,E3,2001/02,prior_asof,552,0.2211818074184913,0.3188950597105365,1.0586548482535796,0.48188405797101447,0.015676847892894846,0.016967662210860587,0.01747354630261114,0.01670601880212219
season,E3,2002/03,prior_asof,335,0.22449988287158354,0.32901197161298995,1.0858535111140895,0.42686567164179107,0.04890911833040684,0.023767319585618785,0.025141798744788058,0.032606078886937895
season,E3,2003/04,prior_asof,472,0.2242288140354551,0.32218666942434326,1.0669304951139498,0.4576271186440678,0.010451981686889156,0.006604308175122031,0.017056289862011187,0.011370859908007458
season,E3,2004/05,prior_asof,440,0.2177702750005997,0.32310697463530635,1.0690726264305648,0.45,0.009928238329795946,0.022500462616247774,0.012572224286451772,0.01500030841083183
season,E3,2005/06,prior_asof,552,0.22150155066760024,0.3315010354622854,1.0926545667940903,0.40217391304347827,0.04946642059244016,0.03549006560947393,0.013976354982966233,0.03297761372829344
season,E3,2006/07,prior_asof,552,0.2281687832546332,0.3241618491320851,1.0727065476736355,0.447463768115942,0.0006420763623473102,0.028433979255688524,0.027791902893341158,0.018955986170459
season,E3,2007/08,prior_asof,552,0.2427762327653048,0.33298156332113504,1.097285704142223,0.391304347826087,0.0502217468829988,0.048573378255355765,0.09879512513835459,0.06586341675890305
season,E3,2008/09,prior_asof,552,0.22448402422467173,0.3291323635358761,1.0864132575756376,0.41304347826086957,0.02382434623541485,0.020357600385046637,0.003466745850368158,0.01588289749027655
season,E3,2009/10,prior_asof,552,0.22980621059845063,0.32515225458265523,1.0749195076961002,0.4365942028985507,0.0017212879894508704,0.021982507722608013,0.020261219733157143,0.014655005148405342
season,E3,2010/11,prior_asof,552,0.22365612215915617,0.32990800713717133,1.088671755220057,0.4076086956521739,0.025848221497454638,0.027116915869423275,0.0012686943719686372,0.01807794391294885
season,E3,2011/12,prior_asof,552,0.22923192354259173,0.3237756313193098,1.071003741945176,0.44565217391304346,0.013515182581529783,0.02481280472330466,0.011297622141774932,0.01654186981553646
season,E3,2012/13,prior_asof,552,0.22991047789795807,0.3288839559384271,1.0854768207546173,0.411231884057971,0.020782127630812275,0.004210635529515228,0.024992763160327502,0.016661842106885
season,E3,2013/14,prior_asof,552,0.22610946591623496,0.3343717099814935,1.1013297099892516,0.375,0.05506159190595433,0.03655391958974058,0.018507672316213752,0.03670772793730289
season,E3,2014/15,prior_asof,552,0.2297346839369989,0.3242842538469586,1.0723613991399168,0.4420289855072464,0.014068861525993348,0.025826064000022353,0.01175720247402906,0.01721737600001492
season,E3,2015/16,prior_asof,552,0.23578844975049057,0.33110536722686756,1.0914059316252138,0.3894927536231884,0.03705270669084132,0.020659546909185866,0.05771225360002735,0.03847483573335151
season,E3,2016/17,prior_asof,552,0.23344734329797778,0.3295547498564963,1.0870570681275868,0.4003623188405797,0.02362708297871441,0.01593927410665691,0.03956635708537132,0.026377571390247545
season,E3,2017/18,prior_asof,552,0.22806464673427876,0.32415635354259836,1.072010536013416,0.4438405797101449,0.01923885430263994,0.014171928802355849,0.005066925500284092,0.012825902868426628
season,E3,2018/19,prior_asof,552,0.22646567222936262,0.32460353395311003,1.0734332944350766,0.4420289855072464,0.016618759374996406,0.0050042605467164325,0.011614498828279918,0.011079172916664251
season,E3,2019/20,prior_asof,440,0.22262539986452823,0.3284990700392316,1.0849156612507331,0.41818181818181815,0.00716675371837433,0.02845781003415443,0.024927828974883284,0.020184130909137347
season,E3,2020/21,prior_asof,552,0.2301138525990083,0.3294840922767138,1.0871147784365485,0.40398550724637683,0.020990145066693167,0.000719598808165689,0.021709743874858956,0.014473162583239269
season,E3,2021/22,prior_asof,552,0.2279399756936102,0.327718775967274,1.0822343635359721,0.41847826086956524,0.0057179212622119335,0.0005253812246170386,0.005192540037595006,0.003811947508141326
season,E3,2022/23,prior_asof,552,0.22550215474688873,0.3285465487592644,1.0848066945531252,0.4148550724637681,0.009519672317504113,0.015605160961151165,0.006085488643647052,0.010403440640767444
season,E3,2023/24,prior_asof,552,0.2317051519021971,0.3228899823005792,1.0680755481661608,0.4492753623188406,0.024702051924580415,0.03687963342507389,0.012177581500493473,0.024586422283382592
season,E3,2024/25,prior_asof,548,0.22512727719348036,0.32742689314619083,1.0816385797547192,0.4233576642335766,0.001792411582203779,0.013180124254678849,0.011387712672475125,0.008786749503119251
season,E3,2025/26,prior_asof,552,0.23309781061654816,0.3267164507149801,1.0789024280880666,0.42028985507246375,0.004309148506299043,0.02530643242454028,0.02961558093083927,0.01974372062055953
season,E3,2026/27,prior_asof,48,0.2007884191642202,0.32318853363953,1.0716955959310972,0.4791666666666667,0.05433859599923918,0.10215216817166028,0.15649076417089938,0.10432717611393294
season,EC,2011/12,prior_asof,552,0.2326326161740935,0.329681807573702,1.0883322873440175,0.41847826086956524,0.025358741380707258,0.02775371125879947,0.026394588743375535,0.02650234712762742
season,EC,2012/13,prior_asof,552,0.23252410813203303,0.3273012195302144,1.0804031688872253,0.4148550724637681,0.0038963470946452583,0.006925274268423043,0.010821621363068301,0.007214414242045534
season,EC,2013/14,prior_asof,552,0.22775186148351753,0.31844079029311606,1.055556562021802,0.483695652173913,0.04900059340205348,0.014469961027696598,0.03453063237435683,0.03266706226803564
season,EC,2014/15,prior_asof,552,0.23140128865477555,0.3252000183099384,1.0744406970623661,0.4311594202898551,0.011097219848710038,0.0004574092221805437,0.010639810626529522,0.007398146565806701
season,EC,2015/16,prior_asof,552,0.23100220035032035,0.3261458173654359,1.0772671606024253,0.4257246376811594,0.01190941136447643,0.005231218805226756,0.006678192559249563,0.007939607576317584
season,EC,2016/17,prior_asof,552,0.2341280049484796,0.3229124492786441,1.067119601099135,0.4384057971014493,0.0008077376519138868,0.019097466686795905,0.01828972903488202,0.012731644457863936
season,EC,2017/18,prior_asof,552,0.22698229583186022,0.33203086741602617,1.095294678745032,0.3967391304347826,0.03573768492906071,0.04276339176351379,0.007025706834453138,0.028508927842342546
season,EC,2018/19,prior_asof,552,0.23126129342417265,0.3272672338889505,1.0804591670148367,0.4166666666666667,0.01259818501127663,0.003967214053377521,0.008630970957899164,0.008398790007517773
season,EC,2019/20,prior_asof,451,0.22952191776564046,0.32939830453612906,1.086996379823942,0.4057649667405765,0.02130759160456519,0.01891995036298999,0.0023876412415751447,0.014205061069710109
season,EC,2020/21,prior_asof,477,0.2369312726334173,0.3239150258577944,1.069539398979578,0.42557651991614254,0.0007513568045238728,0.03296108899554251,0.03371244580006627,0.022474963866710884
season,EC,2021/22,prior_asof,506,0.23398227853251913,0.32262007451243496,1.0663020704797768,0.4407114624505929,0.01359517910849073,0.022848395413368805,0.009253216304878076,0.015232263608912536
season,EC,2022/23,prior_asof,552,0.2287783729818688,0.3243435381285055,1.0724895897231796,0.4420289855072464,0.013234810644845663,0.005464691047537662,0.01869950169238338,0.012466334461588902
season,EC,2023/24,prior_asof,552,0.23126777297807574,0.3263809308323643,1.0778711754995474,0.4221014492753623,0.006388749751509215,0.002875970012360729,0.003512779739148486,0.004259166501006144
season,EC,2024/25,prior_asof,180,0.2282130083823898,0.32747709401600167,1.081737412784619,0.4222222222222222,0.005983302132605672,0.019557358396200375,0.013574056263594703,0.01303823893080025
season,EC,2025/26,prior_asof,552,0.23432963989605418,0.3236037373456573,1.069085458802691,0.4329710144927536,0.0047707160316516894,0.020368043251729834,0.015597327220078117,0.013578695501153213
season,EC,2026/27,prior_asof,60,0.24238569416164263,0.3154015103408763,1.0432536761039553,0.4666666666666667,0.038019450517432773,0.08440603784203901,0.046386587324606265,0.056270691894692686
season,F1,2000/01,prior_asof,306,0.2184410676099471,0.3196117094782508,1.0609130701213714,0.4869281045751634,0.061601103891037,0.020151013738633455,0.022220345875175906,0.034657487834948784
season,F1,2001/02,prior_asof,306,0.20565762819130415,0.30692592112338857,1.0226498090914913,0.5196078431372549,0.0293310845608273,0.00015122906306302974,0.02874274575846414,0.01940835312745149
season,F1,2002/03,prior_asof,191,0.21683433966503418,0.32296206975002684,1.0680590999158794,0.45549738219895286,0.040986437369975724,0.019235488883018348,0.021750948486957328,0.0273242915799838
season,F1,2003/04,prior_asof,223,0.21694568968584807,0.31840666248528293,1.056006502071494,0.47533632286995514,0.01680451007816014,0.0002874889755020704,0.01651702110265804,0.011203006718773417
season,F1,2004/05,prior_asof,380,0.20134170781387867,0.3162660238346099,1.0454486089021036,0.46578947368421053,0.016923406467793722,0.08101462634400018,0.03377493210419835,0.04390432163866409
season,F1,2005/06,prior_asof,380,0.21624411520146125,0.3233974783052787,1.069360704116285,0.4473684210526316,0.03150405182305238,0.04542057195792641,0.02192842426575195,0.032951016015576914
season,F1,2006/07,prior_asof,380,0.2094539579102219,0.3160657121134521,1.047482676324611,0.4763157894736842,0.0006476712041397215,0.005312292654339737,0.005959963858479439,0.003973309238986299
season,F1,2007/08,prior_asof,380,0.21936468588109842,0.3254493746948538,1.0758829230820168,0.4394736842105263,0.03365661428090544,0.0016613100205060682,0.03199530426039937,0.02243774285393696
season,F1,2008/09,prior_asof,380,0.2231502545343616,0.3271594955245544,1.0815180650298197,0.4342105263157895,0.03387200130273249,0.009090111513793409,0.04296211281652587,0.02864140854435059
season,F1,2009/10,prior_asof,380,0.22483396528278937,0.3209181681549972,1.064802003878895,0.4710526315789474,0.004636490061611154,0.04288813761486543,0.03825164755325436,0.028592091743243647
season,F1,2010/11,prior_asof,380,0.2149930120122695,0.32845759763515603,1.082728180173074,0.4131578947368421,0.049961511947232085,0.042572401559468814,0.007389110387763298,0.033307674631488066
season,F1,2011/12,prior_asof,380,0.21713125814549608,0.31901818946934535,1.0575836098428812,0.4710526315789474,0.011012974057005964,0.018500227359862065,0.007487253302856128,0.012333484906574719
season,F1,2012/13,prior_asof,380,0.222363854594883,0.3242239194261586,1.0729544357602205,0.4473684210526316,0.013394059545619341,0.036126113211866755,0.029152572590178394,0.0262242484492215
season,F1,2013/14,prior_asof,380,0.22341611736737185,0.3252555269517871,1.0759132122119743,0.4421052631578947,0.018058749474877678,0.014238621844473387,0.03229737131935101,0.021531580879567358
season,F1,2014/15,prior_asof,380,0.2293989337923049,0.320423846916287,1.0636857100697046,0.4763157894736842,0.01674384414840463,0.06393431824461043,0.0471904740962058,0.042622878829740286
season,F1,2015/16,prior_asof,380,0.2276394984136863,0.3294114522277007,1.0877936084333075,0.42105263157894735,0.037287435558626014,0.00888234974867147,0.046169785307297484,0.030779856871531657
season,F1,2016/17,prior_asof,380,0.22249385010615033,0.3165464579906902,1.0514875137540167,0.48947368421052634,0.030346453687725816,0.04350446956258408,0.013158015874858237,0.029002979708389377
season,F1,2017/18,prior_asof,380,0.22823055264237677,0.3232892210392405,1.0707870746442836,0.45526315789473687,0.0043162041500570125,0.03527917103391953,0.039595375183976544,0.026396916789317697
season,F1,2018/19,prior_asof,380,0.22393083428071298,0.3267881479056279,1.07979850270033,0.43157894736842106,0.026677140747825123,0.0022893412166434257,0.024387799531181698,0.017784760498550083
season,F1,2019/20,prior_asof,279,0.22345339738423234,0.3180809754295816,1.0556597546265831,0.48028673835125446,0.021920809535608654,0.035737871582659786,0.013817062047051076,0.023825247721773173
season,F1,2020/21,prior_asof,380,0.24476042687955074,0.33913680522004874,1.1160541256979422,0.3736842105263158,0.08317973864705508,0.03492116421387892,0.118100902860934,0.07873393524062267
season,F1,2021/22,prior_asof,380,0.22963039680946443,0.32794602713259824,1.0833752763946085,0.4263157894736842,0.026908362617686588,0.015909758895635673,0.04281812151332226,0.02854541434221484
season,F1,2022/23,prior_asof,380,0.2351736328564526,0.3277410045153021,1.0830569945512423,0.42894736842105263,0.023166433048859125,0.04053536393334892,0.06370179698220813,0.04246786465480539
season,F1,2023/24,prior_asof,306,0.2364300260817628,0.33389472749184085,1.100152661556984,0.39215686274509803,0.05860542789202661,0.016993872912212105,0.07559930080423871,0.050399533869492474
season,F1,2024/25,prior_asof,305,0.23654636007758467,0.3204355293641764,1.0622781852962588,0.46885245901639344,0.019041932500126646,0.076546766801831,0.05750483430170433,0.05103117786788733
season,F1,2025/26,prior_asof,306,0.22836105327333137,0.3214106077359873,1.0646745001747813,0.46078431372549017,0.009757372912659323,0.03209458198548823,0.022337209072828934,0.021396387990325495
season,F1,2026/27,prior_asof,19,0.22610476114546407,0.3466317487148225,1.1354301390753516,0.3157894736842105,0.1346821750658782,0.09125559125109017,0.04342658381478809,0.0897881167105855
season,F2,2000/01,prior_asof,380,0.20984060962625228,0.319362004836865,1.0573665698677868,0.4605263157894737,0.019990214651804207,0.03732801367600749,0.0391824169601518,0.0321668817626545
season,F2,2001/02,prior_asof,351,0.20774881424809802,0.32208402459007796,1.0629023674845852,0.4358974358974359,0.03051053238632756,0.02757411188908343,0.00293642049724413,0.020340354924218373
season,F2,2002/03,prior_asof,159,0.2000207759164797,0.30481682474260796,1.0130692600294404,0.5283018867924528,0.06394530128758275,0.03196555621508762,0.039535573207356504,0.04514881023667563
season,F2,2003/04,prior_asof,15,0.2374320967422897,0.36027092916684805,1.1784791696880683,0.26666666666666666,0.20118954055648325,0.0730402007542097,0.12814933980227347,0.1341263603709888
season,F2,2004/05,prior_asof,380,0.21127566526936334,0.31615390426178347,1.0485968980455413,0.48157894736842105,0.016783074545731524,0.02580700888431975,0.009023934338588141,0.01720467258954647
season,F2,2005/06,prior_asof,380,0.21141586490781267,0.3223767270653686,1.0651325605775643,0.4421052631578947,0.022235109831929556,0.008403935709836274,0.013831174122093254,0.014823406554619695
season,F2,2006/07,prior_asof,380,0.20791710328923405,0.3121953234714208,1.0364844438626764,0.49736842105263157,0.03102126186082743,0.025311148481992396,0.005710113378835008,0.020680841240551612
season,F2,2007/08,prior_asof,348,0.21323351153309933,0.31871651054598604,1.0560484277371731,0.46839080459770116,0.00102370910886046,0.013210063763734237,0.014233772872594669,0.009489181915063122
season,F2,2008/09,prior_asof,380,0.2167098317107776,0.31935619336165494,1.0590047661960078,0.4710526315789474,0.0014135192168079347,0.025538125954149005,0.024124606737341042,0.017025417302765994
season,F2,2009/10,prior_asof,380,0.20944002792439842,0.31999724985912836,1.0579263081011794,0.45263157894736844,0.016265919308481536,0.016602198856193018,0.0003362795477115377,0.011068132570795364
season,F2,2010/11,prior_asof,380,0.20761563941209749,0.31715832885976064,1.0496442828965822,0.46578947368421053,0.0010129900579661233,0.008981854241825848,0.007968864183859725,0.005987902827883899
season,F2,2011/12,prior_asof,380,0.21374173191782456,0.32180559775161083,1.0643933013037445,0.45,0.016285285452076137,0.001515580577422071,0.01476970487465401,0.01085685696805074
season,F2,2012/13,prior_asof,380,0.21765249939157813,0.3281504526396612,1.0828619821762668,0.41842105263157897,0.04608816891515671,0.014162518157582182,0.031925650757574614,0.030725445943437835
season,F2,2013/14,prior_asof,380,0.209532676665483,0.3190449252860397,1.0554473569498668,0.45789473684210524,0.004491297569333252,0.007890785957699986,0.0033994883883667615,0.0052605239718
season,F2,2014/15,prior_asof,380,0.21307296401895384,0.32354272341020646,1.0688465842725958,0.4368421052631579,0.023595142367168642,0.012061471907904187,0.011533670459264539,0.01573009491144579
season,F2,2015/16,prior_asof,380,0.22068891740063196,0.32970611320745835,1.0881697055219877,0.4131578947368421,0.04388429060616583,0.0028830211339243017,0.04100126947224153,0.029256193737443887
season,F2,2016/17,prior_asof,380,0.22601743285652784,0.33166006230657613,1.095118742195805,0.4105263157894737,0.043543531071624786,0.0155669059092578,0.059110436980882614,0.03940695798725507
season,F2,2017/18,prior_asof,380,0.2332069920123486,0.3250744033450441,1.078918144947829,0.46578947368421053,0.011772092545920043,0.08445516234572525,0.07268306979980527,0.05630344156381686
season,F2,2018/19,prior_asof,380,0.23116768310337402,0.3342415893799151,1.1029631911226483,0.4,0.0527300497992339,0.02024150291459892,0.07297155271383285,0.04864770180922189
season,F2,2019/20,prior_asof,280,0.23174432718889823,0.33680569261342014,1.109939570199952,0.3821428571428571,0.06699405008960013,0.009959554067736964,0.07695360415733701,0.05130240277155804
season,F2,2020/21,prior_asof,380,0.21522396128730567,0.3267891711750151,1.0784619517305403,0.41842105263157897,0.0290074849526335,0.02474586756701086,0.0042616173856226125,0.019338323301755656
season,F2,2021/22,prior_asof,380,0.23036174325882258,0.33142125546180684,1.0946387477097692,0.4131578947368421,0.0322834466690054,0.03133511678584561,0.06361856345485103,0.04241237563656735
season,F2,2022/23,prior_asof,379,0.22654574415529286,0.326176870984452,1.0791536368701593,0.44063324538258575,0.003910554112205145,0.03673487882345933,0.04064543293566447,0.02709695529044298
season,F2,2023/24,prior_asof,379,0.2296646938402498,0.3323057423509189,1.0966290602276756,0.40369393139841686,0.04002170232567359,0.019541918994620155,0.05956362132029372,0.03970908088019582
season,F2,2024/25,prior_asof,306,0.22653886810732243,0.3189556916178619,1.0588895747045242,0.4869281045751634,0.04317042592043763,0.06960569174308029,0.026435265822642662,0.04640379449538686
season,F2,2025/26,prior_asof,305,0.230238145461578,0.3362221418514082,1.1073871485649132,0.3770491803278688,0.06614795458673933,0.001004725478902957,0.06514322910783632,0.04409863639115954
season,F2,2026/27,prior_asof,36,0.22284266844174075,0.34527625094698855,1.1313346408561802,0.3055555555555556,0.13643906662683175,0.08482526579944183,0.05161380082738992,0.09095937775122116
season,FIN,2011/12,prior_asof,103,0.23640830906727228,0.3147236500936169,1.0475841664410948,0.5242718446601942,0.08818423916507948,0.06044780832420486,0.06148912045976551,0.07004038931634994
season,FIN,2012/13,prior_asof,203,0.2250620061851804,0.32028933583052394,1.0631411094406846,0.47783251231527096,0.02895954104303617,0.03717341465762651,0.008213873614590306,0.024782276438417666
season,FIN,2013/14,prior_asof,182,0.2273755078279365,0.319311333665438,1.0585060535984572,0.4725274725274725,0.014949107111598803,0.007386084108503527,0.007563023003095304,0.009966071407732544
season,FIN,2014/15,prior_asof,198,0.21468024837763047,0.32462641162144756,1.0751086961649186,0.45454545454545453,0.025257522173488645,0.06844791965911157,0.04319039748562287,0.04563194643940769
season,FIN,2015/16,prior_asof,182,0.22850001558166705,0.32706102553803945,1.0803602389368532,0.4340659340659341,0.035301975178397116,0.007217185783871483,0.028084789394525578,0.023534650118931393
season,FIN,2016/17,prior_asof,216,0.22119367228177755,0.3293195285307999,1.0870035200945583,0.4212962962962963,0.04464643969824261,0.04751221201190109,0.0028657723136585322,0.031674808007934076
season,FIN,2017/18,prior_asof,211,0.23096457830365774,0.33180812072618887,1.0937803977707607,0.4028436018957346,0.052416370980509774,0.010322244085329113,0.042094126895180606,0.03494424732033983
season,FIN,2018/19,prior_asof,182,0.23379979343468976,0.3284498451464551,1.084084683563772,0.4175824175824176,0.032160737522385185,0.015471079971323964,0.047631817493709205,0.03175454499580612
season,FIN,2019/20,prior_asof,116,0.22918715889282143,0.3291554609192627,1.086274625339652,0.41379310344827586,0.03174923981761246,0.007706597555491135,0.024042642262121328,0.021166159878408308
season,FIN,2020/21,prior_asof,164,0.23541933456371783,0.3251274011759329,1.0742834989678083,0.4329268292682927,0.009029275223585653,0.036482707596556946,0.04551198282014268,0.030341321880095095
season,FIN,2021/22,prior_asof,183,0.24058990060525895,0.32312700139789124,1.0676527779518652,0.4371584699453552,0.004104959921332252,0.060971998356107615,0.06507695827743998,0.04338463885162661
season,FIN,2022/23,prior_asof,170,0.234046132811036,0.327178353904865,1.0798683082094762,0.4176470588235294,0.022260235008872253,0.012321197085946034,0.0345814320948184,0.02305428806321223
season,FIN,2023/24,prior_asof,168,0.2362330422236039,0.3315006444369083,1.0919418506249916,0.3869047619047619,0.05109201958591941,0.001871479625510708,0.05296349921143012,0.03530899947428675
season,FIN,2024/25,prior_asof,76,0.22635710987710106,0.3042110231935767,1.0147180363265362,0.5657894736842105,0.12765279005821156,0.07276347018497006,0.05488931987324153,0.08510186003880771
season,G1,2005/06,prior_asof,240,0.2127103465455541,0.3042604303514297,1.0195378177833263,0.5291666666666667,0.05463127076441082,0.06486086315189535,0.015236909579052391,0.044909681165119515
season,G1,2006/07,prior_asof,240,0.2239308627308367,0.3212101992308862,1.0642800078230223,0.475,0.047578930446605994,0.00892796343651342,0.03865096701009263,0.031719286964404014
season,G1,2007/08,prior_asof,240,0.21788945443585028,0.30756271611482144,1.0263360072824723,0.5208333333333334,0.012903317575408857,0.016891781913415282,0.003988464338006453,0.011261187942276865
season,G1,2008/09,prior_asof,240,0.22863128771715185,0.3329285999324699,1.096524036643187,0.42083333333333334,0.08013268102663466,0.03904965013325462,0.04108303089338003,0.05342178735108977
season,G1,2009/10,prior_asof,240,0.22209470546694476,0.31181868577268884,1.0379171071106952,0.5041666666666667,0.013204442541767503,0.02227404370865388,0.009069601166886432,0.014849362472435937
season,G1,2010/11,prior_asof,240,0.22366800832224107,0.32264774350477043,1.0680194810698191,0.4583333333333333,0.03159147932537204,0.017527057786402067,0.014064421538969973,0.021060986216914695
season,G1,2012/13,prior_asof,240,0.2217068655881875,0.3185946338482046,1.0567421232789878,0.475,0.011331018457932718,0.006293235075492343,0.005037783382440375,0.007554012305288478
season,G1,2013/14,prior_asof,306,0.21098362478566693,0.29873492042820593,1.0015450506023524,0.5588235294117647,0.06910176262373663,0.02977180707296065,0.03932995555077601,0.04606784174915776
season,G1,2014/15,prior_asof,305,0.21290893838584937,0.3032157348510699,1.0140379386239375,0.5377049180327869,0.038242559961890056,0.014771593747064715,0.02347096621482525,0.025495039974593337
season,G1,2015/16,prior_asof,240,0.22819839133183942,0.32615942599395814,1.077648648319417,0.44583333333333336,0.05331063271082956,0.017497971432507226,0.03581266127832228,0.03554042180721969
season,G1,2016/17,prior_asof,240,0.2167135114745721,0.3167108405395529,1.0514552588377981,0.48333333333333334,0.012249816054225593,0.02301494577328067,0.010765129719055105,0.015343297182187124
season,G1,2017/18,prior_asof,240,0.21754470548746124,0.32361090435960693,1.0705043446261684,0.45416666666666666,0.03904780181717127,0.04390162592766783,0.00485382411049648,0.029267750618445193
season,G1,2018/19,prior_asof,239,0.22730002338899333,0.31623380076298013,1.0502394350681852,0.48535564853556484,0.007617517215530445,0.02520847581537039,0.03282599303090078,0.02188399535393387
season,G1,2019/20,prior_asof,210,0.218068455199548,0.31827317632047586,1.0557598322753732,0.47619047619047616,0.015560414721461635,0.021659031357055325,0.00609861663559369,0.014439354238036883
season,G1,2020/21,prior_asof,270,0.23741067455139858,0.34423654501048284,1.1280656293575544,0.362962962962963,0.12321238732814821,0.04603472653095658,0.07717766079719157,0.08214159155209878
season,G1,2021/22,prior_asof,240,0.2355186471659583,0.3293337039466506,1.0865613150592972,0.425,0.055268562510210395,0.008909961129176858,0.06417852363938725,0.042785682426258166
season,G1,2024/25,prior_asof,156,0.2465261481666787,0.3247685011186077,1.0732117129686098,0.4423076923076923,0.035333855079054455,0.07156486329236045,0.10689871837141496,0.07126581224760996
season,G1,2025/26,prior_asof,236,0.22985532407449136,0.3318976057827828,1.093753107120422,0.4110169491525424,0.0646192920149285,0.027976387197472585,0.03664290481745597,0.04307952800995235
season,G1,2026/27,prior_asof,13,0.23367180994254608,0.30413308306436065,1.0154309635327448,0.5384615384615384,0.06462186815503335,0.10342650927936653,0.03880464112433313,0.06895100618624433
season,I1,2000/01,prior_asof,306,0.22036397431769858,0.32448422268066074,1.0745736060381166,0.45751633986928103,0.01747858116504096,0.03064942026488724,0.010942957856249002,0.019690319762059066
season,I1,2001/02,prior_asof,306,0.22040635045263207,0.3223811334957186,1.0673916621463522,0.45751633986928103,0.002060020946989871,0.0075595193182581115,0.009619540265247917,0.006413026843498633
season,I1,2002/03,prior_asof,306,0.21398932457983408,0.31932710437595635,1.0579239916403262,0.4673202614379085,0.005796990793628609,0.01726707486582718,0.023064065659455735,0.015376043772970508
season,I1,2003/04,prior_asof,194,0.22123096147997348,0.3282875128479551,1.0836962882966454,0.422680412371134,0.03394715663633602,0.01494733918835528,0.018999817447980738,0.022631437757557344
season,I1,2004/05,prior_asof,300,0.2125411029036048,0.3250028215609441,1.0731151120650675,0.43,0.02277612512756938,0.03910004008588676,0.016323914958317365,0.02606669339059117
season,I1,2005/06,prior_asof,380,0.21893984156740107,0.3208626520318913,1.062916528937955,0.4631578947368421,0.008522068732623789,0.028895817425918523,0.006258132891140494,0.014558673016560936
season,I1,2006/07,prior_asof,380,0.21653327295292268,0.32158673945865335,1.06443376242526,0.45526315789473687,0.0036699597480239765,0.05027208135085396,0.0033695857469694945,0.019103875615282477
season,I1,2007/08,prior_asof,380,0.21675431771362325,0.3207410405539847,1.0621441931936146,0.4605263157894737,0.008989080692087925,0.007126198465567899,0.0018628822265200906,0.005992720461391971
season,I1,2008/09,prior_asof,380,0.21859633530083328,0.31341020533431124,1.0423685046196287,0.5052631578947369,0.04531832377571454,0.04437743296129204,0.0009408908144224182,0.030212215850476332
season,I1,2009/10,prior_asof,380,0.21711792903674684,0.31558818861700433,1.0481007204186417,0.48947368421052634,0.026583502588473584,0.022215081032955886,0.004368421555517671,0.01772233505898238
season,I1,2010/11,prior_asof,380,0.22440202888593955,0.3200099729954307,1.0613829850888754,0.4710526315789474,0.005831776704339986,0.033226852459759204,0.027395075755419246,0.022151234973172812
season,I1,2011/12,prior_asof,380,0.21851194751993522,0.32194503414322134,1.0657326295724179,0.45526315789473687,0.009628894553288081,0.0057562036901524505,0.0038726908631356582,0.0064192630355253966
season,I1,2012/13,prior_asof,380,0.22609805705280747,0.3210532548537822,1.0643264058269717,0.46578947368421053,0.0007390705887768689,0.03195411816611882,0.031215047577342003,0.02130274544407923
season,I1,2013/14,prior_asof,380,0.2276796044521366,0.31908596370056796,1.0589145570017389,0.4763157894736842,0.01139281124734165,0.04569395083994429,0.034301139592602614,0.030462633893296186
season,I1,2014/15,prior_asof,380,0.22414859271577026,0.3327958842080861,1.0963207733319005,0.4,0.06265387932471878,0.034026344309484924,0.028627535015233907,0.04176925288314587
season,I1,2015/16,prior_asof,380,0.2276011417735905,0.3218652784767215,1.0663966396770013,0.4605263157894737,0.00025066598830003617,0.03141918566120128,0.03166985164950131,0.021113234433000876
season,I1,2016/17,prior_asof,380,0.23221839087905544,0.31762345227619265,1.0547774183071186,0.4842105263157895,0.022385673975738984,0.06748428640918303,0.045098612433443985,0.04498952427278866
season,I1,2017/18,prior_asof,380,0.24053271368502294,0.32746109776299515,1.0821344796058918,0.43157894736842106,0.029428925368710834,0.055578029277700336,0.08500695464641117,0.05667130309760745
season,I1,2018/19,prior_asof,380,0.2239317317082211,0.3257289799109054,1.0766756165559321,0.4368421052631579,0.022731024816158463,0.01143982871360405,0.011291196102554413,0.015154016544105642
season,I1,2019/20,prior_asof,282,0.24397818439315247,0.3319283395992899,1.0942331332055484,0.40425531914893614,0.053648911204699,0.048728042968844365,0.10237695417354337,0.06825130278236224
season,I1,2020/21,prior_asof,478,0.23547766535578188,0.32921016271980647,1.0863429595702363,0.41631799163179917,0.039061131434769136,0.02145562809889845,0.060516759533667586,0.04034450635577839
season,I1,2021/22,prior_asof,380,0.23784680315760529,0.3336190002383303,1.098573269509276,0.3894736842105263,0.06333611985304122,0.011345843721111137,0.0746819635741523,0.04978797571610155
season,I1,2022/23,prior_asof,380,0.23055118153666024,0.32753356704950637,1.0815825420601834,0.4236842105263158,0.026653502437393006,0.00592331909891286,0.032576821536305756,0.021717881024203873
season,I1,2023/24,prior_asof,380,0.22446593821876334,0.3287301849957997,1.0852347719564588,0.41842105263157897,0.03117848193807149,0.025693172071159898,0.005485309866911647,0.02078565462538101
season,I1,2024/25,prior_asof,380,0.23017343779381694,0.33199828320082764,1.0942522174470173,0.3973684210526316,0.04997042771436272,0.013611289804091153,0.03635913791027162,0.033313618476241834
season,I1,2025/26,prior_asof,380,0.23636289715495992,0.33274882554895685,1.0960750573581095,0.3894736842105263,0.05558355309521262,0.010329000354081297,0.06591255344929392,0.04394170229952928
season,I1,2026/27,prior_asof,20,0.2795731276575485,0.32753176402763334,1.0787545425661609,0.4,0.043872638029350375,0.2200729288214302,0.2639455668507807,0.17596371123385376
season,I2,2000/01,prior_asof,380,0.2143914116736749,0.32214463686262396,1.0664208747325636,0.46578947368421053,0.02316969618772886,0.06726580319032904,0.018311691009042688,0.036249063462366865
season,I2,2001/02,prior_asof,332,0.21706048468397304,0.32425866137633574,1.0720782170530394,0.4427710843373494,0.01623135351056093,0.0020634499727467605,0.014167903537814108,0.010820902340373932
season,I2,2002/03,prior_asof,159,0.20011414133863978,0.3162461230589754,1.0450844702608033,0.4591194968553459,0.0030265692821631607,0.04594318422897242,0.04896975351113561,0.03264650234075706
season,I2,2003/04,prior_asof,328,0.198979414071582,0.3174603780824317,1.047133221966848,0.4420731707317073,0.00993095027382579,0.045869096124584174,0.03593814585075841,0.03057939741638946
season,I2,2004/05,prior_asof,94,0.20782802459028982,0.30946199634884364,1.028738748753247,0.5212765957446809,0.06553582229608568,0.053915815763150576,0.011620006532935073,0.04369054819739044
season,I2,2005/06,prior_asof,462,0.20633776667935058,0.31642082297793295,1.0470335728451021,0.4675324675324675,0.008089894892532035,0.0032196949478514036,0.004870199944680659,0.005393263261688032
season,I2,2006/07,prior_asof,462,0.2164611194152692,0.32390059387309766,1.0714284970942531,0.44372294372294374,0.014004979206138246,0.017183639025953934,0.031188618232092152,0.020792412154728112
season,I2,2007/08,prior_asof,462,0.21644541108694137,0.323065801906576,1.0689268589691043,0.44805194805194803,0.009224067458588225,0.014644935026687067,0.023869002485275292,0.01591266832351686
season,I2,2008/09,prior_asof,462,0.21544141117674487,0.3235699073141181,1.0698268227467762,0.44155844155844154,0.012122339027967999,0.007116660791344542,0.019238999819312624,0.012825999879541722
season,I2,2009/10,prior_asof,462,0.2211291436209993,0.3257277658308879,1.0774743211659255,0.4393939393939394,0.013316554416705706,0.023889388048338178,0.03720594246504394,0.02480396164336261
season,I2,2010/11,prior_asof,462,0.2098193611522069,0.322230565362326,1.0643175597811458,0.43722943722943725,0.01432266273119609,0.020295246736831973,0.005972584005635939,0.013530164491221333
season,I2,2011/12,prior_asof,462,0.22935473581836527,0.33196436077612035,1.0968035402209468,0.4134199134199134,0.03386740739497418,0.033449623658833305,0.06731703105380746,0.04487802070253832
season,I2,2012/13,prior_asof,462,0.21953327907325434,0.3280277847069312,1.083040943745061,0.41774891774891776,0.02764522231874872,0.0013493757232762582,0.02629584659547235,0.01843014821249911
season,I2,2013/14,prior_asof,462,0.2222500230826969,0.32995014758867225,1.0890079490755966,0.4090909090909091,0.03284620155322904,0.004049427750053791,0.03689562930328283,0.02459708620218855
season,I2,2014/15,prior_asof,462,0.20757574123310366,0.3204040222969403,1.0589444038968998,0.4458874458874459,0.005188451734016497,0.023972993259111175,0.02916144499312759,0.019440963328751754
season,I2,2015/16,prior_asof,462,0.21622526907802753,0.3195845961348006,1.0587976105544565,0.4696969696969697,0.026481060841538562,0.02721461061150321,0.0007335497699646754,0.018143073741002148
season,I2,2016/17,prior_asof,462,0.20612153926281715,0.3205229828293761,1.058834927945048,0.44155844155844154,0.001621759569895298,0.03223294060894033,0.030611181039045005,0.021488627072626876
season,I2,2017/18,prior_asof,462,0.2144049058040831,0.3275734657146083,1.0804934831039206,0.4090909090909091,0.032980195359306186,0.02433720059654837,0.008642994762757872,0.021986796906204142
season,I2,2018/19,prior_asof,342,0.20978745673472785,0.3199442181160416,1.058122265906439,0.45321637426900585,0.012051147240531246,0.00658898419726911,0.018640131437800495,0.01242675429186695
season,I2,2019/20,prior_asof,310,0.22470726508996972,0.3252743600918952,1.0767962520899175,0.4483870967741935,0.0067166258654573485,0.0459371879846589,0.03922056211920155,0.0306247919897726
season,I2,2020/21,prior_asof,450,0.2227708814714249,0.3331903657955351,1.098208118402852,0.38666666666666666,0.05335417820284233,0.009517598083907008,0.04383658011893535,0.035569452135228226
season,I2,2021/22,prior_asof,380,0.2253501001509938,0.33197594748734643,1.0954121547644122,0.4,0.03754387902470446,0.011620504826723999,0.049164383851428434,0.032776255900952296
season,I2,2022/23,prior_asof,380,0.22083827321734456,0.3298411576378849,1.088375754619047,0.4052631578947368,0.030926555297640212,0.0021450359213133763,0.02878151937632678,0.020617703531760123
season,I2,2023/24,prior_asof,380,0.22813583396773846,0.33713808103591747,1.1103697090190432,0.36578947368421055,0.06838659108427247,0.002008346000079486,0.06637824508419293,0.0455910607228483
season,I2,2024/25,prior_asof,380,0.21646523304684168,0.32878893613478954,1.0844886455901268,0.4026315789473684,0.02969006903416982,0.019681963149283055,0.010008105884886792,0.019793379356113222
season,I2,2025/26,prior_asof,380,0.21503067100445486,0.3221346438029019,1.0655165613362994,0.45,0.01828240557593286,0.009653443327209965,0.008628962248722727,0.012188270383955183
season,I2,2026/27,prior_asof,20,0.2613077543064481,0.3484641809115994,1.1490671056177937,0.35,0.08240418434782593,0.11951329433732916,0.20191747868515503,0.13461165245677004
season,IRL,2011/12,prior_asof,97,0.23737071564229995,0.34178724100265157,1.1253560386396944,0.3711340206185567,0.11530465598920542,0.08676231032097781,0.10090816200078975,0.10099170943699098
season,IRL,2012/13,prior_asof,189,0.2324077585727762,0.3338855378143425,1.0999495978530918,0.31746031746031744,0.009183191838775188,0.027964752538305052,0.022431450998794955,0.019859798458625066
season,IRL,2013/14,prior_asof,202,0.2339189157418601,0.3252739584097948,1.0743891680477065,0.45544554455445546,0.0761178536692551,0.03339031266857184,0.03530471015062814,0.04827095882948503
season,IRL,2014/15,prior_asof,195,0.2343083843839124,0.326100436984241,1.0765390734031322,0.4205128205128205,0.012543172493531929,0.018499980404493882,0.005956807910961981,0.012333320269662598
season,IRL,2015/16,prior_asof,200,0.23634599689032157,0.3252827208116043,1.0735180235345914,0.415,0.007372542937986837,0.023148697245617217,0.015776154307630297,0.01543246483041145
season,IRL,2016/17,prior_asof,221,0.23509568250912213,0.3194756414487142,1.0565904604697196,0.4660633484162896,0.04870710754522867,0.03249952756705937,0.016207579978169184,0.03247140503015241
season,IRL,2017/18,prior_asof,198,0.23519011565963488,0.3179024635958093,1.051759683993642,0.4696969696969697,0.045773071309722746,0.03272093396689088,0.013052137342831727,0.03051538087314845
season,IRL,2018/19,prior_asof,187,0.24188459153167968,0.31623322797990866,1.0442007602421635,0.44919786096256686,0.019492564102206844,0.0550923382337192,0.035599774131512385,0.036728225489146143
season,IRL,2019/20,prior_asof,109,0.2367714922893586,0.31773959842708993,1.0503504171915417,0.45871559633027525,0.027072603366335324,0.02792504018762776,0.0008524368212925459,0.018616693458418543
season,IRL,2020/21,prior_asof,156,0.2312404967625121,0.33388284219787845,1.1008111200389534,0.3782051282051282,0.05274516257478057,0.05113974448790823,0.0016054180868722567,0.035163441716520354
season,IRL,2021/22,prior_asof,198,0.231293135211437,0.32051567355934374,1.06074850897879,0.46464646464646464,0.03488448868559069,0.0011734565298964772,0.03605794521548705,0.024038630143658073
season,IRL,2022/23,prior_asof,176,0.23046479070321235,0.3213698125632396,1.0635767520678718,0.4602272727272727,0.02896994265504632,0.005512478262792803,0.034482420917839096,0.02298828061189274
season,IRL,2023/24,prior_asof,182,0.22769732249541386,0.32960901976575696,1.0889523354434747,0.4175824175824176,0.014966655744661106,0.044484187351547494,0.029517531606886416,0.029656124901031672
season,IRL,2024/25,prior_asof,57,0.21398152251193325,0.3388163433310518,1.1203182586800358,0.40350877192982454,0.02973958445422442,0.13052496345467934,0.10078537900045492,0.08701664230311956
season,JAP,2011/12,prior_asof,153,0.23697808488399877,0.3257742196544461,1.079196045267267,0.45751633986928103,0.07604791461884514,0.037469253945737954,0.05761826859926263,0.05704514572128191
season,JAP,2012/13,prior_asof,279,0.23372650397250955,0.33360520485251044,1.0989202599618018,0.37992831541218636,0.04636746962255796,0.029084010827218038,0.015831488862284415,0.03042765643735347
season,JAP,2013/14,prior_asof,313,0.2366176090650413,0.3205329752545332,1.059316470616606,0.4504792332268371,0.02516421606663871,0.032115049461581724,0.006950833394943068,0.021410032974387833
season,JAP,2014/15,prior_asof,301,0.233523840281936,0.3280901516300927,1.082507413232264,0.4053156146179402,0.018232046490504916,0.01141085622931573,0.006821190261189214,0.01215469766033662
season,JAP,2015/16,prior_asof,335,0.23862862452897843,0.3280409515657382,1.080657522375009,0.373134328358209,0.04105375074345413,0.008740104748185401,0.04979385549163956,0.03319590366109303
season,JAP,2016/17,prior_asof,307,0.2371423258420594,0.32526239392340106,1.0728205024647468,0.4006514657980456,0.006876106230572998,0.01102694062317644,0.017903046853749438,0.011935364569166293
season,JAP,2017/18,prior_asof,306,0.23255583381505684,0.32600028775951234,1.0766138011962711,0.42810457516339867,0.01889613242979654,0.009379132300030152,0.02827526472982672,0.01885017648655114
season,JAP,2018/19,prior_asof,328,0.2372143931476575,0.32307838010631684,1.0662610204066474,0.42073170731707316,0.011170157773587097,0.019192158216431526,0.008022000442844457,0.012794772144287694
season,JAP,2019/20,prior_asof,198,0.23939765345004851,0.33128122079754885,1.089925520603163,0.3181818181818182,0.09196650569334358,0.005814413048146505,0.08615209264519708,0.06131100379556239
season,JAP,2020/21,prior_asof,440,0.23305708440202974,0.32632272712859267,1.0773957233715294,0.42272727272727273,0.015206130896248893,0.011857524907563366,0.02706365580381226,0.018042437202541506
season,JAP,2021/22,prior_asof,372,0.2302863309095603,0.32900937180694656,1.0862726463755248,0.41397849462365593,0.005967843772374193,0.029586969950871622,0.035554813723245815,0.023703209148830545
season,JAP,2022/23,prior_asof,288,0.230103061442376,0.33104056489853173,1.0922277671128586,0.3923611111111111,0.015053710312534496,0.03361504357244016,0.01856133325990572,0.02241002904829346
season,JAP,2023/24,prior_asof,346,0.22882285367612773,0.32958090295388803,1.0881736558708082,0.41329479768786126,0.0051297800795326864,0.031433859824105015,0.0365636399036377,0.024375759935758468
season,JAP,2024/25,prior_asof,123,0.2351377881327425,0.3294275740326032,1.0858442462863365,0.37398373983739835,0.032999190787643906,0.0045586282311463056,0.028440562556497517,0.02199946052509591
season,MEX,2011/12,prior_asof,39,0.2314471673155993,0.35463131905270867,1.1655465228089872,0.2564102564102564,0.10729484144627903,0.09016119895734628,0.08764565619874139,0.09503389886745556
season,MEX,2012/13,prior_asof,303,0.2227257749424841,0.3247352977261391,1.0742317526665401,0.44554455445544555,0.05270646187816617,0.0425613105749577,0.010145151303208479,0.03513764125211078
season,MEX,2013/14,prior_asof,330,0.22233558266046946,0.3341588835455082,1.1006287507892298,0.37575757575757573,0.04842668789808002,0.026441960317211056,0.021984727580868946,0.032284458598720006
season,MEX,2014/15,prior_asof,312,0.22495037280200791,0.32208387003322714,1.0665591448452996,0.46794871794871795,0.04956880544195302,0.04606876702850125,0.0035000384134517004,0.03304587029463532
season,MEX,2015/16,prior_asof,338,0.2259791921403448,0.3234230691961672,1.070376049660189,0.4526627218934911,0.01958946266231043,0.022888819227995072,0.003299356565684697,0.0152592128186634
season,MEX,2016/17,prior_asof,333,0.21976075290749153,0.32685398573297564,1.0797850958489494,0.4264264264264264,0.009256087183669104,0.019910566326540535,0.010654479142871376,0.013273710884360338
season,MEX,2017/18,prior_asof,349,0.22422463507266394,0.32530158507846035,1.0755886309744909,0.4383954154727794,0.005095972560740125,0.007857752708243182,0.0027617801475030013,0.005238501805495436
season,MEX,2018/19,prior_asof,339,0.22766495382778495,0.3197236622814851,1.0599329101663015,0.4749262536873156,0.03851164111770322,0.04700388951355658,0.008492248395853386,0.03133592634237106
season,MEX,2019/20,prior_asof,281,0.22960767063830276,0.32129085821057723,1.0642421641907145,0.4626334519572954,0.021651071054649307,0.041700817260227174,0.020049746205577812,0.02780054484015143
season,MEX,2020/21,prior_asof,327,0.2259410138515919,0.32229813556121645,1.0670313690217499,0.45565749235474007,0.012818959519324213,0.01736749963097356,0.004548540111649346,0.011578333087315706
season,MEX,2021/22,prior_asof,342,0.2247291060319129,0.32899101840886763,1.0859611118219894,0.4152046783625731,0.02699297880887569,0.01713270051290916,0.009860278295966474,0.01799531920591711
season,MEX,2022/23,prior_asof,359,0.22447776598472421,0.32622472455123264,1.0781427346683894,0.43175487465181056,0.009199068057673065,0.005132824457806773,0.004066243599866293,0.006132712038448711
season,MEX,2023/24,prior_asof,312,0.22801047899379975,0.3228704344458798,1.0685923327015492,0.4519230769230769,0.011277053486347943,0.023604474997471758,0.01232742151112376,0.015736316664981154
season,MEX,2024/25,prior_asof,116,0.22100366553983733,0.3151125311590678,1.0467687875421483,0.5,0.057895793091257974,0.025816860926407004,0.032078932164850915,0.03859719539417197
season,N1,2000/01,prior_asof,306,0.22982565561710308,0.32386012194581004,1.072964205760019,0.4673202614379085,0.05506893950632066,0.005954206887671888,0.026845013018609573,0.029289386470867373
season,N1,2001/02,prior_asof,306,0.21173242680002993,0.3069291644435048,1.0248506881990376,0.5294117647058824,0.07188591702931271,0.007542818361851444,0.04311917911132651,0.040849304834163554
season,N1,2002/03,prior_asof,130,0.2291231119067168,0.3277878680441198,1.0823543830168252,0.43846153846153846,0.05374329202813416,0.01627866269752737,0.037464629330606736,0.035828861352089424
season,N1,2003/04,prior_asof,306,0.22916016879619344,0.3201680842773066,1.0608564913201015,0.4673202614379085,0.018306781263675853,0.010554921542708678,0.02886170280638456,0.019241135204256365
season,N1,2004/05,prior_asof,226,0.2364323841458138,0.3172724028044481,1.0513118713631566,0.47345132743362833,0.008447033683431027,0.04733982349343116,0.05578685717686216,0.037191238117908115
season,N1,2005/06,prior_asof,306,0.23264822400153495,0.31231236006384044,1.0369141488566,0.4934640522875817,0.011366835499217631,0.03864678350978745,0.027279948010569932,0.025764522339858337
season,N1,2006/07,prior_asof,306,0.22349359335684077,0.3117620684803415,1.0372443459071323,0.5032679738562091,0.016827988081264122,0.00027753135280925156,0.016550456728454843,0.011218658720842739
season,N1,2007/08,prior_asof,274,0.23285575390539398,0.3184782313677687,1.0544626248560722,0.46715328467153283,0.016527577913310165,0.012244156179280374,0.02877173409259054,0.019181156061727028
season,N1,2008/09,prior_asof,306,0.22384291664133066,0.31737478757325605,1.053475966400728,0.4803921568627451,0.0052157711342439295,0.018709978352784706,0.013494207218540777,0.01247331890185647
season,N1,2009/10,prior_asof,306,0.22975702595212213,0.310955162091152,1.0333124062522037,0.5,0.016494299586106598,0.028346269600296514,0.011851970014189916,0.01889751306686434
season,N1,2010/11,prior_asof,306,0.2187026532804035,0.30783277570172674,1.0270118983076773,0.5228758169934641,0.035618873042666366,0.002491337220632689,0.038110210263299055,0.02540680684219937
season,N1,2011/12,prior_asof,306,0.22764168706973803,0.30966069577016586,1.0300625080818115,0.5065359477124183,0.016556456645354378,0.022987962517021066,0.006431505871666743,0.01532530834468073
season,N1,2012/13,prior_asof,306,0.22912385997713663,0.32447026920301275,1.0727956823216271,0.4477124183006536,0.039086368233346214,0.02509301160943503,0.013993356623911157,0.0260575788222308
season,N1,2013/14,prior_asof,306,0.22009252671435195,0.3206373066837616,1.0637683871198216,0.47058823529411764,0.016521003818871394,0.04365439749670977,0.02713339367783829,0.029102931664473152
season,N1,2014/15,prior_asof,306,0.23185095163824052,0.322713338694143,1.0670240513299516,0.45098039215686275,0.03374900000127734,0.005406732779771106,0.028342267221506234,0.022499333334184895
season,N1,2015/16,prior_asof,306,0.2316579956829582,0.32338736987093564,1.0690186854908725,0.4477124183006536,0.03513829234184507,0.007986783865417652,0.027151508476427444,0.02342552822789672
season,N1,2016/17,prior_asof,306,0.23034622417873102,0.3212011641175427,1.0629786004102433,0.45751633986928103,0.021216703838779383,0.0033423826790200672,0.0178743211597594,0.014144469225852949
season,N1,2017/18,prior_asof,306,0.23215984306382506,0.3230122900924266,1.067808773708556,0.4477124183006536,0.030623865845037734,0.00467745561558397,0.02594641022945382,0.020415910563358508
season,N1,2018/19,prior_asof,306,0.23055311293762765,0.3100755186617991,1.0305555821463332,0.5032679738562091,0.025738692646718908,0.037514592901450594,0.011775900254731686,0.025009728600967063
season,N1,2019/20,prior_asof,232,0.22463504522608957,0.3081611985293781,1.026422735981076,0.5172413793103449,0.03790388958724006,0.020530542975607108,0.01737334661163281,0.02526925972482666
season,N1,2020/21,prior_asof,306,0.2354878309653764,0.3307300395198972,1.0894181876484794,0.4117647058823529,0.06681305469786475,0.022594534074804606,0.04421852062306009,0.04454203646524315
season,N1,2021/22,prior_asof,306,0.24108954162776555,0.3240671747910356,1.0684966778866107,0.43137254901960786,0.045048058906527855,0.022675685255503425,0.06772374416203125,0.04514916277468751
season,N1,2022/23,prior_asof,306,0.23186755546215265,0.3227307777542073,1.0670208342758976,0.4477124183006536,0.025983891108470436,0.0064009008956085744,0.01958299021286186,0.017322594072313624
season,N1,2023/24,prior_asof,306,0.23270091066291426,0.3261864134823197,1.076903569792478,0.43137254901960786,0.04155790354146477,0.01652243643388593,0.025035467107578813,0.02770526902764317
season,N1,2024/25,prior_asof,306,0.22794138210714163,0.3222871540439205,1.0667854984499712,0.4542483660130719,0.017369535918008494,0.019080250957154876,0.0017107150391464376,0.012720167304769936
season,N1,2025/26,prior_asof,306,0.22763630169837057,0.3245732675170688,1.0735272578932011,0.4444444444444444,0.026405164759576993,0.027877548132967417,0.0014723833733905067,0.01858503208864497
season,N1,2026/27,prior_asof,33,0.2684266337867007,0.3441950071254538,1.1201312059645432,0.30303030303030304,0.1667564541211211,0.052438315655262635,0.21919476977638364,0.14612984651758912
season,NOR,2011/12,prior_asof,118,0.22798954445824135,0.3323495807405551,1.0987494742934425,0.4322033898305085,0.04232931350693541,0.0586417998622595,0.03633566311699277,0.045768925495395886
season,NOR,2012/13,prior_asof,247,0.21422985708530182,0.30379847085238065,1.0160561596672015,0.5425101214574899,0.0452499194154985,0.02032111361727229,0.024928805798226178,0.030166612943665655
season,NOR,2013/14,prior_asof,227,0.23047170380161736,0.3258066489509177,1.0768879409937413,0.44933920704845814,0.046100277920977616,0.004825646109159365,0.04127463181181834,0.03073351861398511
season,NOR,2014/15,prior_asof,251,0.23202074316156202,0.3200954470045967,1.0602220120406556,0.46613545816733065,0.02272368850339651,0.017599153911587645,0.04032284241498413,0.02688189494332276
season,NOR,2015/16,prior_asof,231,0.23176453058691923,0.31807514948093507,1.0540131665000863,0.47186147186147187,0.009910810775077161,0.019594696242418663,0.029505507017495936,0.01967033801166392
season,NOR,2016/17,prior_asof,262,0.22043010252667997,0.31775739439430983,1.054964928289804,0.48091603053435117,0.0008571684282391856,0.02241453758521464,0.023271706013453797,0.015514470675635874
season,NOR,2017/18,prior_asof,235,0.22579467350420357,0.3188105520615636,1.057061840978916,0.4723404255319149,0.0067809374054608185,0.0024885157899312838,0.0042924216155295625,0.004520624936973888
season,NOR,2018/19,prior_asof,253,0.22007907509463953,0.3226484146236443,1.0687088123742639,0.45849802371541504,0.020019846121807072,0.03784907878155647,0.01782923265974945,0.02523271918770433
season,NOR,2019/20,prior_asof,195,0.21420692682213485,0.3210398331308962,1.0643988370401567,0.4666666666666667,0.011105767301477387,0.05040539116001225,0.039299623858534916,0.03360359410667485
season,NOR,2020/21,prior_asof,251,0.22808949820648058,0.318206301517113,1.0552194922405964,0.47410358565737054,0.0019443450113235117,0.017851628767217687,0.019795973778541254,0.013197315852360817
season,NOR,2021/22,prior_asof,252,0.226994449458655,0.3247076787878817,1.0736730139199144,0.4444444444444444,0.02920191714604997,0.012133528596886822,0.01706838854916326,0.01946794476403335
season,NOR,2022/23,prior_asof,247,0.2317161211313325,0.3106248150683343,1.0331736256881376,0.5060728744939271,0.033313372461301394,0.06150680346734713,0.02819343100604571,0.04100453564489808
season,NOR,2023/24,prior_asof,231,0.239779062521579,0.3272725928335542,1.079259641866403,0.42424242424242425,0.049377864553917905,0.021457726654789455,0.07083559120870742,0.04722372747247159
season,NOR,2024/25,prior_asof,92,0.23032895483632548,0.32135812400670966,1.063617688946671,0.45652173913043476,0.014494573349554729,0.0071885364967534116,0.021683109846308113,0.014455406564205417
season,P1,2000/01,prior_asof,306,0.22271397319704664,0.31486076411207464,1.0487128010874582,0.5065359477124183,0.04858906219493938,0.022748735571860246,0.02377830563012658,0.031705367798975405
season,P1,2001/02,prior_asof,306,0.21710866239308751,0.3098368919172016,1.03271202073391,0.5130718954248366,0.0008775867403546522,0.0045827781754168295,0.003705191435062205,0.0030551854502778955
season,P1,2002/03,prior_asof,98,0.21475979412665813,0.30207443564026626,1.0110562496681077,0.5408163265306123,0.029698007724547892,0.015240642638029545,0.014457365086518348,0.01979867181636526
season,P1,2003/04,prior_asof,290,0.22216637623593596,0.3138325035746097,1.0434830186304038,0.496551724137931,0.03332497551050078,0.0016353515487818604,0.01073217447849023,0.01523083384592429
season,P1,2004/05,prior_asof,306,0.2210970349258848,0.3244835074256552,1.0731644665663163,0.4542483660130719,0.049542417031500835,0.04097679678069252,0.007733886211468255,0.03275103334122054
season,P1,2005/06,prior_asof,306,0.22939466400242475,0.32280223383727835,1.068296119533931,0.45751633986928103,0.036072724130583156,0.0010058448425538102,0.03707856897313688,0.024719045982091282
season,P1,2006/07,prior_asof,240,0.22799973130405451,0.3280002293532624,1.0828587882848821,0.43333333333333335,0.05313744866073783,0.023963017700794564,0.029174430959943376,0.03542496577382526
season,P1,2007/08,prior_asof,208,0.22005436014621899,0.3279191258586142,1.0829290250154944,0.4326923076923077,0.04606771455914077,0.04890097234181601,0.002833257782675236,0.03260064822787734
season,P1,2008/09,prior_asof,240,0.22674700518794946,0.3245938287216278,1.0734224227427234,0.44583333333333336,0.02881884785398664,0.006138221263628008,0.022680626590358632,0.019212565235991092
season,P1,2009/10,prior_asof,240,0.22527075302151842,0.3270851987756603,1.0804524183354074,0.43333333333333335,0.03825021637635001,0.021051970569862244,0.01719824580648771,0.025500144250899987
season,P1,2010/11,prior_asof,240,0.22948228367179901,0.3292811118365001,1.0865282905084517,0.42083333333333334,0.047924330071901,0.012026359095516193,0.035897970976384974,0.03194955338126739
season,P1,2012/13,prior_asof,240,0.23234248041724517,0.32719744963138137,1.0805373919867023,0.42916666666666664,0.03310952109810883,0.011065356398485326,0.044174877496594156,0.02944991833106277
season,P1,2013/14,prior_asof,240,0.22919849271532158,0.32305248500850337,1.0689245706396282,0.45,0.011771109591966533,0.011655853168895336,0.02342696276086187,0.015617975173907913
season,P1,2014/15,prior_asof,306,0.2233685030094891,0.3238243676233792,1.071418986941495,0.4477124183006536,0.0142134610126749,0.0158967553009276,0.0016832942882527013,0.010597836867285068
season,P1,2015/16,prior_asof,306,0.23225568074532987,0.32572096616862317,1.0762594789905413,0.434640522875817,0.02535844472189619,0.014698008903656745,0.040056453625553046,0.026704302417035326
season,P1,2016/17,prior_asof,306,0.2275113835972369,0.3240795225045759,1.0718856048902439,0.4444444444444444,0.013593048558699194,9.636877677915434e-05,0.013689417335478349,0.009126278223652232
season,P1,2017/18,prior_asof,306,0.22827598035095698,0.3099215369849732,1.031605899887286,0.5163398692810458,0.0569986255477864,0.060527891777583775,0.003529266229797434,0.040351927851722535
season,P1,2018/19,prior_asof,306,0.23622914097142395,0.3184446737989562,1.0548651617487628,0.4673202614379085,0.005549376609654932,0.053390899262219904,0.04784152265256497,0.035593932841479936
season,P1,2019/20,prior_asof,259,0.23557105286966407,0.3314845219911601,1.0919958862882833,0.4015444015444015,0.05894732785414736,0.004273019685358814,0.054674308168788543,0.039298218569431574
season,P1,2020/21,prior_asof,353,0.2331736339524883,0.32747290768112297,1.0808069884656062,0.42209631728045327,0.03578288851566902,0.002248370426138846,0.03803125894180792,0.02535417262787193
season,P1,2021/22,prior_asof,306,0.2306334323379111,0.33282040930367474,1.0964703336992312,0.3954248366013072,0.0590175007012958,0.029115000626617094,0.029902500074678706,0.03934500046753053
season,P1,2022/23,prior_asof,306,0.23692801146429615,0.3134045240978604,1.0398262961074494,0.49019607843137253,0.03668170968948253,0.07426217935962129,0.03758046967013878,0.04950811957308087
season,P1,2023/24,prior_asof,306,0.232300362568897,0.3248502028174919,1.0733097518188897,0.434640522875817,0.020047545616660445,0.00634887893396166,0.026396424550622133,0.017597616367081414
season,P1,2024/25,prior_asof,306,0.23008705177101973,0.3258814061116733,1.0766345040585112,0.43137254901960786,0.02273892986596876,0.006475863459208142,0.01626306640676073,0.015159286577312544
season,P1,2025/26,prior_asof,306,0.2304383785671819,0.32946619019221535,1.086902275837196,0.4117647058823529,0.03998804385657995,0.019136833750958315,0.020851210105621576,0.026658695904386614
season,P1,2026/27,prior_asof,33,0.22815038875766758,0.3275363337233649,1.0817210534266612,0.42424242424242425,0.026793642007975793,0.01971809344803166,0.007075548559944078,0.017862428005317177
season,POL,2011/12,prior_asof,26,0.25368608889154276,0.34057918323017505,1.1250899022296488,0.46153846153846156,0.13441369035749684,0.15830016222185167,0.22281500078734406,0.17184295112223089
season,POL,2012/13,prior_asof,232,0.23033026030893206,0.3293118590500767,1.087907594638436,0.43103448275862066,0.020191156814557843,0.03460644044162546,0.07536629546593637,0.04338796424070656
season,POL,2013/14,prior_asof,281,0.22157928085251966,0.33007472804925464,1.0895477563143574,0.4128113879003559,0.01313983386021178,0.03699426240508841,0.02385442854487671,0.0246628416033923
season,POL,2014/15,prior_asof,300,0.22596796166725777,0.32181545328127253,1.0656972704524343,0.4633333333333333,0.030467687611420213,0.024789453747474488,0.005678233863945781,0.020311791740946827
season,POL,2015/16,prior_asof,285,0.22399698897440234,0.33120624152089645,1.0923556840755624,0.4,0.031384207601754865,0.02743615299712232,0.0039480546046326,0.020922805067836597
season,POL,2016/17,prior_asof,299,0.22566850689777576,0.3223799199973226,1.0672584805090028,0.45819397993311034,0.026575036323826517,0.02242204850956714,0.004152987814259379,0.01771669088255101
season,POL,2017/18,prior_asof,295,0.2272415665516382,0.32690857095933123,1.0800597603978255,0.4271186440677966,0.007516114816254027,0.005536569159384885,0.013052683975638912,0.008701789317092609
season,POL,2018/19,prior_asof,303,0.22667691477544075,0.32250351011840955,1.0675360838618724,0.45544554455445546,0.021275887410566074,0.02201246010829283,0.0007365726977267562,0.014674973405528554
season,POL,2019/20,prior_asof,254,0.22906235571705508,0.31548101711851717,1.0474188408842326,0.49606299212598426,0.05636905684712534,0.054725599942344605,0.001643456904780738,0.03757937123141689
season,POL,2020/21,prior_asof,281,0.23146342309023438,0.3276904954473062,1.0819044870696095,0.4199288256227758,0.021781375221112564,0.00818257688756463,0.02996395210867714,0.019975968072451444
season,POL,2021/22,prior_asof,306,0.226481577245111,0.32459977880273644,1.0734587360072059,0.4411764705882353,0.00010464383219782603,0.0007063490632785441,0.0008109928954763701,0.00054066193031758
season,POL,2022/23,prior_asof,310,0.22961231701397739,0.3299140000022014,1.0883656797441004,0.4064516129032258,0.03194673168213741,0.008613226610502678,0.02333350507163462,0.021297821121424903
season,POL,2023/24,prior_asof,286,0.21960909879213927,0.3276341771206487,1.0826058696282896,0.42657342657342656,0.010962704518253596,0.040163614151150995,0.029200909632897343,0.02677574276743398
season,POL,2024/25,prior_asof,109,0.22466670148998907,0.31606811670160967,1.049264342452232,0.4954128440366973,0.0583219711121824,0.033667577719628805,0.024654393392553597,0.038881314074788266
season,ROM,2011/12,prior_asof,40,0.21172356263635334,0.3230491790615447,1.079655486599523,0.525,0.08180640413149064,0.19172890712129104,0.05388419935652203,0.10913983686976791
season,ROM,2012/13,prior_asof,266,0.22133331072739387,0.3249613820735126,1.0755921512940245,0.4548872180451128,0.015040716941166637,0.025963995980602648,0.022742402447479614,0.021249038456416302
season,ROM,2013/14,prior_asof,309,0.23156201833450302,0.32501786525600806,1.075354742290039,0.44660194174757284,0.011453612900376164,0.036753463488799244,0.04820707638917543,0.03213805092611694
season,ROM,2014/15,prior_asof,303,0.22589604686033934,0.33646159005010645,1.1071960038214592,0.3696369636963696,0.07066214249288838,0.04547209086808607,0.025190051624802257,0.0471080949952589
season,ROM,2015/16,prior_asof,279,0.2246296465846024,0.32076850608505064,1.062717180078732,0.46953405017921146,0.04008698821340334,0.028166272589874752,0.011920715623528588,0.02672465880893556
season,ROM,2016/17,prior_asof,264,0.22681453401061263,0.32858957239580067,1.0848592570929638,0.4166666666666667,0.017748397557921847,0.0042092097949510965,0.013539187762970806,0.011832265038614584
season,ROM,2017/18,prior_asof,280,0.23013852344114985,0.3322533925378839,1.0951873291477714,0.3892857142857143,0.04198422848754341,0.005559121097558406,0.036425107389985,0.027989485658362272
season,ROM,2018/19,prior_asof,265,0.2260375860319706,0.3259004076352263,1.0772034971734974,0.4339622641509434,0.007111310399562754,0.006000977799141993,0.0011103326004208158,0.004740873599708521
season,ROM,2019/20,prior_asof,239,0.2320697428108417,0.32465316962346713,1.073357703436842,0.4393305439330544,0.009665810349003157,0.03601067411344597,0.02634486376444284,0.024007116075630653
season,ROM,2020/21,prior_asof,337,0.23282751204643345,0.33475762187263647,1.1020920101930927,0.3649851632047478,0.06032510139141489,0.007352748093592598,0.052972353297822315,0.04021673426094327
season,ROM,2021/22,prior_asof,326,0.2274369315237073,0.31913660241745156,1.0577088713458915,0.4815950920245399,0.05905938125258636,0.037258049518769765,0.061852760827740855,0.05272339719969899
season,ROM,2022/23,prior_asof,329,0.22697126758923292,0.32429458538279254,1.072527157795655,0.44376899696048633,0.016462354079418595,0.008514750601389898,0.019909824972919953,0.014962309884576148
season,ROM,2023/24,prior_asof,300,0.2215448135626194,0.32692130139781284,1.0804538289402237,0.43,0.0030637258926173305,0.025024770782111405,0.02808849667472879,0.018725664449819174
season,ROM,2024/25,prior_asof,103,0.21350245938362425,0.33640574400070106,1.1079532705198631,0.36893203883495146,0.05937175810728684,0.10223102963370756,0.04285927152642072,0.06815401975580504
season,RUS,2011/12,prior_asof,35,0.2548386814430155,0.34351504367776003,1.1331676764627931,0.3142857142857143,0.12483552883752579,0.159934690541664,0.1272541916752077,0.13734147035146582
season,RUS,2012/13,prior_asof,226,0.2359258467975725,0.3239660619428242,1.0706715249671783,0.4336283185840708,0.024653477683864965,0.03902061949010154,0.06367409717396644,0.04244939811597764
season,RUS,2013/14,prior_asof,229,0.22942055510698292,0.3256343312551046,1.0768562111548377,0.4410480349344978,0.003391324042368804,0.014203969561081303,0.017595293603450246,0.01173019573563345
season,RUS,2014/15,prior_asof,242,0.22490676184791247,0.3214908584139563,1.0653538137026726,0.4669421487603306,0.02203752522215252,0.021864612407355544,0.04390213762950801,0.02926809175300536
season,RUS,2015/16,prior_asof,248,0.22554024918971877,0.32644851741136066,1.0792549698538378,0.43548387096774194,0.006517546215515091,0.027769631241937764,0.026108869830490364,0.02013201576264774
season,RUS,2016/17,prior_asof,246,0.22918964204431513,0.3225311553416174,1.0672099359201752,0.45121951219512196,0.004728402705970081,0.009443027578206004,0.012038261192924893,0.008736563825700325
season,RUS,2017/18,prior_asof,254,0.2216646553203511,0.326525177716487,1.0798031558811085,0.43700787401574803,0.0070570800003295076,0.03682343251004783,0.029766352509718312,0.024548955006698552
season,RUS,2018/19,prior_asof,239,0.23331596458703519,0.3344258055160111,1.100860275368444,0.37656903765690375,0.06290932062435911,0.0190022652818167,0.043907055342542446,0.041939547082906085
season,RUS,2019/20,prior_asof,207,0.23223804661468492,0.3344017516899088,1.100963578058153,0.3719806763285024,0.0626742433177142,0.02228970887625098,0.04038453444146325,0.04178282887847615
season,RUS,2020/21,prior_asof,265,0.2369034173365636,0.3206522956446333,1.0605754354335137,0.4528301886792453,0.02176681353402271,0.05461990083631335,0.032853087302290584,0.03641326722420888
season,RUS,2021/22,prior_asof,247,0.22606675517261485,0.31915228738340246,1.0579043864718383,0.4777327935222672,0.04273112000783785,0.010370700366480301,0.032360419641357496,0.02848741333855855
season,RUS,2022/23,prior_asof,248,0.2325938112733759,0.31949485817762485,1.0577510446214422,0.4637096774193548,0.02586226651546053,0.034017847547593266,0.008155581032132708,0.022678565031728836
season,RUS,2023/24,prior_asof,233,0.22140329413524798,0.3222990695507062,1.0678425056939693,0.463519313304721,0.02276880851756724,0.024001893768836935,0.046770702286404287,0.031180468190936155
season,RUS,2024/25,prior_asof,89,0.23346550109920572,0.32932190203060263,1.0860369286835538,0.4044943820224719,0.036150793894992594,0.0027360380370440307,0.033414755857948675,0.024100529263328434
season,SC0,2001/02,prior_asof,228,0.23716486053441266,0.3233622731893613,1.0697828237635212,0.4692982456140351,0.042840317214261056,0.04458032819795929,0.03296986089458029,0.04013016876893354
season,SC0,2002/03,prior_asof,175,0.23651910396376982,0.32016478454982594,1.0579520370647404,0.4514285714285714,0.0073994358137544625,0.010445335647060072,0.017844771460814424,0.011896514307209652
season,SC0,2003/04,prior_asof,111,0.23843169545323664,0.3259179255739081,1.074371511232487,0.4144144144144144,0.04031138581288196,0.010398005232382379,0.029913380580499582,0.026874257208587975
season,SC0,2004/05,prior_asof,127,0.23527667273093097,0.32799614417222694,1.0819969916989511,0.4094488188976378,0.03963965148291748,0.023807413368231195,0.015832238114686148,0.02642643432194494
season,SC0,2005/06,prior_asof,228,0.2322912635516552,0.32645501444362823,1.0783657108478037,0.42543859649122806,0.012042086635850768,0.023354591584722806,0.011312504948872038,0.015569727723148538
season,SC0,2006/07,prior_asof,228,0.2329879637403625,0.32347677217347215,1.06903818847946,0.43859649122807015,0.0010544146726296777,0.004829567671861712,0.005883982344491445,0.003922654896327611
season,SC0,2007/08,prior_asof,228,0.23032365630517498,0.31366670373178673,1.0407193834164001,0.5,0.057644410430168824,0.017028687665375686,0.04061572276479308,0.03842960695344586
season,SC0,2008/09,prior_asof,228,0.23121011383217288,0.32760069303247963,1.081900231871342,0.42105263157894735,0.02746400226134832,0.032240501636865565,0.004776499375517385,0.021493667757910423
season,SC0,2009/10,prior_asof,228,0.22902604477396407,0.3299256946872775,1.0893310256333153,0.41228070175438597,0.03057089630401444,0.04001615159278318,0.009445255288768606,0.026677434395188743
season,SC0,2010/11,prior_asof,228,0.23970105457438282,0.32433769001875357,1.069332180088263,0.41228070175438597,0.025293707875788995,0.02093191807899511,0.04622562595478408,0.030817083969856062
season,SC0,2011/12,prior_asof,228,0.23525798423578606,0.32915211689419005,1.0850134161348146,0.39473684210526316,0.03973983548353072,0.013418030715381835,0.026321804768148938,0.026493223655687164
season,SC0,2012/13,prior_asof,228,0.22350823382903348,0.3355567399137498,1.1074721633331837,0.39035087719298245,0.03960408510103591,0.07899625591879675,0.03939217081776086,0.052664170612531175
season,SC0,2013/14,prior_asof,228,0.2349908995395999,0.32091416882652063,1.0608153741866786,0.4473684210526316,0.017561986442234723,0.02368045132227789,0.006118464880043195,0.01578696754818527
season,SC0,2014/15,prior_asof,228,0.23946699354474887,0.3184824018468257,1.052190539442913,0.4473684210526316,0.01631006576271199,0.046602721573428735,0.030292655810716718,0.03106848104895248
season,SC0,2015/16,prior_asof,228,0.2374087326915293,0.325514074111379,1.0735231253933057,0.40789473684210525,0.023678932403226827,0.010153995216154649,0.03383292761938145,0.02255528507958764
season,SC0,2016/17,prior_asof,228,0.23248533055309978,0.3274823561673932,1.0809395731972686,0.41228070175438597,0.01675452507644548,0.014945882023298579,0.001808643053146819,0.01116968338429696
season,SC0,2017/18,prior_asof,228,0.2343464983406097,0.3270389291471643,1.0790211809740027,0.40789473684210525,0.019629706207890563,0.00684564348427702,0.012784062723613543,0.013086470805260375
season,SC0,2018/19,prior_asof,228,0.2363254237954321,0.3186844978402617,1.0536163637224607,0.45614035087719296,0.02739930010468211,0.031894892626797844,0.004495592522115732,0.021263261751198564
season,SC0,2019/20,prior_asof,179,0.22922176387326137,0.32490403091832865,1.0743662762018091,0.441340782122905,0.011580168661386947,0.01936610553540416,0.03094627419679108,0.020630849464527395
season,SC0,2020/21,prior_asof,228,0.23571006882587722,0.32954968453078737,1.0860169607601258,0.38596491228070173,0.042674435163505775,0.012113939661896556,0.030560495501609164,0.028449623442337164
season,SC0,2021/22,prior_asof,228,0.22709956392337588,0.32777510002158294,1.0834733561180396,0.4298245614035088,0.0022412614531058805,0.03675179111550042,0.03899305256860636,0.025995368379070887
season,SC0,2022/23,prior_asof,228,0.23541086887190724,0.3097808650151136,1.0276008946761075,0.5175438596491229,0.08756726583813418,0.06333867134881188,0.024228594489322297,0.05837817722542279
season,SC0,2023/24,prior_asof,228,0.22848054987229316,0.3269135875853451,1.0805095145704116,0.4298245614035088,0.0018760678406830045,0.029252423797184818,0.027376355956501897,0.019501615864789906
season,SC0,2024/25,prior_asof,200,0.2329445605712156,0.31893309096503764,1.0554683335992243,0.465,0.03250470781461179,0.018686457081799474,0.013818250732812287,0.021669805209741183
season,SC0,2025/26,prior_asof,228,0.22656920531743394,0.3249836817319935,1.0753530655793906,0.4473684210526316,0.014690336107467894,0.02781985096000031,0.042510187067468175,0.02834012471164546
season,SC0,2026/27,prior_asof,25,0.250192819540838,0.32054364934640084,1.0549305656056787,0.4,0.0338439215686096,0.07922505125930715,0.11306897282791684,0.0753793152186112
season,SC1,2001/02,prior_asof,180,0.22464137461616948,0.32736774998636253,1.0844620974305408,0.45555555555555555,0.04862628707462153,0.05319454229223891,0.03988025233169582,0.04723369389951875
season,SC1,2002/03,prior_asof,79,0.23683626685458187,0.3261119838301531,1.0782948353824904,0.4430379746835443,0.015162087304047056,0.044247874168388046,0.05940996147243505,0.039606640981623385
season,SC1,2003/04,prior_asof,180,0.2236245084071204,0.3280829995565652,1.0836752830776217,0.42777777777777776,0.023681021828015736,0.030668216913388557,0.0069871950853728215,0.020445477942259038
season,SC1,2004/05,prior_asof,164,0.23610269766753722,0.3316849861097127,1.0932782424971703,0.39634146341463417,0.04436834035645093,0.012493578061314847,0.05686191841776578,0.03790794561184385
season,SC1,2005/06,prior_asof,180,0.21988937265059938,0.3338717677086488,1.100339670922855,0.38333333333333336,0.043726077644442585,0.06011380514904063,0.016387727504597972,0.040075870099360394
season,SC1,2006/07,prior_asof,180,0.22812217630599615,0.3261678924668807,1.0779513697386802,0.43333333333333335,0.01026507620162398,0.015612466188979768,0.005347389987355733,0.01040831079265316
season,SC1,2007/08,prior_asof,180,0.22194656834446305,0.32477714530666113,1.0741412495687812,0.4444444444444444,0.021082818326092823,0.00410005256505408,0.025182870891146958,0.016788580594097952
season,SC1,2008/09,prior_asof,180,0.22942774142174482,0.3298321595195293,1.0883453681167259,0.40555555555555556,0.022195353849701227,0.0043347183350122,0.026530072184713427,0.01768671478980895
season,SC1,2009/10,prior_asof,180,0.22849087504279095,0.3227814575470736,1.068221501104492,0.45555555555555555,0.030742757562850553,0.031682289011812526,0.0009395314489619166,0.021121526007874997
season,SC1,2010/11,prior_asof,180,0.2315974836744328,0.3295032199527278,1.0872017912353544,0.40555555555555556,0.022955045692102438,0.010869972495084979,0.03382501818718747,0.02255001212479163
season,SC1,2011/12,prior_asof,180,0.22680123069974675,0.3320876767091914,1.0948501606997154,0.3888888888888889,0.03495714512081349,0.02093825256942322,0.014018892551390327,0.02330476341387568
season,SC1,2012/13,prior_asof,180,0.2406312444327704,0.33234981569275235,1.0946332274924815,0.37222222222222223,0.04795198952624069,0.039574805214852876,0.08752679474109369,0.05835119649406242
season,SC1,2013/14,prior_asof,180,0.2349818028414307,0.3202372908819809,1.0600463184942994,0.4666666666666667,0.04787038580346947,0.06270036950825439,0.014829983704785,0.041800246338836285
season,SC1,2014/15,prior_asof,180,0.2397973268921884,0.3247586857834148,1.0722514156906375,0.4222222222222222,0.0010213803536442967,0.057512086717965843,0.05649070636432152,0.03834139114531055
season,SC1,2015/16,prior_asof,180,0.23097475941198647,0.31965227228977944,1.058567865392941,0.4722222222222222,0.04987103710133595,0.036215958905915585,0.01365507819542039,0.033247358067557305
season,SC1,2016/17,prior_asof,180,0.22141202618657807,0.33354136840615073,1.1000090825552205,0.3888888888888889,0.03538759016632392,0.06237450615847995,0.02698691599215597,0.04158300410565328
season,SC1,2017/18,prior_asof,180,0.23281296455811412,0.32544933485991734,1.0750929004841026,0.42777777777777776,0.005492273223147326,0.023551469098479355,0.018059195875332,0.015700979398986226
season,SC1,2018/19,prior_asof,180,0.2330508025565129,0.33215777437716326,1.0943983835579318,0.37777777777777777,0.043512027680138954,0.004902162535650234,0.03860986514448872,0.02900801845342597
season,SC1,2019/20,prior_asof,137,0.2337019395871186,0.3237679170625738,1.0700544453360026,0.43795620437956206,0.016251723943595253,0.03160141733296162,0.01534969338936637,0.021067611555307748
season,SC1,2020/21,prior_asof,135,0.22028833705118042,0.33020827238087125,1.0905646223757193,0.4148148148148148,0.007074809898599765,0.0527173647711478,0.04564255487254798,0.03514490984743185
season,SC1,2021/22,prior_asof,180,0.22413623612469438,0.33478689184327903,1.1031512280541051,0.37222222222222223,0.0468210083758116,0.05335798969589928,0.006536981320087565,0.03557199313059948
season,SC1,2022/23,prior_asof,180,0.22692438929121928,0.3311045887304269,1.0921464359980912,0.39444444444444443,0.02367296044065831,0.024163329775556353,0.0004903693348980998,0.016108886517037586
season,SC1,2023/24,prior_asof,180,0.2359982753762186,0.33254009913812965,1.0951927052277273,0.36666666666666664,0.04946708594992327,0.009517886337519543,0.05898497228744287,0.03932331485829523
season,SC1,2024/25,prior_asof,159,0.2276073284274526,0.32195311230335644,1.0656703342831,0.46540880503144655,0.04862282533280554,0.018975194275687113,0.029647631057118262,0.03241521688853697
season,SC1,2025/26,prior_asof,180,0.21910666399344056,0.33341554018811576,1.0997267290163368,0.3888888888888889,0.02669817323458845,0.06687168540679794,0.04017351217220955,0.04458112360453198
season,SC1,2026/27,prior_asof,20,0.2105380852792016,0.32725922674587676,1.0828276444813725,0.45,0.034322932798810546,0.07667685831244464,0.11099979111125519,0.0739998607408368
season,SC2,2001/02,prior_asof,180,0.23069435153746806,0.3392089241242617,1.1171482150435497,0.36666666666666664,0.0452546208040105,0.08645951138563736,0.04488749006152565,0.05886720741705784
season,SC2,2002/03,prior_asof,79,0.23390584422617433,0.32441525657418335,1.0727032523839228,0.46835443037974683,0.06894132858439425,0.0635331142530018,0.028474818922560048,0.05364975391998537
season,SC2,2003/04,prior_asof,180,0.2369626197117643,0.32605504347839553,1.0764240154955445,0.4222222222222222,0.008145350241322125,0.04263135795432574,0.03448600771300362,0.028420905302883825
season,SC2,2004/05,prior_asof,180,0.23403676332295398,0.32527702859243773,1.0742252377743022,0.42777777777777776,0.009286938949955303,0.00870894387483151,0.0005779950751237939,0.006191292633303536
season,SC2,2005/06,prior_asof,180,0.24080389879202255,0.32061135603681484,1.0584419425710931,0.43333333333333335,0.013496276227731308,0.054075771187878346,0.04057949496014718,0.03605051412525228
season,SC2,2006/07,prior_asof,180,0.23955363650618403,0.3203195491810169,1.0573464325047104,0.43333333333333335,0.012541546574619977,0.037988509776571366,0.02544696320195139,0.02532567318438091
season,SC2,2007/08,prior_asof,180,0.24023464393508662,0.3192614432366761,1.0535724040966379,0.43333333333333335,0.007583329877314415,0.037368275488618374,0.029784945611304015,0.024912183659078935
season,SC2,2008/09,prior_asof,180,0.2338005558435722,0.3263494845651426,1.077383639677263,0.4166666666666667,0.00821499540910775,0.014201119224041825,0.0059861238149339635,0.009467412816027846
season,SC2,2009/10,prior_asof,180,0.2337327489468115,0.3292220680934684,1.0859547356605965,0.39444444444444443,0.027815384215411687,0.02445806877128623,0.0033573154441254305,0.018543589476941114
season,SC2,2010/11,prior_asof,180,0.2324608465765516,0.3234456082977624,1.0690925834420362,0.4444444444444444,0.021398077361066026,0.005748291671361372,0.027146369032427453,0.018097579354951616
season,SC2,2011/12,prior_asof,180,0.23278269064304527,0.3237583585837325,1.0698873724037508,0.4388888888888889,0.013761292631625732,0.00517097180595541,0.018932264437581114,0.012621509625054086
season,SC2,2012/13,prior_asof,180,0.2389736917719696,0.31202175598983223,1.032426548525746,0.4888888888888889,0.06048792241823703,0.059375832021359154,0.001112090396877874,0.040325281612158016
season,SC2,2013/14,prior_asof,180,0.24006647566926048,0.31742590355466593,1.0479556478388998,0.4444444444444444,0.0131697137171648,0.03745113081406082,0.024281417096895908,0.024967420542707175
season,SC2,2014/15,prior_asof,180,0.23517089737840477,0.3201026291660766,1.0579873050879454,0.45,0.018600781160093616,0.009346898662650288,0.009253882497443355,0.012400520773395754
season,SC2,2015/16,prior_asof,180,0.23838571583397195,0.32023850000926796,1.0570089411473116,0.43333333333333335,0.0008061992049448463,0.01856711511369452,0.01776091590874962,0.012378076742462996
season,SC2,2016/17,prior_asof,180,0.23942274139605033,0.3227946162508585,1.064241629852125,0.4111111111111111,0.020229560368652588,0.011125709106892923,0.03135526947554551,0.02090351298369701
season,SC2,2017/18,prior_asof,180,0.2395515783115729,0.31826655960555983,1.0504317642630976,0.4388888888888889,0.006801029763397193,0.02699022192339065,0.02018919215999343,0.017993481282260426
season,SC2,2018/19,prior_asof,180,0.23443761877802408,0.32243688904110396,1.0653628319833646,0.4388888888888889,0.006482614619110427,0.007535987854008441,0.01401860247311898,0.009345734982079282
season,SC2,2019/20,prior_asof,139,0.22928402815103657,0.3219617844578279,1.066210699186435,0.4676258992805755,0.035725821282027226,0.022634419905433745,0.05836024118746097,0.038906827458307314
season,SC2,2020/21,prior_asof,110,0.2362448889227654,0.31397293833969486,1.0389294530650826,0.4818181818181818,0.047709324858919544,0.03099848485743803,0.01671084000148154,0.03180621657261304
season,SC2,2021/22,prior_asof,180,0.22882385314772113,0.3337471492846475,1.1019362151075496,0.39444444444444443,0.03997561520509474,0.06606676373009812,0.026091148525003438,0.04404450915339877
season,SC2,2022/23,prior_asof,180,0.23399023752634934,0.3234955327676015,1.0686906658648587,0.43333333333333335,0.000518153006468125,0.008708589604727257,0.008190436598259077,0.005805726403151486
season,SC2,2023/24,prior_asof,180,0.23687753614841012,0.3248516227056395,1.0715598948714664,0.4111111111111111,0.021740344525054578,0.002888296024115916,0.01885204850093858,0.014493563016703024
season,SC2,2024/25,prior_asof,164,0.23219738847652824,0.3296053906164205,1.0878103229665934,0.4024390243902439,0.029382562373444276,0.03582754413868114,0.006444981765236835,0.023885029425787418
season,SC2,2025/26,prior_asof,180,0.22930962326822985,0.3293882232947389,1.088239286640044,0.4166666666666667,0.014319920539303588,0.04543729339568825,0.031117372856384662,0.030291528930458833
season,SC2,2026/27,prior_asof,24,0.22156148399554434,0.315562426907737,1.0497550565431784,0.5416666666666666,0.11106137917161735,0.021472368958346838,0.13253374812996419,0.08835583208664279
season,SC3,2001/02,prior_asof,180,0.24231490994165308,0.32600158914299887,1.0760727891728525,0.4388888888888889,0.0646838749831434,0.0517489946570796,0.06809334087558498,0.06150873683860266
season,SC3,2002/03,prior_asof,79,0.22792005998952375,0.340711935987197,1.123788356146398,0.3670886075949367,0.07415112259650897,0.09848191558838784,0.024330792991878847,0.06565461039225855
season,SC3,2003/04,prior_asof,111,0.24242815976461982,0.32030191685794474,1.056193257649784,0.42342342342342343,0.006658235914761501,0.048398873308473395,0.041740637393711866,0.032265915538982254
season,SC3,2004/05,prior_asof,164,0.23713560832557162,0.32130401139670167,1.0609607660552167,0.43902439024390244,0.008476841785139633,0.008224224304944322,0.000252617480195394,0.005651227856759783
season,SC3,2005/06,prior_asof,180,0.2377868034186496,0.3149163743397832,1.041052587615353,0.4722222222222222,0.03949088019769281,0.028498007737163628,0.010992872460529102,0.026327253465128514
season,SC3,2006/07,prior_asof,180,0.24574423639184104,0.3027794995320202,0.9982464151438876,0.4888888888888889,0.043790849890645134,0.08288227628072917,0.039091426390083894,0.0552548508538194
season,SC3,2007/08,prior_asof,180,0.236588204027569,0.32340164460289894,1.0679415432014931,0.42777777777777776,0.020759204653475194,0.027751606735475887,0.006992402082000693,0.018501071156983923
season,SC3,2008/09,prior_asof,180,0.23873000570122227,0.3187988805516549,1.0520887440935733,0.4388888888888889,0.005376526489946798,0.03227240047279489,0.005371773519341594,0.014340233494027762
season,SC3,2009/10,prior_asof,180,0.2362787834565835,0.32132961331017895,1.061473566803311,0.4388888888888889,0.0045501616513103915,0.014404501005323998,0.009854339354013697,0.009603000670216029
season,SC3,2010/11,prior_asof,180,0.234602758377929,0.3229079240681745,1.0672810808131774,0.4388888888888889,0.004097126485445635,0.023900254058073722,0.019803127572628254,0.015933502705382536
season,SC3,2011/12,prior_asof,180,0.2343380883358412,0.3209467554946806,1.0612336926133303,0.45,0.005486556967735534,0.016538044480718883,0.022024601448454362,0.014683067632302926
season,SC3,2012/13,prior_asof,180,0.2342736850974982,0.32085242016587223,1.0609096771716282,0.45,0.004210031706244122,0.014407736073823951,0.018617767780068073,0.012411845186712048
season,SC3,2013/14,prior_asof,180,0.234773441410986,0.3213293508166752,1.0620580134051514,0.4444444444444444,0.0009111969314180013,0.012721259721937467,0.013632456653355551,0.00908830443557034
season,SC3,2014/15,prior_asof,180,0.2370095612840505,0.32032010579067643,1.057730797768983,0.4388888888888889,0.00553715111101083,0.0022446403033042905,0.0032925108077065945,0.0036914340740072382
season,SC3,2015/16,prior_asof,180,0.23225125604648147,0.3171727756164653,1.0505739607074418,0.4777777777777778,0.031607274033060184,0.008635155820002516,0.040242429853062645,0.026828286568708448
season,SC3,2016/17,prior_asof,180,0.2356474634612856,0.3317858467054663,1.0935877066425364,0.38333333333333336,0.06094132593049639,0.044330622070864745,0.016610703859631593,0.04062755062033091
season,SC3,2017/18,prior_asof,180,0.23621323914861034,0.32588687138941563,1.0751507191354615,0.4111111111111111,0.030223152764434436,0.020374833676639753,0.0098483190877946,0.020148768509622928
season,SC3,2018/19,prior_asof,180,0.24019642154511164,0.3155286338360659,1.0414401272956064,0.45,0.009258302722258027,0.029206036289345205,0.019947733567087123,0.01947069085956345
season,SC3,2019/20,prior_asof,137,0.23502779439507154,0.3142838164743511,1.04022745032062,0.48175182481751827,0.03983125548739247,0.014804496087573893,0.025026759399818577,0.026554170324928312
season,SC3,2020/21,prior_asof,110,0.244079433725431,0.3241696404140808,1.0658484285925254,0.38181818181818183,0.059830465927503684,0.011351910802988863,0.07118237673049238,0.04745491782032831
season,SC3,2021/22,prior_asof,180,0.23658976917917895,0.3310792365841305,1.0909185949993834,0.37777777777777777,0.061913133783945806,0.03812991114075834,0.02378322264318733,0.041275422522630494
season,SC3,2022/23,prior_asof,180,0.2332412342380615,0.32448953293458943,1.0723708046802674,0.43333333333333335,0.0034398293557021398,0.024975317628293775,0.02153548827259172,0.016650211752195877
season,SC3,2023/24,prior_asof,180,0.2228912449083402,0.3376476359405969,1.1172711789850547,0.40555555555555556,0.03075796050316215,0.10575538140200735,0.07499742089884515,0.07050358760133822
season,SC3,2024/25,prior_asof,169,0.23252379844799168,0.3130604646020266,1.0377933633446184,0.5029585798816568,0.06608220871337467,0.01862330084923694,0.047458907864137645,0.044054805808916415
season,SC3,2025/26,prior_asof,180,0.22893394927342073,0.33402714446711357,1.1029405130323595,0.39444444444444443,0.04218050131455009,0.06850416209411397,0.026323660779563995,0.04566944139607602
season,SC3,2026/27,prior_asof,25,0.22076614212166998,0.3121525287800488,1.0402464593356793,0.56,0.12300622787810578,0.018321122650127836,0.14132735052823364,0.0942182336854891
season,SP1,2000/01,prior_asof,380,0.21241172070103043,0.3100090200971238,1.0337032221358786,0.5210526315789473,0.022704768240264628,0.013990113339020466,0.023645885813033802,0.020113589130772963
season,SP1,2001/02,prior_asof,380,0.2182282968559026,0.3159837871925957,1.0496371692709057,0.48947368421052634,0.01931638910532102,0.002562278808392826,0.016754110296928276,0.012877592736880708
season,SP1,2002/03,prior_asof,380,0.2217912947718169,0.3219357836808257,1.0660910486820458,0.4631578947368421,0.03252486717750557,0.010719813005587109,0.02180505417191847,0.02168324478500372
season,SP1,2003/04,prior_asof,380,0.23030379562871012,0.32424287805532115,1.073034009647881,0.45263157894736844,0.03356627402992041,0.01741710024132692,0.05098337427124727,0.03398891618083153
season,SP1,2004/05,prior_asof,268,0.2117802406062567,0.31009192923515777,1.0327845637327246,0.5111940298507462,0.02566058220326567,0.0057769565697912695,0.03143753877305697,0.020958359182037967
season,SP1,2005/06,prior_asof,380,0.22929878921624652,0.32939376566664896,1.0869984676355515,0.4263157894736842,0.053578944382752514,0.010680922248065827,0.04289802213468663,0.03571929625516832
season,SP1,2007/08,prior_asof,380,0.2287659865021023,0.31766073777032644,1.0542063890054316,0.4789473684210526,0.003194278983967014,0.035420259590595804,0.032225980606628735,0.023613506393730516
season,SP1,2008/09,prior_asof,380,0.22996991585397256,0.3161353429402119,1.0495608016234526,0.4842105263157895,0.008083549790448619,0.04026318754908281,0.03217963775863425,0.026842125032721893
season,SP1,2009/10,prior_asof,380,0.21691285687703044,0.31070490193808026,1.0347985873141505,0.5105263157894737,0.03174600676671885,0.00462747487557319,0.02711853189114563,0.02116400451114589
season,SP1,2010/11,prior_asof,380,0.2249489193243028,0.3082886374966954,1.0275815008291895,0.5184210526315789,0.03527447561756264,0.04406893594204994,0.00879446032448733,0.029379290628033305
season,SP1,2011/12,prior_asof,380,0.22080333290457935,0.31391871778032715,1.0436521770736216,0.49473684210526314,0.009825185589523056,0.0032470326744389877,0.006578152915084068,0.006550123726348704
season,SP1,2012/13,prior_asof,380,0.2263887805618516,0.3128751376834752,1.0402783283920891,0.49736842105263157,0.010412961314031133,0.026544851185285795,0.016131889871254745,0.017696567456857226
season,SP1,2013/14,prior_asof,380,0.23088664422167585,0.31865370303867885,1.0560897218961212,0.4710526315789474,0.014978276130897639,0.019620757127796484,0.03459903325869418,0.02306602217246277
season,SP1,2014/15,prior_asof,380,0.23223770301333257,0.323335691522475,1.0691198635687544,0.45,0.034287133597283026,0.00573010727188672,0.0400172408691698,0.026678160579446514
season,SP1,2015/16,prior_asof,380,0.22486461823067827,0.3166308506979196,1.050917713396869,0.48157894736842105,0.0008638942438440322,0.0032662138230822313,0.0041301080669262635,0.0027534053779508425
season,SP1,2016/17,prior_asof,380,0.22775799234409594,0.3175046019236914,1.0530306417187292,0.4763157894736842,0.006096200487272829,0.010937522557547874,0.017033723044820703,0.011355815363213803
season,SP1,2017/18,prior_asof,380,0.23060676208552794,0.3183195032761473,1.054931275365133,0.4710526315789474,0.010840239230379634,0.017404161664258344,0.028244400894638033,0.018829600596425338
season,SP1,2018/19,prior_asof,380,0.2223084627276344,0.3261777633256384,1.0784758442990596,0.4421052631578947,0.03767937804611593,0.04445877191080233,0.006779393864686345,0.029639181273868203
season,SP1,2019/20,prior_asof,323,0.21745112467827274,0.32004632654334597,1.0615279970296638,0.47058823529411764,0.008692103541932561,0.03822556236857849,0.029533458826645875,0.025483708245718977
season,SP1,2020/21,prior_asof,437,0.23062288911616838,0.33172707393673895,1.0931727841411965,0.41189931350114417,0.06483804941958443,0.03067965711030743,0.03415839230927703,0.04322536627972296
season,SP1,2021/22,prior_asof,380,0.2230578405445668,0.3273305551817712,1.0815130520278955,0.4342105263157895,0.03977286484544179,0.041209794516931464,0.0014369296714896174,0.02747319634462096
season,SP1,2022/23,prior_asof,380,0.22716728216962753,0.31699782071466526,1.05172294519177,0.4789473684210526,0.006221325500755104,0.016810554408143052,0.010589228907387893,0.01120703627209535
season,SP1,2023/24,prior_asof,380,0.22432132661769982,0.32593714187135114,1.0774144533498597,0.4394736842105263,0.033285733330980394,0.030029782954960726,0.003255950376019612,0.022190488887320243
season,SP1,2024/25,prior_asof,380,0.2291317058703307,0.3241995363114852,1.0719803454398351,0.44473684210526315,0.02681547633592385,0.0028749980729746993,0.02394047826294915,0.017876984223949233
season,SP1,2025/26,prior_asof,380,0.22276783127126557,0.31522451395995243,1.0471421121811892,0.48947368421052634,0.018463540921694943,0.007436224999660929,0.011027315922033876,0.012309027281129916
season,SP1,2026/27,prior_asof,31,0.21457165615417367,0.31033477733798037,1.0341062718138998,0.5161290322580645,0.044494573486198064,0.0061285675830560216,0.050623141069254,0.03374876071283603
season,SP2,2000/01,prior_asof,462,0.21704041749665562,0.32945189706934264,1.0873193005150756,0.41125541125541126,0.03221339255432319,0.026360469519126777,0.0172976780448854,0.025290513372778458
season,SP2,2001/02,prior_asof,414,0.21920886430086725,0.32760171176107805,1.0818166164113936,0.42028985507246375,0.0035924243270044065,0.013701973477161122,0.01729439780416553,0.011529598536110353
season,SP2,2002/03,prior_asof,239,0.20615058628562338,0.32672276055529653,1.0768086710136244,0.3891213389121339,0.026494733280545912,0.05506188237292242,0.02856714909237637,0.03670792158194824
season,SP2,2003/04,prior_asof,158,0.21635380431335036,0.3268881642152059,1.0792217337483498,0.4177215189873418,0.006090960585285687,0.010360518890687398,0.004269558305401683,0.006907012593791589
season,SP2,2004/05,prior_asof,462,0.2288771145208602,0.3319818598662446,1.0959271482870103,0.40476190476190477,0.00819792595125507,0.045184074942097696,0.05338200089335282,0.03558800059556853
season,SP2,2005/06,prior_asof,462,0.22044913486198478,0.3227202099775013,1.0679371624435199,0.461038961038961,0.04450964463447349,0.03594793897546816,0.008561705659005325,0.029673096422982326
season,SP2,2007/08,prior_asof,446,0.21223258184148996,0.32284272051358376,1.0671282737755947,0.44170403587443946,0.01924116737405801,0.013916305040802879,0.03315747241486089,0.02210498160990726
season,SP2,2008/09,prior_asof,462,0.2158662911604705,0.3227924743436646,1.0675429944437766,0.44805194805194803,0.020785846928919605,0.009339119307607002,0.011446727621312602,0.013857231285946403
season,SP2,2009/10,prior_asof,462,0.21662151007771946,0.3243318132902393,1.072018821856491,0.43722943722943725,0.009270379628678382,0.004323661012599789,0.004946718616078594,0.006180253085785588
season,SP2,2010/11,prior_asof,462,0.2178986693672831,0.31875325169252444,1.056613175849323,0.4805194805194805,0.04839362463504615,0.03742209642355704,0.010971528211489223,0.03226241642336414
season,SP2,2011/12,prior_asof,462,0.22857014022046965,0.3225759964407827,1.0691485819054314,0.4675324675324675,0.03162044266806929,0.06698879234515148,0.03536834967708219,0.04465919489676765
season,SP2,2012/13,prior_asof,462,0.2204157503794861,0.3166225509959063,1.0511740600848498,0.4935064935064935,0.052019241886697265,0.06575078427097109,0.005318290596340924,0.04102943891800309
season,SP2,2013/14,prior_asof,462,0.2216225495093198,0.32594964297233714,1.077311750934501,0.4329004329004329,0.01054054873287441,0.041971544754188496,0.013700607539883392,0.02207090034231543
season,SP2,2014/15,prior_asof,462,0.21903562235437432,0.32249129149901234,1.0673105976377615,0.4523809523809524,0.008799069687987604,0.0084061608845606,0.0016184132297812348,0.006274547934109813
season,SP2,2015/16,prior_asof,462,0.2142784568846556,0.3216382780985658,1.064245069504108,0.4523809523809524,0.00845272836346872,0.020473015612863882,0.020225259419716646,0.016383667798683083
season,SP2,2016/17,prior_asof,462,0.2106870275459189,0.3188973280801813,1.0560284353779714,0.4653679653679654,0.020078216334005472,0.014783701037392905,0.03486191737139835,0.023241278247598907
season,SP2,2017/18,prior_asof,462,0.21471600278423045,0.3168828702669374,1.0510757372715684,0.48268398268398266,0.036371858587158745,0.01566255838958075,0.020709300197578023,0.024247905724772506
season,SP2,2018/19,prior_asof,462,0.21512080755815852,0.3220356657799108,1.0654108235298767,0.45021645021645024,0.0018837147251996589,0.008736914471409785,0.010620629196609527,0.007080419464406323
season,SP2,2019/20,prior_asof,398,0.2162935911644965,0.3340273643523721,1.0988221402101939,0.3743718592964824,0.07244775630784189,0.0622921889368408,0.01015556737100115,0.048298504205227945
season,SP2,2020/21,prior_asof,526,0.22273092793844698,0.32295261625974747,1.069253852819882,0.4543726235741445,0.00858717533251574,0.026588166723632234,0.018000991391116494,0.017725444482421488
season,SP2,2021/22,prior_asof,462,0.22084920088922938,0.3251771525856397,1.0750838995015195,0.43722943722943725,0.007628192397708289,0.00595125847039818,0.01357945086810658,0.00905296724540435
season,SP2,2022/23,prior_asof,462,0.2109166214101669,0.32251156146687554,1.0660157305096856,0.44155844155844154,0.003271709087025343,0.030925880798095384,0.027654171711070125,0.02061725386539695
season,SP2,2023/24,prior_asof,462,0.21434494730156564,0.31953142807326756,1.0583111659401798,0.4653679653679654,0.020100187423498672,0.0021842768823553405,0.01791591054114336,0.013400124948999123
season,SP2,2024/25,prior_asof,462,0.21958928229127359,0.32093142565167815,1.0631188920743833,0.46320346320346323,0.017884601377993692,0.021608327670174954,0.0037237262921813175,0.014405551780116654
season,SP2,2025/26,prior_asof,462,0.2305549603534069,0.3254067109723196,1.0773411121505982,0.44805194805194803,0.0019747555965893837,0.05262907230101471,0.05065431670442533,0.03508604820067648
season,SP2,2026/27,prior_asof,33,0.23084443938460023,0.32433492468958297,1.0743218508577255,0.45454545454545453,0.008051957996980996,0.057575256668251015,0.04952329867127009,0.0383835044455007
season,SUI,2011/12,prior_asof,23,0.238016290015533,0.36131658518857784,1.1880337585905982,0.2608695652173913,0.16659214989151427,0.06484696481958974,0.09966899328985045,0.11036936933365149
season,SUI,2012/13,prior_asof,156,0.2280469359206998,0.32812042940859026,1.0845003521149392,0.4423076923076923,0.025489779733515516,0.03782084595750648,0.03579083353046848,0.03303381974049683
season,SUI,2013/14,prior_asof,177,0.2336642646406766,0.31649080076184594,1.0497364468391293,0.4858757062146893,0.034037157865136836,0.055358125084355725,0.034950619305508156,0.04144863408500024
season,SUI,2014/15,prior_asof,183,0.22917227775679166,0.3289979690290826,1.0860787796777471,0.4207650273224044,0.03590859562105697,0.026505420705692312,0.052073217840455405,0.03816241138906823
season,SUI,2015/16,prior_asof,177,0.2304659083617274,0.32541874776173935,1.0753967616401123,0.4350282485875706,0.011059582241218113,0.0009241611829812757,0.04767303841941002,0.019885593947869803
season,SUI,2016/17,prior_asof,184,0.23287034980096982,0.3226718720803663,1.0669264921619157,0.44565217391304346,0.002094521990363696,0.014153176959144725,0.016247698949508393,0.010831799299672271
season,SUI,2017/18,prior_asof,181,0.23925869207308673,0.3257550320999129,1.0742745214739096,0.4143646408839779,0.025898409694335656,0.027547044945884752,0.05344545464022038,0.03563030309348026
season,SUI,2018/19,prior_asof,183,0.2404761914669797,0.32765268579422135,1.079211847206068,0.39344262295081966,0.04372938135687909,0.017739458211656595,0.061468839568535605,0.040979226379023764
season,SUI,2019/20,prior_asof,151,0.22712524346788077,0.3196959805596208,1.0595189428862788,0.4768211920529801,0.04443167784622787,0.0019711473672001933,0.046402825213428145,0.03093521680895207
season,SUI,2020/21,prior_asof,203,0.2277713184379228,0.33196392283692683,1.095243773083761,0.39901477832512317,0.03669173242112189,0.044421609588849,0.007729877167727051,0.02961440639256598
season,SUI,2021/22,prior_asof,187,0.22670714061630948,0.32487676180758013,1.0746024331123867,0.44385026737967914,0.01167302357689437,0.018486503299557422,0.030159526876451792,0.020106351250967863
season,SUI,2022/23,prior_asof,194,0.2259507492071354,0.33314623324723214,1.098729466591427,0.3917525773195876,0.03900312903331421,0.0499928091724165,0.010989680139102342,0.03332853944827768
season,SUI,2023/24,prior_asof,214,0.22447186494856258,0.32455341443182095,1.0738922355540463,0.4485981308411215,0.016826518251828237,0.01876635223613493,0.03559287048796317,0.02372858032530878
season,SUI,2024/25,prior_asof,60,0.22301891784891067,0.30871879688214354,1.0282401058423098,0.55,0.1165339710711471,0.04001958958757906,0.07651438148356798,0.07768931404743139
season,SWE,2011/12,prior_asof,115,0.22841899633993498,0.3414254109347371,1.124112415903155,0.33043478260869563,0.08587599747339603,0.06392796780073735,0.045728295631641436,0.06517742030192493
season,SWE,2012/13,prior_asof,259,0.22704014975780465,0.32895810908503487,1.0862017108314217,0.4247104247104247,0.03105464765354886,0.060100925961976484,0.020857341828332446,0.03733763848128593
season,SWE,2013/14,prior_asof,215,0.22566683001433122,0.3255595488456884,1.0763505947567815,0.4418604651162791,0.021483921004848194,0.013798119100603228,0.007685801904244893,0.014322614003232106
season,SWE,2014/15,prior_asof,240,0.22555103757535971,0.31519965063886296,1.0469326767954672,0.5041666666666667,0.0686478005450003,0.049341775956037476,0.019306024588962856,0.04576520036333354
season,SWE,2015/16,prior_asof,234,0.232716495675149,0.32218295360835864,1.0661770443987373,0.452991452991453,0.007882683413854064,0.03663199760111585,0.028749314187261732,0.024421331734077217
season,SWE,2016/17,prior_asof,256,0.2317749446257782,0.32939699716364446,1.0866610913263153,0.41015625,0.035829471200439944,0.004982773488864223,0.03084669771157572,0.02388631413362663
season,SWE,2017/18,prior_asof,242,0.22846809205914,0.3228439984825111,1.0682372626882333,0.45041322314049587,0.009093690679374433,0.010376548117858542,0.001282857438484164,0.006917698745239047
season,SWE,2018/19,prior_asof,257,0.23392213307121254,0.3294147102951147,1.0863564873263185,0.4046692607003891,0.034067306390041574,0.0025617531983720965,0.03662905958841363,0.024419373058942432
season,SWE,2019/20,prior_asof,206,0.23057478262118342,0.3261722248407465,1.0774693711151848,0.42718446601941745,0.011671942140054625,0.000935009401937803,0.012606951541992484,0.008404634361328303
season,SWE,2020/21,prior_asof,234,0.2259315605692064,0.3304870843079651,1.0905585779733746,0.405982905982906,0.027518477590789958,0.032053931513643,0.004535453922853039,0.021369287675762
season,SWE,2021/22,prior_asof,269,0.22914942241179218,0.3192486658390231,1.0577394412071424,0.4721189591078067,0.03733000133506881,0.027858881627219306,0.009471119707849529,0.02488666755671255
season,SWE,2022/23,prior_asof,242,0.2317773397530128,0.32610963140531707,1.07709541556418,0.4256198347107438,0.010190911477076514,0.008396304401803667,0.018587215878880237,0.012391477252586805
season,SWE,2023/24,prior_asof,239,0.2427388119892759,0.3153319348577595,1.0439121517538472,0.47280334728033474,0.035743854161772504,0.09246303084680577,0.056719176685033346,0.06164202056453721
season,SWE,2024/25,prior_asof,102,0.23233618163694447,0.32976341863035985,1.0874907831570422,0.4019607843137255,0.036522746116326665,0.01322174368796164,0.02330100242836497,0.024348497410884424
season,T1,2000/01,prior_asof,306,0.23044363183426717,0.31734667381335124,1.0538457120129414,0.49019607843137253,0.06254999433466402,0.040516063932274984,0.04455877629915573,0.049208278188698246
season,T1,2001/02,prior_asof,306,0.2199398377363837,0.3119365760867195,1.0388712487185252,0.5065359477124183,0.04755692041511743,0.020554312950237352,0.02533210869303637,0.031147780686130385
season,T1,2002/03,prior_asof,130,0.22190264398271314,0.31696648128648874,1.052554648368551,0.4846153846153846,0.05644443084540336,0.015414442624492042,0.002436162769569039,0.024765012079821482
season,T1,2003/04,prior_asof,306,0.23419743844257443,0.3190070780532737,1.0560105600288285,0.4673202614379085,0.02826639593431852,0.018467483430070014,0.04673387936438855,0.03115591957625903
season,T1,2004/05,prior_asof,306,0.22477070416727438,0.31394304703858306,1.0433142956116783,0.4934640522875817,0.004941699338434524,0.0022933034574313393,0.007235002795865864,0.004823335197243909
season,T1,2005/06,prior_asof,306,0.23342547293905505,0.3304399235414676,1.0891268536826175,0.41830065359477125,0.06156001369227737,0.024940060074412296,0.036619953617864964,0.041040009128184875
season,T1,2006/07,prior_asof,290,0.21712572456998744,0.3212998206411142,1.0659226931534551,0.4689655172413793,0.006577374563803529,0.04802758793536557,0.041450213371561934,0.03201839195691034
season,T1,2007/08,prior_asof,306,0.2268226131114032,0.315175623832874,1.0464385500325664,0.4869281045751634,0.00989372782496567,0.015518625712627437,0.0056248978876617395,0.01034575047508495
season,T1,2008/09,prior_asof,306,0.2266505560139948,0.3166715315618579,1.0507417120931088,0.4803921568627451,0.004075839238411261,0.007371493138689733,0.0032956539002784724,0.004914328759126489
season,T1,2010/11,prior_asof,306,0.23135902890458546,0.32475825071114356,1.0731408366604673,0.4411764705882353,0.03480866163206081,0.007053659733320228,0.027755001898740583,0.023205774421373875
season,T1,2011/12,prior_asof,306,0.2238171481582032,0.3172081946579641,1.0527802615722721,0.4803921568627451,0.006920652111798764,0.0055807391365276515,0.012501391248326499,0.008334260832217638
season,T1,2012/13,prior_asof,306,0.22239328528748187,0.32330424514637524,1.0704831633437941,0.4542483660130719,0.017918683361995646,0.03226516893859718,0.014346485576601509,0.021510112625731447
season,T1,2013/14,prior_asof,306,0.221457205962391,0.3189722378886495,1.058119713799774,0.4738562091503268,0.00013389129381657927,0.019353271592661148,0.01948716288647767,0.012991441924318467
season,T1,2014/15,prior_asof,306,0.22738712954567789,0.3273389443763269,1.0811611975898774,0.43137254901960786,0.03957632070720685,0.025966028814703945,0.013610291892502957,0.026384213804804584
season,T1,2015/16,prior_asof,306,0.22421941715940272,0.31922100889572863,1.0583898529583506,0.47058823529411764,0.0016711617454862604,0.005629861318723672,0.007301023064209822,0.0048673487094732515
season,T1,2016/17,prior_asof,306,0.23570715916435003,0.3216686068741621,1.0637668440844594,0.45098039215686275,0.018190788257171353,0.030462847757974643,0.048653636015145996,0.03243575734343066
season,T1,2017/18,prior_asof,306,0.22513336465687128,0.3127010952199404,1.0395903995579203,0.5,0.03030467162826006,0.021664788791728173,0.008639882836531887,0.02020311441884004
season,T1,2018/19,prior_asof,306,0.22069046280240276,0.32477980800263007,1.0748527476673295,0.4477124183006536,0.022289751786767953,0.04367009249372042,0.021380340706952383,0.029113394995813585
season,T1,2019/20,prior_asof,261,0.2256942219667225,0.3278592332590807,1.08287779568671,0.42911877394636017,0.03874976774869837,0.033994998693023304,0.004754769055675068,0.025833178499132248
season,T1,2020/21,prior_asof,465,0.23007563147607688,0.3290608009832312,1.0857253955151542,0.41935483870967744,0.046547800971383724,0.02016595796310322,0.026381843008280503,0.031031867314255817
season,T1,2021/22,prior_asof,380,0.227494999159434,0.31864579348365485,1.0562940931895495,0.4710526315789474,0.007009747638709873,0.012083731236149836,0.0050739835974399905,0.0080558208240999
season,T1,2022/23,prior_asof,342,0.23673922165140074,0.3213734429530721,1.0627368289140346,0.4502923976608187,0.013158673069308735,0.037388294270695704,0.05054696734000441,0.03369797822666962
season,T1,2023/24,prior_asof,380,0.2252243884035095,0.3222822009360093,1.0670359557105709,0.45526315789473687,0.0076561284252266715,0.013216447738896075,0.0055603193136693485,0.008810965159264031
season,T1,2024/25,prior_asof,314,0.2257666676618876,0.31753773777970523,1.0533436143043953,0.47770700636942676,0.01496084673547654,0.008320858221157357,0.006639988514319184,0.009973897823651027
season,T1,2025/26,prior_asof,306,0.2252369120423699,0.3291919973752211,1.086824474552518,0.4215686274509804,0.040308738896347174,0.0401219169102644,0.00018682198608277467,0.026872492597564784
season,T1,2026/27,prior_asof,27,0.23582513097622748,0.32267791442667815,1.0666278721085443,0.4444444444444444,0.017261778352334223,0.029158393667465088,0.046420172019799255,0.030946781346532854
season,USA,2011/12,prior_asof,172,0.2255619402345662,0.3136306233910137,1.0467634337684637,0.5174418604651163,0.05219589628223262,0.07013870034014945,0.03553286538487236,0.05262248733575148
season,USA,2012/13,prior_asof,333,0.21785021023473775,0.3186298980291993,1.0573601893986377,0.4804804804804805,0.03166329495272624,0.03711957338359814,0.012008123394463,0.02693033057692913
season,USA,2013/14,prior_asof,324,0.21516518332815854,0.3128178998270213,1.0406007662750247,0.5,0.014327711199598383,0.011928225550769556,0.007976648587069063,0.011410861779145668
season,USA,2014/15,prior_asof,358,0.213492546048522,0.30430343176856856,1.0171140473671108,0.5335195530726257,0.032980115347134444,0.02113521778930877,0.011844897557825612,0.021986743564756273
season,USA,2015/16,prior_asof,352,0.21491058207986324,0.30305594976574707,1.0138004904105011,0.5369318181818182,0.025001155058252067,0.020081639311586796,0.004919515746665187,0.01666743670550135
season,USA,2016/17,prior_asof,393,0.20567319331367193,0.30503916646562673,1.0184547439824223,0.5267175572519084,0.012229626943030758,0.01875744795932821,0.030987074902359024,0.020658049934905998
season,USA,2017/18,prior_asof,377,0.21137084998219655,0.30500384397066244,1.0188103582333015,0.5278514588859416,0.00870326476537353,0.0033150260090739903,0.005388238756299624,0.005802176510249048
season,USA,2018/19,prior_asof,436,0.21894400693642893,0.3011771908494111,1.0091536179221974,0.5435779816513762,0.022330674479183688,0.04390077897815345,0.021570104498969844,0.02926718598543566
season,USA,2019/20,prior_asof,267,0.22146550280781035,0.31358792328281854,1.0429043878134612,0.49812734082397003,0.023958298455922455,0.00039620913389365464,0.024354507589816166,0.01623633839321076
season,USA,2020/21,prior_asof,448,0.22361789222565295,0.3202472575791934,1.0612110810583688,0.4732142857142857,0.043763149960264536,0.016236561404673444,0.027526588555591036,0.029175433306843006
season,USA,2021/22,prior_asof,547,0.22302169594241142,0.31691743399982936,1.0520392233973594,0.4844606946983547,0.02769371162153106,0.0034163321154041804,0.024277379506126878,0.01846247441435404
season,USA,2022/23,prior_asof,514,0.21472600182017235,0.3160673155789991,1.049427694517802,0.48638132295719844,0.022179495790751125,0.0313236149407759,0.009144119150024776,0.020882409960517267
season,USA,2023/24,prior_asof,535,0.22774030755661623,0.3211607359938685,1.0639085748255694,0.4672897196261682,0.03873047766758125,0.002690016829013403,0.04142049449659482,0.027613662997729826
season,USA,2024/25,prior_asof,177,0.22573781124607536,0.328993728843318,1.0854363552276034,0.4350282485875706,0.06740929747823099,0.03659476671833445,0.030814530759896458,0.04493953165215397
ALL,ALL,ALL,market_devig,235806,0.2046656396957878,0.30090899433017787,1.0056305487566384,0.5010177858069769,0.009908384893779428,0.005601709252966356,0.010440527180759183,0.008650207109168322
division,ARG,ALL,market_devig,5330,0.20759777400277207,0.3118477787331729,1.0365625436617973,0.4651031894934334,0.010385963201670179,0.008818200873527169,0.02186884078525112,0.01369100162014949
division,AUT,ALL,market_devig,2306,0.203276090978342,0.2958742075432754,0.99148600707037,0.5199479618386817,0.022206980101683635,0.005416262331755504,0.024156042133170578,0.017259761522203237
division,B1,ALL,market_devig,6812,0.19990439532751153,0.2924155184836593,0.9824332281740977,0.5278919553728714,0.022808900650910468,0.002923317656258664,0.012660250818616036,0.012797489708595055
division,BRA,ALL,market_devig,4849,0.20165323589971304,0.29879364325615193,1.0000276050099752,0.513095483604867,0.026756419687787168,0.0056440934624618425,0.01910985375831444,0.017170122302854484
division,CHN,ALL,market_devig,2538,0.18441105016320483,0.2759246619286963,0.9332307303205248,0.5524034672970843,0.018352715140455743,0.020866445780315605,0.038543134128848806,0.02592076501654005
division,D1,ALL,market_devig,7762,0.20362094189766677,0.29568614871513765,0.9915845133131631,0.5189384179335222,0.011429115913638576,0.005059298031395255,0.007910188024447217,0.00813286732316035
division,D2,ALL,market_devig,7408,0.21401282734545035,0.31216354452010964,1.0379986193707793,0.47880669546436283,0.010102631460237519,0.0033136843564328007,0.009643591792172411,0.007686635869614243
division,DEN,ALL,market_devig,2634,0.20640147703613018,0.30223438989227935,1.0102592184920605,0.5026575550493546,0.02059416645198254,0.00619071306663919,0.016312756902604357,0.014365878807075363
division,E0,ALL,market_devig,9727,0.19487418285188232,0.2865392830985165,0.9648941399719716,0.5411740516089236,0.015000350171713294,0.004240351814257501,0.013729800658991615,0.010990167548320802
division,E1,ALL,market_devig,14036,0.21443398529139795,0.3133761395884297,1.0411793930687987,0.4653035052721573,0.010188676059172081,0.0004391413447475234,0.008283066564396667,0.006303627989438757
division,E2,ALL,market_devig,13604,0.21384020043062651,0.311295792473736,1.0353454640216189,0.4761834754483975,0.008302249393894777,0.004085741501602769,0.011759591956498382,0.008049194283998641
division,E3,ALL,market_devig,13208,0.21855702776183042,0.317507808467593,1.0532958239039951,0.4541944276196245,0.008446286373150851,0.0024676672250854743,0.006258384211707086,0.005724112603314471
division,EC,ALL,market_devig,7696,0.21402773146446633,0.3073446729753731,1.0251071001851608,0.4857068607068607,0.012901769715128809,0.010032671043762759,0.011118347117303314,0.01135092929206496
division,F1,ALL,market_devig,8994,0.20180272581773104,0.30069091934084724,1.004241487385926,0.5076717811874583,0.012155418666728042,0.004957693387284157,0.017028048846441966,0.011380386966818054
division,F2,ALL,market_devig,8646,0.2086040331325609,0.31334403461025556,1.0408849463395708,0.46379828822576913,0.011613636708315899,0.019442248176792343,0.01695109740251245,0.0160023274292069
division,FIN,ALL,market_devig,2354,0.20533810905529593,0.29960810210593763,1.0032116788977263,0.5118946474086661,0.025202519628910902,0.00908441113807763,0.019791083943897423,0.018026004903628653
division,G1,ALL,market_devig,4288,0.18179038056049882,0.2749723067062096,0.9298097372839407,0.5520055970149254,0.025002658969055545,0.019713615466011726,0.0237581072342305,0.022824793889765924
division,I1,ALL,market_devig,9293,0.1898468503485428,0.28622543919355947,0.9623579244459883,0.5428817389432906,0.021149908133917563,0.0065066552450498616,0.027410924379976973,0.018355829252981466
division,I2,ALL,market_devig,10003,0.20367395979899855,0.3115688520224188,1.0338624083700048,0.45986204138758374,0.012899656396342019,0.021319953357091182,0.02145843286687935,0.018559347540104184
division,IRL,ALL,market_devig,2367,0.19503706844677582,0.2852195335605969,0.9601281607481928,0.5420363329108576,0.02251666082214203,0.014432113162210675,0.022659388997583078,0.01986938766064526
division,JAP,ALL,market_devig,4089,0.21742638737166958,0.3102628905037485,1.0328981703250515,0.4786011249694302,0.009185334044763266,0.021215159706280757,0.023161546535806467,0.017854013428950165
division,MEX,ALL,market_devig,4080,0.20982298278146636,0.30908258324744126,1.0293109137830885,0.4821078431372549,0.021321441408584108,0.003826314156649917,0.025236866640696468,0.0167948740686435
division,N1,ALL,market_devig,7543,0.19050171674357677,0.2790691448021498,0.9430332657452293,0.5601219673869813,0.01423849238030878,0.0029385219523188227,0.013183011796666604,0.010120008709764735
division,NOR,ALL,market_devig,3092,0.2036309827274711,0.29567152232824623,0.99144970683383,0.5190815006468306,0.015482342636105543,0.002706094272719758,0.018221799610055794,0.012136745506293699
division,P1,ALL,market_devig,6872,0.18728223454853246,0.27948790694719633,0.9436156038559345,0.5516589057043073,0.023944508791323302,0.012077265439441246,0.024739804370800773,0.02025385953385511
division,POL,ALL,market_devig,3567,0.21392893110301792,0.3122977244705084,1.0385350613628306,0.4681805438744043,0.014957589868357128,0.003950168475342405,0.016316919739728312,0.011741559361142614
division,ROM,ALL,market_devig,3640,0.19928978936156466,0.29789982415363025,0.99687942278472,0.5010989010989011,0.024084886211115285,0.022331511279692177,0.014573321722389032,0.020329906404398832
division,RUS,ALL,market_devig,3005,0.1988606724509046,0.29294180807407827,0.9829252972622425,0.529783693843594,0.025530883172089743,0.01493098770678642,0.020914588787013227,0.020458819888629798
division,SC0,ALL,market_devig,5320,0.1938287030773711,0.2832569251856442,0.9548774832252664,0.5342105263157895,0.028362342802272334,0.009137581177760049,0.017766324321877774,0.018422082767303383
division,SC1,ALL,market_devig,4241,0.21139964466848685,0.31051426798974946,1.0331749021796888,0.47677434567319027,0.015138866831891322,0.01851090431116438,0.010711528977863602,0.014787100040306434
division,SC2,ALL,market_devig,4243,0.21507824799658634,0.30287620271347854,1.0117479642925813,0.5001178411501296,0.01232739020767152,0.02366421449179675,0.021748520905048307,0.01924670853483886
division,SC3,ALL,market_devig,4159,0.21779974917393083,0.30445583223910316,1.0163447962958447,0.49843712430872805,0.021860095913731593,0.026835017036716743,0.0162187821904262,0.02163796504695818
division,SP1,ALL,market_devig,9329,0.19567028614265752,0.28802026340275483,0.9692178774952055,0.5369278593632758,0.020868553824115187,0.009379855124086086,0.014309803075850135,0.014852737341350468
division,SP2,ALL,market_devig,10619,0.20978530566208575,0.314016263500731,1.0429245511571517,0.4596478011112157,0.008638374193660791,0.00667311621397749,0.015060765376012407,0.010124085261216895
division,SUI,ALL,market_devig,2272,0.20781473706335718,0.3026580207704259,1.0109519500537991,0.5048415492957746,0.019845585693423023,0.009326392854341104,0.020581386296317616,0.01658445494802725
division,SWE,ALL,market_devig,3110,0.19992076163889494,0.29300348611031257,0.9832698858840992,0.519935691318328,0.02628176283069148,0.004506835844341713,0.020553811035779673,0.017114136570270954
division,T1,ALL,market_devig,7537,0.20001512499154456,0.2935581717760845,0.9857752489712739,0.5300517447260183,0.021471609852087105,0.004589384674224701,0.026015917567560675,0.017358970697957495
division,USA,ALL,market_devig,5233,0.20838696318172553,0.30222130553161203,1.0101179583093705,0.5073571565067839,0.019795715971921826,0.00401767603455308,0.016617646101671477,0.01347701270271546
season,ARG,2011/12,market_devig,44,0.17069119723732976,0.27652498545190235,0.9383170451963107,0.5681818181818182,0.16633126060368056,0.11758377482342229,0.1618388263837642,0.14858462060362235
season,ARG,2012/13,market_devig,330,0.20317503271510176,0.31783592995986676,1.0519301743643554,0.42424242424242425,0.03998690100110858,0.051248654978476776,0.05681849023328339,0.04935134873762292
season,ARG,2013/14,market_devig,380,0.21931658604153445,0.32265091263117374,1.0689137930788422,0.42894736842105263,0.05439689279902528,0.026898237196568323,0.027547109132556712,0.0362807463760501
season,ARG,2014/15,market_devig,427,0.20209928674468994,0.3039580823902416,1.013869587255948,0.5035128805620609,0.04500862742398187,0.014921703852921839,0.04442025703590957,0.034783529437604425
season,ARG,2015/16,market_devig,477,0.1961062980275692,0.29843347066464876,0.9972850265204645,0.5031446540880503,0.06709897122816312,0.01464814895496151,0.046357097096869096,0.0427014057599979
season,ARG,2016/17,market_devig,456,0.21655447899027255,0.31556203871967836,1.0464459919465596,0.4758771929824561,0.04463562212911755,0.02460163552477314,0.03574948458749691,0.0349955807471292
season,ARG,2017/18,market_devig,370,0.20298980586379112,0.29924205032247303,1.0005095744874946,0.5081081081081081,0.05509970354340087,0.02731532207125388,0.045667503707750884,0.042694176440801875
season,ARG,2018/19,market_devig,350,0.19843140607707044,0.30384685528013294,1.0142628787598085,0.47714285714285715,0.05472155795738813,0.02241229972628115,0.055949491001822185,0.044361116228497165
season,ARG,2019/20,market_devig,252,0.20996160596557112,0.31061362132668835,1.0369628044344463,0.48412698412698413,0.04573402778026166,0.009753200429851724,0.05854757473935252,0.03801160098315531
season,ARG,2020/21,market_devig,327,0.2136555175237637,0.3257219262026527,1.075814970847424,0.41896024464831805,0.05899783269248359,0.04988635866502765,0.0540153383226705,0.05429984322672724
season,ARG,2021/22,market_devig,585,0.21408169812294858,0.31304974370953303,1.040215065139883,0.46153846153846156,0.059608936044011455,0.019265432306389843,0.040418370355686815,0.039764246235362705
season,ARG,2022/23,market_devig,608,0.21126475581813134,0.31832148476735683,1.056596985299838,0.45394736842105265,0.031797846458116286,0.025749123498032267,0.04523522444895057,0.03426073146836637
season,ARG,2023/24,market_devig,535,0.20702769408388252,0.31708454658872953,1.049190184903934,0.4261682242990654,0.04043756714783617,0.026750608029379234,0.03258345988103051,0.03325721168608197
season,ARG,2024/25,market_devig,189,0.20227638487550653,0.30837960642289447,1.0260389612631196,0.48148148148148145,0.10674259718000678,0.020590322450903177,0.08352740666563417,0.07028677543218137
season,AUT,2011/12,market_devig,23,0.17838459426250738,0.2535153217327046,0.8736441771701047,0.6086956521739131,0.3005083844281062,0.08803984616111998,0.19155770500084773,0.1933686451966913
season,AUT,2012/13,market_devig,169,0.2049045094398922,0.2960792003834182,0.9887488013141504,0.5029585798816568,0.08608732190557188,0.017345515654577655,0.048039484139618116,0.05049077389992255
season,AUT,2013/14,market_devig,168,0.2074539539744181,0.30312479414392624,1.011661993039857,0.48214285714285715,0.05861323555378354,0.025085153599903667,0.08220650999445316,0.05530163304938013
season,AUT,2014/15,market_devig,185,0.22426784718525805,0.3203508537552877,1.062859546042034,0.4486486486486487,0.10999482692376751,0.01881177949050817,0.09719667712160689,0.07533442784529419
season,AUT,2015/16,market_devig,174,0.20760363714623517,0.2905693541703439,0.9821674701210763,0.5689655172413793,0.11740200602054505,0.03617688968427811,0.07932269370461642,0.07763386313647987
season,AUT,2016/17,market_devig,182,0.20892373969583194,0.2958544118308061,0.9904285809050095,0.5384615384615384,0.08966357669129513,0.04511968959325352,0.06493485997903509,0.0665727087545279
season,AUT,2017/18,market_devig,190,0.196307552918304,0.28566363259626426,0.957799463208886,0.5473684210526316,0.06365151158826185,0.05065931510960469,0.047143346089649096,0.05381805759583855
season,AUT,2018/19,market_devig,195,0.21074276548583656,0.29259568454512586,0.9823958699375153,0.5641025641025641,0.0675041487877274,0.04845513963009343,0.0974413902108989,0.07113355954290658
season,AUT,2019/20,market_devig,183,0.19732580924941104,0.2873311189896387,0.9666755557934562,0.546448087431694,0.08141550222717105,0.012517076896173512,0.08993620986698027,0.061289596330108276
season,AUT,2020/21,market_devig,193,0.19986736941744437,0.2920344961186788,0.9838054942199865,0.5284974093264249,0.07749613910670411,0.053378173754034336,0.0498091526219691,0.060227821827569174
season,AUT,2021/22,market_devig,205,0.19912004476994466,0.30662880304924905,1.0206850627586335,0.4878048780487805,0.08792731165508293,0.07063844524985678,0.05176407871839853,0.07010994520777941
season,AUT,2022/23,market_devig,194,0.18605745458535583,0.28114599661656886,0.9510766005676696,0.5412371134020618,0.09560332368612309,0.04949377487876957,0.05016163483577036,0.06508624446688767
season,AUT,2023/24,market_devig,186,0.20144655958493302,0.2981331007385601,0.9953369795389279,0.5,0.04767883807112446,0.015523312050753461,0.04629259683541137,0.0364982489857631
season,AUT,2024/25,market_devig,59,0.204608023440607,0.3168263640458943,1.0546413579824807,0.423728813559322,0.15182977047432653,0.08787490994984944,0.09364727653183044,0.11111731898533546
season,B1,2000/01,market_devig,305,0.18814839665516447,0.2787043032747713,0.9391634193785341,0.5737704918032787,0.05734653990932253,0.02520336511959634,0.05690185015849197,0.04648391839580362
season,B1,2001/02,market_devig,226,0.19764812065393916,0.2957105629122894,0.9910475233412928,0.5221238938053098,0.046611695856385076,0.01817135111638327,0.04129803201733047,0.03536035966336627
season,B1,2002/03,market_devig,107,0.19254680955996675,0.27540381047206963,0.932054375797918,0.5981308411214953,0.07300071761338224,0.06197843332970419,0.05978687392714111,0.06492200829007584
season,B1,2003/04,market_devig,303,0.1948418591326627,0.2997585894688864,1.0021377694151181,0.47194719471947194,0.07516189890759259,0.05063856482862856,0.03180955177821985,0.052536671838146996
season,B1,2004/05,market_devig,162,0.19060444194773835,0.2639386011794103,0.905335794967147,0.5987654320987654,0.18043105496490475,0.08176252341450797,0.0408007628457484,0.10099811374172037
season,B1,2005/06,market_devig,302,0.20507622768878805,0.300484453198808,1.006041040742759,0.49337748344370863,0.0437630086765376,0.009512143860790722,0.04814141612598548,0.03380552288777127
season,B1,2006/07,market_devig,304,0.18758346942110615,0.28489899299231913,0.9624388478593534,0.5394736842105263,0.07854166501610547,0.021156280183209752,0.0757405206899701,0.058479488629761774
season,B1,2007/08,market_devig,306,0.19862943862015517,0.2948921468969662,0.987015038901998,0.5424836601307189,0.06481919180825169,0.003326804777613372,0.04765768817124118,0.038601228252368745
season,B1,2008/09,market_devig,306,0.20189568779709213,0.28675178185119254,0.9691180883402901,0.5392156862745098,0.04526762848449106,0.03855730111003907,0.04237523773917036,0.04206672244456683
season,B1,2009/10,market_devig,210,0.2043809930022668,0.29652070211091824,0.9948902295270324,0.5380952380952381,0.04034462977472425,0.017045464262453444,0.05738909219857675,0.038259728745251485
season,B1,2010/11,market_devig,240,0.19264293152547646,0.2875166706861813,0.9655330565699366,0.5375,0.055096890128656845,0.026291247280444817,0.058338291860499436,0.04657547642320037
season,B1,2011/12,market_devig,240,0.18982524272264883,0.2872776795432955,0.9664010684890502,0.5625,0.0677999546826229,0.02050517775566608,0.06418307374632488,0.05082940206153796
season,B1,2012/13,market_devig,240,0.2093389561238125,0.30017087499002676,1.0060695385749805,0.49166666666666664,0.059941657539578246,0.021120299186995796,0.0677832561012355,0.04961507094260318
season,B1,2013/14,market_devig,240,0.20268991976049905,0.2916799281057531,0.9827501627963938,0.5208333333333334,0.060069931991774336,0.012305667186777447,0.027796606179307556,0.03339073511928645
season,B1,2014/15,market_devig,240,0.1994888496178391,0.29285410515697236,0.9807260198015854,0.5208333333333334,0.05770663744307602,0.0037048962848150093,0.06317247375627183,0.04152800249472095
season,B1,2015/16,market_devig,240,0.2055441861621722,0.2965438703482653,0.9942583508140128,0.5208333333333334,0.08487219486546635,0.009896919565489768,0.033805223468585964,0.0428581126331807
season,B1,2016/17,market_devig,240,0.19654179689341333,0.2896167274632366,0.9729581833763622,0.5583333333333333,0.04395095780373772,0.017179212356068802,0.10374495690693682,0.05495837568891445
season,B1,2017/18,market_devig,240,0.20958320976522027,0.30880655721493905,1.0284670200421804,0.4625,0.06473879914508247,0.03079078913309741,0.05317615614482905,0.049568581474336314
season,B1,2018/19,market_devig,240,0.20092435062069952,0.29326066350460717,0.987942577721086,0.5583333333333333,0.04085290616602777,0.009652787484858476,0.07423560253358454,0.04158043206149026
season,B1,2019/20,market_devig,232,0.19051291105539303,0.2742472045206558,0.9320139404790039,0.5517241379310345,0.0695586413199592,0.016966468013874966,0.04066469562779711,0.0423966016538771
season,B1,2020/21,market_devig,306,0.22509977773393136,0.3139081694906915,1.0426737736958447,0.477124183006536,0.053958438918509447,0.03303162630565928,0.0543504576637823,0.04711350762931701
season,B1,2021/22,market_devig,306,0.20182355293364498,0.28807021825176693,0.9702064778374945,0.5294117647058824,0.058830249131549585,0.03751809397451573,0.04448390532168574,0.04694408280925035
season,B1,2022/23,market_devig,306,0.20134170823678293,0.28641785011899457,0.9669468939206759,0.5588235294117647,0.041822478252473594,0.021872173030615068,0.02065838926238988,0.02811768018182618
season,B1,2023/24,market_devig,312,0.1971356711962305,0.2924597272616148,0.9831805653427096,0.5416666666666666,0.07299369118922445,0.022478541770941284,0.05621336521347157,0.0505618660578791
season,B1,2024/25,market_devig,312,0.19533203477494382,0.29683912431259685,0.9963531584898362,0.5192307692307693,0.07468793281565296,0.03954288565265885,0.06502144356460227,0.05975075401097136
season,B1,2025/26,market_devig,311,0.21115416559363887,0.30536260207100124,1.0189163031954922,0.4694533762057878,0.06820179575533811,0.0031614743933284163,0.05280444438214441,0.04138923817693698
season,B1,2026/27,market_devig,36,0.18312130859227127,0.268886123452868,0.9162458117780152,0.6111111111111112,0.1436861899887276,0.0441705470328417,0.09143770387332262,0.09309814696496398
season,BRA,2011/12,market_devig,108,0.20388448815084934,0.2962470373932887,0.9935575006980474,0.5462962962962963,0.05309601384389509,0.017311959792686776,0.017894243070455246,0.029434072235679037
season,BRA,2012/13,market_devig,382,0.19907398239005095,0.2981872780744305,1.0011752733605461,0.49214659685863876,0.05773628003992366,0.017567592336115073,0.0396459367432662,0.03831660303976831
season,BRA,2013/14,market_devig,384,0.20538757547258224,0.307655049552553,1.0255604401131297,0.4921875,0.0310211633661264,0.026775048523389973,0.07208679957061452,0.043294337153376966
season,BRA,2014/15,market_devig,412,0.203270597733024,0.2930862749752596,0.9861340525475621,0.5339805825242718,0.06934297402343723,0.03897355765995407,0.04233712465592827,0.050217885446439854
season,BRA,2015/16,market_devig,391,0.19826881872586216,0.2881351651530411,0.9687233061434375,0.5524296675191815,0.07110856517591106,0.04161594053021178,0.032982938854551634,0.04856914818689149
season,BRA,2016/17,market_devig,362,0.2029430614396519,0.29679558183939486,0.9937525561244445,0.5248618784530387,0.07715269079934724,0.01690732834185408,0.03398290580562321,0.04268097498227485
season,BRA,2017/18,market_devig,395,0.21094725300769657,0.31386644082298554,1.043298681994703,0.46835443037974683,0.03768414335103095,0.023523097968395818,0.028480440890416618,0.029895894069947793
season,BRA,2018/19,market_devig,355,0.17968789029094365,0.2717680300665128,0.9211736595126575,0.5830985915492958,0.0889241398804577,0.032207408052958256,0.05866660337221023,0.0599327171018754
season,BRA,2019/20,market_devig,297,0.19494151472750623,0.2998976272678907,0.9982068627805778,0.4882154882154882,0.044931183934384646,0.0357787829647462,0.04329175560535401,0.04133390750149495
season,BRA,2020/21,market_devig,447,0.2104242545197692,0.31009078263674617,1.02931124760706,0.5033557046979866,0.06362074283689516,0.019847322417261705,0.05744193848800893,0.0469700012473886
season,BRA,2021/22,market_devig,425,0.19956266590219618,0.3051209418220373,1.0162285327143334,0.49176470588235294,0.03930221040237641,0.02591967970531519,0.04033493599487479,0.035185608700855464
season,BRA,2022/23,market_devig,374,0.20281874693467894,0.2931517340976462,0.9868157069959974,0.5240641711229946,0.059329653057049875,0.03662789984407836,0.0354942253780552,0.04381725942639447
season,BRA,2023/24,market_devig,381,0.2073281181923985,0.30720774580931826,1.0258767492834229,0.48556430446194226,0.0445800186974153,0.018398475676953678,0.027834097599987496,0.030270863991452155
season,BRA,2024/25,market_devig,136,0.20158050180099535,0.29014596655418845,0.9798130792934823,0.5441176470588235,0.07579527194080249,0.05169632005863635,0.05258458665882712,0.06002539288608865
season,CHN,2013/14,market_devig,113,0.1915890407832122,0.299683395225186,1.007550887111549,0.504424778761062,0.06747313240548157,0.07757228987508716,0.1151840413679764,0.08674315454951503
season,CHN,2014/15,market_devig,240,0.19925396438096818,0.29639489050261575,0.9938944036183947,0.49583333333333335,0.08395018628303576,0.024442625242173405,0.055787862679522474,0.054726891401577216
season,CHN,2015/16,market_devig,225,0.18776417641606766,0.28914542443648206,0.9668291718467967,0.5111111111111111,0.04935178472830789,0.034022965668932884,0.06401234056267538,0.049129030319972046
season,CHN,2016/17,market_devig,257,0.19531374955397582,0.28929696328246124,0.9706569303961672,0.5408560311284046,0.03903372486060382,0.04038484355010093,0.052111234616642584,0.04384326767578244
season,CHN,2017/18,market_devig,230,0.20440932913477491,0.29428767507057996,0.9868277879251333,0.508695652173913,0.06295556545554112,0.01303762248048464,0.05013548844980062,0.04204289212860879
season,CHN,2018/19,market_devig,256,0.17910354526295683,0.26239836353879264,0.9026757078729388,0.59765625,0.08486029553134468,0.03296287134044179,0.08060864790750445,0.06614393825976364
season,CHN,2019/20,market_devig,148,0.19111736716170444,0.27924113867579164,0.9440792447951238,0.5675675675675675,0.091324909939228,0.006980633349216874,0.08051492427123848,0.059606822519894444
season,CHN,2020/21,market_devig,177,0.1803547076613428,0.28265005540139715,0.9475076932684269,0.5480225988700564,0.08136034184685159,0.042682845920067984,0.08594527377309581,0.0699961538466718
season,CHN,2021/22,market_devig,228,0.17198324733876938,0.26380132352656166,0.8965597726474237,0.5833333333333334,0.07497200368572894,0.0446434442948341,0.09849561304610764,0.07270368700889022
season,CHN,2022/23,market_devig,320,0.16942304742161463,0.2502367810794718,0.8569486010153569,0.59375,0.0707401103070453,0.023233853351355832,0.056281392636346475,0.05008511876491587
season,CHN,2023/24,market_devig,252,0.16912710536026848,0.2595075003746325,0.8860094460064042,0.5674603174603174,0.0771170611290073,0.04974606481235458,0.04882209888210863,0.058561741607823514
season,CHN,2024/25,market_devig,92,0.18480180350046335,0.26147280506557935,0.8886387870167866,0.5978260869565217,0.11902657496587321,0.06119565827335254,0.11910266803706608,0.09977496709209728
season,D1,2000/01,market_devig,306,0.2129848980117323,0.30038649941354295,1.007974025345024,0.5326797385620915,0.06114371561104414,0.05435170621987648,0.02225503314391713,0.04591681832494592
season,D1,2001/02,market_devig,233,0.19754734998886392,0.2827450277845843,0.9535421102530762,0.5536480686695279,0.08933113233282741,0.07898734255969475,0.048254723001144834,0.07219106596455567
season,D1,2002/03,market_devig,288,0.21589568351918723,0.3117092363079783,1.036548785263667,0.5104166666666666,0.06858668921093145,0.02534726791590338,0.03196593503355635,0.0419666307201304
season,D1,2003/04,market_devig,194,0.20368712428427488,0.29240230871108025,0.9789871867644361,0.5309278350515464,0.06130455977725051,0.04064013554535405,0.08135341377038353,0.0610993696976627
season,D1,2004/05,market_devig,306,0.21300456016910202,0.2978528495897948,0.9977488213219474,0.5098039215686274,0.04938190062623072,0.05291496199810183,0.042721702539895046,0.0483395217214092
season,D1,2005/06,market_devig,306,0.19273763519335044,0.2999087136965142,1.002796448433544,0.5065359477124183,0.06303813522423264,0.057054616359785155,0.04274546386105968,0.05427940514835916
season,D1,2006/07,market_devig,306,0.2170446614442545,0.31259783912923284,1.0389013116387593,0.4869281045751634,0.061941020378008624,0.009573578192755804,0.07202775701536204,0.04784745186204215
season,D1,2007/08,market_devig,306,0.2057738003229028,0.3000406533365789,1.0057611027825453,0.5032679738562091,0.025116579513202345,0.012080295834334911,0.021555236565848287,0.019584037304461847
season,D1,2008/09,market_devig,306,0.20521815314163303,0.2960107481563356,0.993821986651835,0.5326797385620915,0.046794681309561714,0.018354826388166063,0.034114126500643306,0.0330878780661237
season,D1,2009/10,market_devig,306,0.2068833778917087,0.3075107443909837,1.023746197244861,0.49673202614379086,0.05705800297591351,0.02454016036166554,0.0488246702560302,0.04347427786453641
season,D1,2010/11,market_devig,306,0.2288075970721776,0.31223363811937777,1.0405016338365645,0.48366013071895425,0.053270662801562264,0.05306880431979295,0.06332692261751661,0.056555463246290606
season,D1,2011/12,market_devig,306,0.20364918518393585,0.2979876068782064,0.9993812665746953,0.5098039215686274,0.026591458901689378,0.008621669660140803,0.03808118802551348,0.02443143886244789
season,D1,2012/13,market_devig,306,0.20126860733190963,0.29427317210698084,0.989225506010897,0.49673202614379086,0.06963038739708541,0.02448400738380966,0.0547465170727074,0.04962030395120082
season,D1,2013/14,market_devig,306,0.19647169690322688,0.27789660910829816,0.9399546200841659,0.5522875816993464,0.06040262106425085,0.03261505076209119,0.031178845333832923,0.04139883905339165
season,D1,2014/15,market_devig,306,0.20275247545028863,0.2991775896068733,1.0012228734279112,0.5130718954248366,0.059333894536863496,0.025297363554472,0.06380032022393863,0.04947719277175804
season,D1,2015/16,market_devig,306,0.20316688091307997,0.2902929008239959,0.9768494008670899,0.5326797385620915,0.06605589847097573,0.02766972379076614,0.05161801959372476,0.04844788061848888
season,D1,2016/17,market_devig,306,0.20605538729323275,0.29916368843334035,0.9969225550853307,0.5163398692810458,0.08798955944252573,0.03931489391720349,0.05980290699123195,0.06236912011698706
season,D1,2017/18,market_devig,306,0.20049285935845268,0.2981593557150952,0.9977042088879019,0.5,0.0768699439826826,0.024822994331660696,0.045787399142747987,0.04916011248569709
season,D1,2018/19,market_devig,306,0.19485435907684426,0.2855706775609803,0.9625018386506841,0.5424836601307189,0.029706109667551453,0.017774430732689552,0.028075358961731207,0.025185299787324072
season,D1,2019/20,market_devig,306,0.20243471804488178,0.28855632203750137,0.9696332756707444,0.5228758169934641,0.04981015828216873,0.017225956265228187,0.07582469032005618,0.04762026828915103
season,D1,2020/21,market_devig,306,0.19785360051862674,0.2934378786926172,0.9872609145922775,0.5163398692810458,0.06351821465619491,0.03529634220322189,0.05699759983675844,0.05193738556539174
season,D1,2021/22,market_devig,306,0.2049744508386762,0.2937645855129874,0.9888163374053269,0.5130718954248366,0.08221281287226058,0.014810305825818944,0.05057613873024974,0.049199752476109755
season,D1,2022/23,market_devig,306,0.20438326269466564,0.29724884451599154,0.9959418771351647,0.5294117647058824,0.07596933286522754,0.011600794964084003,0.045025017994990056,0.04419838194143386
season,D1,2023/24,market_devig,306,0.18469780330903102,0.27999966221892003,0.9469881851356313,0.5424836601307189,0.03691633165998921,0.048163341997515326,0.05664448592971492,0.04724138652907315
season,D1,2024/25,market_devig,306,0.20099099179991944,0.29537002658979067,0.988605762635667,0.5196078431372549,0.07666306253196481,0.023178747243363336,0.05530070394508018,0.05171417124013611
season,D1,2025/26,market_devig,306,0.1903568765540349,0.28107247397318974,0.9513731562857879,0.5490196078431373,0.07657183224291321,0.02288877575467368,0.0533474330774685,0.05093601369168513
season,D1,2026/27,market_devig,9,0.1850512123558217,0.26588717185130434,0.9047027460040182,0.5555555555555556,0.4049005073473362,0.06713474170645978,0.2779683250452302,0.2500011913663421
season,D2,2000/01,market_devig,301,0.20909613737398308,0.30330373104133007,1.0111398081081389,0.5348837209302325,0.06372623197458997,0.03269767308442108,0.06035281273049001,0.052258905929833684
season,D2,2001/02,market_devig,230,0.19575219664815283,0.2900428084350935,0.973471973142087,0.5434782608695652,0.07888663775265964,0.01758415813452383,0.08772267953661375,0.06139782514126574
season,D2,2002/03,market_devig,142,0.21928532753532987,0.3159716570134195,1.0509987676002672,0.5,0.05794026138654723,0.010817634007450116,0.032146093272409255,0.0336346628888022
season,D2,2003/04,market_devig,15,0.27617424929346,0.35836352786538356,1.186872586739054,0.3333333333333333,0.20880433297636566,0.07234768475936887,0.29228045086789095,0.19114415620120848
season,D2,2004/05,market_devig,268,0.20956235239699655,0.3021238314577229,1.0087029630523479,0.5074626865671642,0.07814004355806452,0.030145365170267585,0.05160243722351807,0.05329594865061673
season,D2,2005/06,market_devig,306,0.22604677368116496,0.3125893236891307,1.044286389807489,0.5065359477124183,0.0488006572680389,0.052131013809608905,0.08876552689501502,0.06323239932422094
season,D2,2006/07,market_devig,306,0.2094456763038008,0.31028406465752345,1.0344578061668213,0.47058823529411764,0.08262742493903572,0.010466899083650725,0.011236336409033163,0.034776886810573206
season,D2,2007/08,market_devig,306,0.2010196770876611,0.3089021283909493,1.0259689748769487,0.48366013071895425,0.032800313552295325,0.04696876421733677,0.04883800986295822,0.04286902921086344
season,D2,2008/09,market_devig,306,0.20731542039134387,0.30956873013811204,1.0277715392445195,0.4869281045751634,0.035419196827695267,0.015017677932200917,0.04233020277279241,0.030922359177562864
season,D2,2009/10,market_devig,306,0.21910194430837626,0.31027864343791645,1.032133674928416,0.5032679738562091,0.06661699714795195,0.04359536275124513,0.07025187084316466,0.06015474358078724
season,D2,2010/11,market_devig,306,0.20619364351938205,0.2939283423991289,0.9865789934559894,0.5424836601307189,0.07626716651987271,0.04275052979171534,0.070786908375451,0.06326820156234635
season,D2,2011/12,market_devig,306,0.20124226029712688,0.3046824999898198,1.0167461356458871,0.477124183006536,0.04013706242632268,0.03969062971127464,0.03735585815548908,0.0390611834310288
season,D2,2012/13,market_devig,306,0.20493645168639846,0.308542877835729,1.025062214196807,0.4869281045751634,0.04256408734815047,0.031465557671740974,0.029232629281678364,0.03442075810052327
season,D2,2013/14,market_devig,306,0.22252660604318533,0.32348588225583297,1.0742554547785936,0.434640522875817,0.04509798184664782,0.022464832572750865,0.05768292543459675,0.041748579951331806
season,D2,2014/15,market_devig,305,0.2159346427393179,0.32429062525275537,1.0705625023494407,0.42295081967213116,0.03265205852410116,0.046988153029352685,0.028700935636335287,0.03611371572992971
season,D2,2015/16,market_devig,306,0.21427665535748827,0.3151339255197401,1.0462344808153972,0.4738562091503268,0.04801336479961099,0.02315556338212381,0.02018616980958616,0.030451699330440323
season,D2,2016/17,market_devig,306,0.21130096734279707,0.3135306103292085,1.0429965162739399,0.4673202614379085,0.04799847327789424,0.021125904024475804,0.033455835599889024,0.03419340430075302
season,D2,2017/18,market_devig,306,0.22441245191353892,0.3280358694348848,1.0810655630901504,0.40522875816993464,0.04056792482552454,0.013665200619199177,0.04705573481501085,0.03376295341991153
season,D2,2018/19,market_devig,306,0.22424716875298834,0.326361773975116,1.0800041585445428,0.4117647058823529,0.03153173165901684,0.026319108820432712,0.02398688636111697,0.02727924228018884
season,D2,2019/20,market_devig,306,0.2173597643866653,0.3271517350782306,1.0808273939348503,0.434640522875817,0.0722013041764279,0.06282594796732661,0.061810021418342916,0.06561242452069914
season,D2,2020/21,market_devig,306,0.2207183410334121,0.31118298916455644,1.0353736208046986,0.48366013071895425,0.04410673723018724,0.031450641957868404,0.04916833028666846,0.0415752364915747
season,D2,2021/22,market_devig,306,0.21353876951129405,0.3152299015230282,1.0443710817547658,0.46078431372549017,0.046995994051691706,0.02432100053683229,0.07184293018210837,0.04771997492354413
season,D2,2022/23,market_devig,306,0.21533841911261767,0.30604125477606064,1.0218719904018458,0.5098039215686274,0.043424775596120235,0.021491971264132343,0.029723278293152886,0.031546675051135155
season,D2,2023/24,market_devig,306,0.218135738462158,0.3069198086959449,1.02366524718106,0.5196078431372549,0.062209513941969954,0.01480065910702798,0.04792527334712125,0.04164514879870639
season,D2,2024/25,market_devig,306,0.21770980287300676,0.3189552417925331,1.0572571351109394,0.4411764705882353,0.04692531642230466,0.042043779580903745,0.03906573849091927,0.042678278164709225
season,D2,2025/26,market_devig,306,0.21798106633098518,0.3096475759036086,1.0316534883934043,0.5032679738562091,0.06655316324124426,0.0237894738052391,0.02947002835625025,0.03993755513424454
season,D2,2026/27,market_devig,27,0.24188187259839822,0.3216051964731703,1.0627117089632538,0.4444444444444444,0.18123649937766556,0.07349148591448751,0.15630378719009172,0.13701059082741493
season,DEN,2011/12,market_devig,25,0.2289560223402528,0.30296153319730945,1.0091096444005747,0.48,0.14348280532183025,0.11329233534051356,0.22984371700846198,0.16220628589026861
season,DEN,2012/13,market_devig,183,0.21715620786156503,0.3161271234819286,1.0464952531289522,0.4808743169398907,0.03909662312214107,0.012161967531892009,0.0520021691934218,0.034420253282484964
season,DEN,2013/14,market_devig,188,0.21503099246003718,0.3247552632302044,1.068144753673592,0.40425531914893614,0.06702513557214926,0.04623092299031655,0.036126674740477774,0.04979424443431454
season,DEN,2014/15,market_devig,195,0.20435334158095894,0.29569276001095385,0.9961479477734296,0.5282051282051282,0.11622141362223437,0.023427184858724685,0.02798632197084904,0.05587830681726937
season,DEN,2015/16,market_devig,206,0.21790784664951515,0.30167852421688596,1.0095211912764421,0.5242718446601942,0.0650465443889861,0.05819831308725892,0.05047752898489258,0.057907462153712536
season,DEN,2016/17,market_devig,251,0.20377379912516538,0.3037006361967223,1.0121098273581548,0.4701195219123506,0.03535508826019518,0.04346671959060444,0.06198970161878905,0.04693716982319623
season,DEN,2017/18,market_devig,261,0.19169809434737248,0.2861924663433385,0.9634905639734221,0.5363984674329502,0.041433641883262345,0.01606118393871234,0.05223310127198698,0.03657597569798722
season,DEN,2018/19,market_devig,251,0.2090258540704943,0.2969554970690248,0.9982298800937899,0.5139442231075697,0.04023379493362926,0.04023704291026827,0.06417214602799017,0.04821432795729589
season,DEN,2019/20,market_devig,211,0.19986912410103222,0.2909585260580123,0.979313051473091,0.5687203791469194,0.10524714547141911,0.017788034931666363,0.048528228883235734,0.05718780309544041
season,DEN,2020/21,market_devig,208,0.20474745502764302,0.30517059429701504,1.0211066052706288,0.5096153846153846,0.09127975638771661,0.026700034868766435,0.06458270992524165,0.06085416706057489
season,DEN,2021/22,market_devig,204,0.2089579785006399,0.3013114442420333,1.0075254811476808,0.5049019607843137,0.06790945339165261,0.017095484406719066,0.06653509204373843,0.05051334328070337
season,DEN,2022/23,market_devig,202,0.2044856953139451,0.315090471942136,1.048667675571951,0.4504950495049505,0.08808902164302401,0.07098895263163314,0.06835425458529233,0.07581074295331648
season,DEN,2023/24,market_devig,181,0.20978276972361198,0.3051021024811988,1.0193362506698935,0.5027624309392266,0.05824330399460495,0.00806845998943684,0.03820844454878826,0.03484006951094335
season,DEN,2024/25,market_devig,68,0.18712159588318486,0.28135707480777006,0.9456988036845297,0.5735294117647058,0.09989939906066382,0.0400695585299653,0.09933971366813879,0.07976955708625597
season,E0,2000/01,market_devig,380,0.202414024796144,0.29913935769864375,1.0023697069868058,0.4921052631578947,0.04301663205145362,0.007434971042150034,0.03733829444806137,0.029263299180555008
season,E0,2001/02,market_devig,297,0.1979576846029064,0.2927566530282371,0.9849895985515553,0.5286195286195287,0.09759539191599552,0.005675898516739005,0.05075913996341031,0.05134347679871495
season,E0,2002/03,market_devig,380,0.20305275946732818,0.29314074788944045,0.9849591839957471,0.5236842105263158,0.06079798896745943,0.03156977492594583,0.020854880027568846,0.03774088130699137
season,E0,2003/04,market_devig,335,0.201561278846389,0.30057412207759104,1.0058389261499077,0.5014925373134328,0.03190419618989304,0.02406158276100725,0.05953471704307248,0.038500165331324256
season,E0,2004/05,market_devig,335,0.19388006128693935,0.2968352752775707,0.9863581757132338,0.5164179104477612,0.020254814132400017,0.019227680379975406,0.05378457531588985,0.031089023276088423
season,E0,2005/06,market_devig,380,0.19496514719821093,0.27769533753423276,0.9373150359202946,0.5710526315789474,0.0694532300966145,0.06246249669402956,0.04511914245154064,0.059011623080728236
season,E0,2006/07,market_devig,380,0.1955792167192597,0.29053369507576343,0.9733659079840081,0.5236842105263158,0.03526458986473142,0.01141098215513487,0.04777289736960166,0.03148282312982265
season,E0,2007/08,market_devig,380,0.1769648479591673,0.2724815338394515,0.920301992770993,0.5789473684210527,0.07300337600915068,0.005645189405830912,0.05385898185928432,0.044169182424755295
season,E0,2008/09,market_devig,380,0.1915164815795832,0.28605706503215017,0.9585555256017343,0.5394736842105263,0.040233084813361644,0.011826902895178034,0.07850708477333368,0.04352235749395778
season,E0,2009/10,market_devig,380,0.18244744653319436,0.2743488651381966,0.9264759475445614,0.5552631578947368,0.055407147371097934,0.022023035773015634,0.06143296759602347,0.04628771691337902
season,E0,2010/11,market_devig,380,0.20033388197319577,0.30332190952284405,1.01138958115378,0.5078947368421053,0.05420086456206506,0.04531779443969084,0.06970860435417159,0.05640908778530917
season,E0,2011/12,market_devig,380,0.20130441250109027,0.29254104803387787,0.9837476660162088,0.5210526315789473,0.048654984325264286,0.006223753339296762,0.023443502553976227,0.02610741340617909
season,E0,2012/13,market_devig,380,0.1871392204079039,0.286260445006839,0.9641119635237138,0.531578947368421,0.05459515989899871,0.06091047486711322,0.019153401093931682,0.04488634528668121
season,E0,2013/14,market_devig,380,0.19181494781292166,0.2726586290151345,0.9307976033925935,0.6,0.05527260991232903,0.04246150361221644,0.05973168813703521,0.05248860055386023
season,E0,2014/15,market_devig,380,0.1969329309728893,0.2871522295048351,0.9708414326491144,0.5368421052631579,0.05507234360581342,0.0121294656426952,0.023997465770601592,0.030399758339703403
season,E0,2015/16,market_devig,380,0.2098221099353308,0.31019780839490313,1.0352389356424196,0.47368421052631576,0.05562452215842134,0.03866867084155133,0.041357164913965835,0.04521678597131284
season,E0,2016/17,market_devig,380,0.18095142769313916,0.2661102482891262,0.9065197975628163,0.6105263157894737,0.05649576571975872,0.04724124629590861,0.0594487993232958,0.05439527044632105
season,E0,2017/18,market_devig,380,0.18618605605096225,0.27997516296710745,0.945462931368537,0.5526315789473685,0.043123147425222816,0.021153238394667272,0.03850987814386134,0.03426208798791714
season,E0,2018/19,market_devig,380,0.18568416590302292,0.2610532781861088,0.8929010772547757,0.5868421052631579,0.0564280177932278,0.048815918185082206,0.03922722764401718,0.04815705454077573
season,E0,2019/20,market_devig,314,0.19859035335144526,0.28847950044815324,0.9771017136365133,0.5254777070063694,0.03819327750337036,0.04422411283199893,0.051646333961334806,0.044687908098901365
season,E0,2020/21,market_devig,446,0.21109888056594112,0.2961204020478926,0.9963570935025263,0.5224215246636771,0.06313379080199552,0.040160050881933154,0.06798481196689747,0.057092884550275384
season,E0,2021/22,market_devig,380,0.1889705971922457,0.2768429801501804,0.9359714254015704,0.5789473684210527,0.05185365866157786,0.0139406839220719,0.04213598011874989,0.035976774234133216
season,E0,2022/23,market_devig,380,0.1991190819343927,0.2868370178285389,0.9658011480552077,0.5605263157894737,0.08174500275577268,0.036112981006729834,0.039665826749817376,0.05250793683743996
season,E0,2023/24,market_devig,380,0.18379008384450132,0.2665590105315569,0.9092502625018826,0.5894736842105263,0.037578680314775556,0.011611889775492651,0.052152618519775665,0.03378106287001462
season,E0,2024/25,market_devig,380,0.1973850987933401,0.2894493019686829,0.9705521250110707,0.5421052631578948,0.05745743935815464,0.016784443066548062,0.05057578507436551,0.04160588916635607
season,E0,2025/26,market_devig,380,0.20574653794193815,0.3057561038606689,1.018547433594444,0.48947368421052634,0.04177499678619316,0.030971697949184335,0.05389397702620974,0.04221355725386241
season,E0,2026/27,market_devig,20,0.20808211520291517,0.28759977519382707,0.9755508967573017,0.55,0.1500273207779099,0.04401572194828914,0.08708822626645038,0.0937104229975498
season,E1,2000/01,market_devig,528,0.2141034717381567,0.3117115678507978,1.0352352724737057,0.4659090909090909,0.031174416680408892,0.010357709118266136,0.02786348399315847,0.023131869930611167
season,E1,2001/02,market_devig,414,0.21000101373958718,0.3067172656646325,1.0215542796870773,0.47342995169082125,0.024532442291620552,0.00578486186897466,0.013471568121672113,0.014596290760755776
season,E1,2002/03,market_devig,515,0.2164446929221518,0.31332791719608943,1.0406830793812223,0.47184466019417476,0.0369275543197258,0.008619613695766304,0.02346550377250571,0.023004223929332605
season,E1,2003/04,market_devig,551,0.2152954165793865,0.3119031464073532,1.0382601966272054,0.4954627949183303,0.031366139479640336,0.00684952951962452,0.020701598801729927,0.01963908926699826
season,E1,2004/05,market_devig,392,0.2146152018060314,0.3192346383119786,1.0577681692974312,0.45153061224489793,0.04547836158652723,0.023323002943036353,0.02625878793788302,0.03168671748914887
season,E1,2005/06,market_devig,552,0.20886913721034178,0.3170817463795977,1.0503528106750992,0.45652173913043476,0.04092113748566425,0.039332650575778866,0.025925054927788096,0.03539294766307707
season,E1,2006/07,market_devig,552,0.2237234646067257,0.3118326280718803,1.0370192367256816,0.47644927536231885,0.04748957673320313,0.05279604613972774,0.0245268484512508,0.041604157108060556
season,E1,2007/08,market_devig,552,0.21831215535688814,0.32574996568699366,1.0762247538675824,0.4311594202898551,0.03454975455285285,0.033045686404099696,0.036390646660446925,0.034662029205799826
season,E1,2008/09,market_devig,552,0.21522452265382183,0.3187127982446835,1.0574338663018317,0.4438405797101449,0.01903777741982505,0.01558293981735534,0.008710466505039295,0.014443727914073229
season,E1,2009/10,market_devig,552,0.20711491694518766,0.3103335951996625,1.0326876799223559,0.47282608695652173,0.04732972437509647,0.0167249124361052,0.04412415368460504,0.03605959683193557
season,E1,2010/11,market_devig,552,0.21594890066618835,0.31447345721405134,1.0438346590990646,0.46557971014492755,0.0460320220909073,0.007171483791686387,0.023995279916606434,0.025732928599733376
season,E1,2011/12,market_devig,552,0.21752855592220424,0.31633777278336467,1.0487761005466425,0.46195652173913043,0.036318053049034495,0.0041772669739978275,0.026370958534590306,0.022288759519207543
season,E1,2012/13,market_devig,551,0.22703719229279637,0.32387139346633537,1.0735416340222448,0.4319419237749546,0.039160606103005445,0.013742179486526163,0.03192163539319598,0.02827480699424253
season,E1,2013/14,market_devig,552,0.20989317402571306,0.3111318036792654,1.0349784957149315,0.4673913043478261,0.04186204139421907,0.020743200471202327,0.031077328229342074,0.031227523364921156
season,E1,2014/15,market_devig,552,0.21200723251875353,0.3137931907040681,1.0412367227782013,0.4601449275362319,0.05793259925901035,0.01955051322926559,0.05968197404748969,0.04572169551192188
season,E1,2015/16,market_devig,552,0.20680971639800128,0.31397409345930544,1.0423268895967288,0.4365942028985507,0.051889844554001134,0.038405204716034765,0.03340336137035045,0.04123280354679545
season,E1,2016/17,market_devig,552,0.21193056178095743,0.30188585440443244,1.0104601435242855,0.5126811594202898,0.0532067668830222,0.039213792868795005,0.017726005803967503,0.03671552185192824
season,E1,2017/18,market_devig,552,0.21113873342890666,0.3097970429324576,1.0288769956922204,0.47101449275362317,0.059396364604933166,0.01662963951645986,0.04034269230691757,0.03878956547610354
season,E1,2018/19,market_devig,551,0.20474409745938715,0.30823793441791986,1.0255478889058187,0.4664246823956443,0.038262235294015165,0.023172701471830537,0.03785115599850011,0.03309536425478194
season,E1,2019/20,market_devig,475,0.22072696850980994,0.32067115689689757,1.0631674810261253,0.4442105263157895,0.0239850125552463,0.00733290949223774,0.019350474746512136,0.016889465597998726
season,E1,2020/21,market_devig,629,0.21731788143856245,0.31049162151690163,1.034579579948579,0.4753577106518283,0.051208368301877645,0.034417068221132475,0.034740213509463186,0.04012188334415777
season,E1,2021/22,market_devig,552,0.2164092443859876,0.3102502789649661,1.0338570687586854,0.4963768115942029,0.02862094149330457,0.03798100637692951,0.019433386039242884,0.028678444636492325
season,E1,2022/23,market_devig,552,0.21997878014346414,0.3189432804288803,1.0565140780224782,0.45108695652173914,0.02325042198700276,0.0072931849787265645,0.02796039687450003,0.019501334613409787
season,E1,2023/24,market_devig,552,0.2145011415918276,0.30345293049381533,1.0145368461285582,0.48188405797101447,0.044361465567940135,0.03130459766235665,0.041627247136567694,0.03909777012228816
season,E1,2024/25,market_devig,550,0.20794006653552247,0.3094592738154626,1.0287511286960498,0.4781818181818182,0.04585610515204105,0.02057084952846217,0.04510455567821798,0.03717717011957373
season,E1,2025/26,market_devig,552,0.21654416092302484,0.31427009172845943,1.0415542794959176,0.46195652173913043,0.034537161465695014,0.00666965952876609,0.046001319968925404,0.029069380321128834
season,E1,2026/27,market_devig,48,0.22187169931234438,0.3306697441190087,1.0927342845203105,0.3541666666666667,0.13285675976851902,0.0644627231693775,0.07153036518752012,0.08961661604180556
season,E2,2000/01,market_devig,496,0.2093305967908092,0.3082271493378843,1.029842314436978,0.5,0.03523019005730478,0.008642301031752661,0.037332065651504355,0.027068185580187264
season,E2,2001/02,market_devig,402,0.20674584084958322,0.30923908154838947,1.0267260769796376,0.5,0.034745048992800925,0.017091367462401908,0.025540676231938026,0.02579236422904695
season,E2,2002/03,market_devig,345,0.21439172366675735,0.3123013515826586,1.0369019601470355,0.45507246376811594,0.04981867387124833,0.00733628139360216,0.04850234189426635,0.035219099053038945
season,E2,2003/04,market_devig,504,0.2119491863124445,0.31824129438081217,1.0520839712105454,0.43452380952380953,0.018086589329809104,0.03388173727739595,0.035245997545076325,0.02907144138409379
season,E2,2004/05,market_devig,376,0.2105129377811246,0.312978681237707,1.0397840985448528,0.4654255319148936,0.0412584857834785,0.016228520267681068,0.029858958347079044,0.029115321466079536
season,E2,2005/06,market_devig,552,0.22098872722344132,0.32963631752966227,1.086534622598768,0.41304347826086957,0.047199979653281425,0.04057493341637106,0.044410809899572176,0.04406190765640822
season,E2,2006/07,market_devig,552,0.22133290709313377,0.315499183003797,1.0498459762333294,0.4583333333333333,0.0394308053620791,0.02375487504975754,0.021587807477612776,0.02825782929648314
season,E2,2007/08,market_devig,552,0.21575105808199607,0.3100690570752342,1.0340056716275274,0.48731884057971014,0.03543076087474673,0.018299062246404,0.02438851826050674,0.026039447127219156
season,E2,2008/09,market_devig,552,0.21931010308632118,0.3130018324491875,1.0399840419509578,0.4601449275362319,0.02179143043694958,0.027839712311717342,0.04226694457312824,0.030632695773931722
season,E2,2009/10,market_devig,552,0.20020184201061167,0.29958625951274076,0.9997393615103803,0.5144927536231884,0.04682003349610403,0.011244253180582734,0.05034576718802846,0.03613668462157174
season,E2,2010/11,market_devig,552,0.2203181561029418,0.3136546359059467,1.0422086820044636,0.463768115942029,0.028341423643929047,0.02617049615343449,0.02128547140953036,0.025265797068964632
season,E2,2011/12,market_devig,552,0.20834477509483468,0.31314620701085527,1.0400573205802508,0.4673913043478261,0.04132294918510986,0.02897403627948674,0.03246532456309415,0.03425410334256359
season,E2,2012/13,market_devig,552,0.22269616310852616,0.3217012702059535,1.0641510541910777,0.447463768115942,0.02453008360326174,0.003458448554006649,0.032294548756733384,0.02009436030466726
season,E2,2013/14,market_devig,552,0.21189032706164448,0.3069358388124977,1.0231058891210942,0.4891304347826087,0.03193108419594359,0.012831365847526541,0.031779172807783695,0.025513874283751275
season,E2,2014/15,market_devig,551,0.22219817810149156,0.3192345395418937,1.0589121611285706,0.44101633393829404,0.0422047562056143,0.0067088343045546015,0.042306869089988354,0.030406819866719087
season,E2,2015/16,market_devig,552,0.2204070706155973,0.31463649916703434,1.044600709302555,0.4782608695652174,0.060521495869072094,0.029129850717757404,0.031025123011833827,0.040225489866221105
season,E2,2016/17,market_devig,552,0.21030167059295146,0.31047668947474855,1.0326586944466427,0.463768115942029,0.0299877505703182,0.00875605579408489,0.044189251415348636,0.027644352593250574
season,E2,2017/18,market_devig,552,0.21884797083730487,0.31789465916953036,1.0529084954724495,0.47282608695652173,0.044394310798493306,0.004748344274786635,0.01848833995055427,0.022543665007944736
season,E2,2018/19,market_devig,551,0.21540376335376485,0.31307193225833635,1.0396280129030615,0.4627949183303085,0.05275436713588318,0.013027369507964,0.048270342310361695,0.03801735965140296
season,E2,2019/20,market_devig,399,0.2021400854962042,0.3019094978415957,1.0077597879419644,0.49874686716791977,0.038735832843014566,0.014970022468556669,0.06163034163503008,0.038445398982200445
season,E2,2020/21,market_devig,552,0.22216083827754496,0.31379251998960445,1.0431524192209678,0.483695652173913,0.014421621690603579,0.03373091016963929,0.03912148015262341,0.029091337337622092
season,E2,2021/22,market_devig,552,0.2022135045124051,0.2978643330105381,0.9999779736107183,0.5126811594202898,0.052342178437177304,0.011479973048832286,0.05232349916638027,0.038715216884129953
season,E2,2022/23,market_devig,552,0.20647941185601884,0.3011849015835292,1.0054725335909713,0.5126811594202898,0.024982845805739135,0.012281141063000756,0.020109190588974073,0.019124392485904654
season,E2,2023/24,market_devig,552,0.21529097502436886,0.3077769159734516,1.0261835677691096,0.49094202898550726,0.025361687584432625,0.02322833750050917,0.029212648331017454,0.025934224471986417
season,E2,2024/25,market_devig,549,0.2120882521146513,0.303850311352654,1.01358591592538,0.5081967213114754,0.049473931241474034,0.027742267590355123,0.044378969093667876,0.04053172264183235
season,E2,2025/26,market_devig,552,0.21143120791540693,0.30483965924934286,1.0188450943720488,0.5036231884057971,0.03960322034449407,0.013534200202041288,0.02383282509134376,0.025656748545959705
season,E2,2026/27,market_devig,47,0.21947332130256747,0.32260473488829144,1.0725259644576042,0.425531914893617,0.0935558019659966,0.027865189938551416,0.054516488372701497,0.05864582675908317
season,E3,2000/01,market_devig,53,0.19737787991626882,0.2930042575299483,0.9932144733027454,0.5471698113207547,0.1648671906145484,0.008816704100561013,0.18323982137554123,0.11897457203021689
season,E3,2001/02,market_devig,397,0.2095002409611188,0.30312908675126066,1.011703670634022,0.5113350125944585,0.041529331472810925,0.019033893184802177,0.03045450939050137,0.030339244682704825
season,E3,2002/03,market_devig,328,0.21976817091069215,0.32516464665546674,1.0732823597417722,0.4146341463414634,0.04116232584098185,0.026611818112661223,0.025230267804560013,0.031001470586067698
season,E3,2003/04,market_devig,472,0.21370496642035594,0.311716040519197,1.035473773795278,0.4745762711864407,0.018851948363448473,0.002492963373526245,0.03550485594762014,0.018949922561531617
season,E3,2004/05,market_devig,440,0.21650645038089464,0.3217826282757186,1.0643171241615217,0.425,0.06678981302188983,0.030501791739030806,0.03882951853004602,0.04537370776365555
season,E3,2005/06,market_devig,552,0.21981534660571392,0.33031998445385896,1.0895472801083916,0.41304347826086957,0.04030550244486708,0.05024023783658504,0.023755173187653297,0.03810030448970181
season,E3,2006/07,market_devig,552,0.2185105860621606,0.3138998636974239,1.0430991994951777,0.4601449275362319,0.044499489086008225,0.016260595853101023,0.020067836631773684,0.026942640523627645
season,E3,2007/08,market_devig,552,0.22805112317471168,0.31786121393358296,1.0549484358697938,0.4692028985507246,0.04796317035277264,0.04002927088830424,0.08648016733815568,0.05815753619307753
season,E3,2008/09,market_devig,552,0.21678368801993586,0.3211153438907207,1.0642624371175025,0.42934782608695654,0.03309275525024437,0.023594456006080726,0.017327874218264726,0.024671695158196606
season,E3,2009/10,market_devig,552,0.2231473097243681,0.3185116715798759,1.0564428235440313,0.4583333333333333,0.03854147198602327,0.017728303790524248,0.03403226640873119,0.030100680728426237
season,E3,2010/11,market_devig,552,0.21740169510149754,0.32356300640874547,1.0713533117235279,0.43478260869565216,0.029227956496450432,0.028204113877608936,0.011005613049120531,0.022812561141059968
season,E3,2011/12,market_devig,552,0.21638929820629402,0.31089419284526676,1.033265592825192,0.48731884057971014,0.03778089084776126,0.019412187115784,0.02285142409874036,0.02668150068742854
season,E3,2012/13,market_devig,551,0.22629495541552078,0.32480019114317826,1.0760272653683927,0.42286751361161523,0.022764886039711246,0.0011705028037845985,0.032960618500649234,0.018965335781381692
season,E3,2013/14,market_devig,552,0.21997056787009547,0.32792334632093073,1.0826385227070807,0.39492753623188404,0.054355104990923,0.03296466218749719,0.020959315458106857,0.03609302754550902
season,E3,2014/15,market_devig,552,0.21962747884981323,0.3136478658618176,1.0440031800682765,0.48731884057971014,0.027519795536130612,0.02733620599135092,0.022049697028441905,0.02563523285197448
season,E3,2015/16,market_devig,552,0.218697780112816,0.31379864273757824,1.0427357948357583,0.463768115942029,0.037132031765321025,0.01523719527229942,0.04373681140017908,0.032035346145933175
season,E3,2016/17,market_devig,552,0.22081793730037855,0.3165137847108228,1.0512616355700573,0.4438405797101449,0.03323052651192337,0.020047981137046353,0.037040063508381814,0.030106190385783844
season,E3,2017/18,market_devig,552,0.21617183039414928,0.31196801727808443,1.037260531685468,0.4746376811594203,0.05309666047716151,0.028126205510144095,0.03807847124056162,0.039767112409289075
season,E3,2018/19,market_devig,552,0.21819087398560721,0.3160749901445341,1.049251636643466,0.46195652173913043,0.036474074489420395,0.004992680523093146,0.02461566471352693,0.022027473242013488
season,E3,2019/20,market_devig,436,0.21398156285481443,0.317646473309462,1.0548024734677606,0.4541284403669725,0.030850273706479726,0.01837603636673215,0.03981134796652429,0.02967921934657872
season,E3,2020/21,market_devig,552,0.22381104637927027,0.3230304680513773,1.0688008581468487,0.4438405797101449,0.034816194436548834,0.02194094164063581,0.03486964500733267,0.03054226036150577
season,E3,2021/22,market_devig,552,0.21550368473523923,0.3149600026654671,1.046517318890575,0.45652173913043476,0.045381814876760386,0.014018215534497794,0.030458879254149956,0.029952969888469377
season,E3,2022/23,market_devig,551,0.2151695053936353,0.31819118522781714,1.0538575770262093,0.4482758620689655,0.015919807481972657,0.009446577222041841,0.03468676987540245,0.020017718193138984
season,E3,2023/24,market_devig,552,0.22490798741619944,0.3157688785709214,1.047825901186452,0.463768115942029,0.04205034438296023,0.03092852986464384,0.03327566589145785,0.03541818004635398
season,E3,2024/25,market_devig,548,0.2170629997011483,0.31908961701862737,1.0575771310566147,0.45072992700729925,0.039248396821793645,0.017900420565945565,0.035381040300524226,0.030843285896087813
season,E3,2025/26,market_devig,552,0.21308528102698934,0.30683465603426896,1.0218218486872066,0.5036231884057971,0.03084188434196418,0.02239215516534379,0.04611638077990614,0.0331168067624047
season,E3,2026/27,market_devig,48,0.2064990332674026,0.32894741044657144,1.0827502271505418,0.3958333333333333,0.09775108496946133,0.10551619521961347,0.16076068435825425,0.12134265484910968
season,EC,2011/12,market_devig,516,0.21177639580557994,0.30753647908958603,1.0250438658885628,0.4903100775193798,0.04951898021848271,0.004601557670364866,0.03725392047495164,0.03045815278793307
season,EC,2012/13,market_devig,552,0.22228266541781583,0.31651503702725386,1.051768122581349,0.4673913043478261,0.050566134354287,0.008692837149597244,0.03357939842287915,0.03094612330892113
season,EC,2013/14,market_devig,552,0.20852231907862068,0.2987730669799145,1.0005872306401573,0.5217391304347826,0.06283931013298513,0.023513614365463485,0.04661434269661788,0.044322422398355495
season,EC,2014/15,market_devig,552,0.2130089140745282,0.3059285307327684,1.0218174940889997,0.48731884057971014,0.03043826567259715,0.008966179525183861,0.030253901190056224,0.023219448795945744
season,EC,2015/16,market_devig,552,0.21471147022455797,0.3090111151626659,1.0307287546073904,0.47644927536231885,0.0357622816491346,0.005418738265976575,0.022513198286144037,0.021231406067085068
season,EC,2016/17,market_devig,552,0.21640912616019436,0.30541366380590784,1.0202822392800064,0.4945652173913043,0.04074538532688554,0.03367012342258177,0.04929535427654857,0.0412369543420053
season,EC,2017/18,market_devig,552,0.21424210797967455,0.31774412617814995,1.0550588688687987,0.4365942028985507,0.04702713732474787,0.03329779170465293,0.0239956106974663,0.034773513242289035
season,EC,2018/19,market_devig,552,0.22072967570374197,0.3167428170771145,1.0521398099670258,0.45471014492753625,0.03775952436742928,0.007929230546956077,0.06298206222349188,0.03622360571262575
season,EC,2019/20,market_devig,451,0.22987121424776902,0.32954679496733885,1.0879926408132765,0.4035476718403548,0.038289922964630865,0.0037222966144742865,0.037260280964970506,0.02642416684802522
season,EC,2020/21,market_devig,476,0.2123551827691908,0.29913868554007667,1.0008621058829712,0.5441176470588235,0.04581628599173358,0.0600942380332414,0.0375614022671122,0.04782397543069572
season,EC,2021/22,market_devig,506,0.20149099313428348,0.28932565625496526,0.9736223053132768,0.5375494071146245,0.02732758445202702,0.028357759035896185,0.0575316083469308,0.037738983944951336
season,EC,2022/23,market_devig,552,0.20162687753428352,0.29602452444986405,0.9922322885048985,0.5090579710144928,0.04225711361607348,0.01738309660864009,0.03578806115653277,0.031809423793748785
season,EC,2023/24,market_devig,551,0.22404706884478415,0.31840139412106633,1.0553266565925992,0.4482758620689655,0.053135614345561494,0.004160842635449325,0.04265920405180209,0.0333185536776043
season,EC,2024/25,market_devig,180,0.20849169994965722,0.3063462246323744,1.0224003775003765,0.45555555555555555,0.06856110037886766,0.024396790993782377,0.027809583883092674,0.040255825085247575
season,EC,2025/26,market_devig,540,0.20608197792147087,0.2941166894257333,0.9878003814626761,0.5333333333333333,0.032232575028474694,0.020810166668719175,0.04019994566921372,0.03108089578880253
season,EC,2026/27,market_devig,60,0.23573937925487287,0.3083414611854476,1.0272840382523618,0.5166666666666667,0.14254074959514113,0.0827102095466685,0.14451867224015313,0.12325654379398758
season,F1,2000/01,market_devig,304,0.21275941027294512,0.31288077528991814,1.0400717258787135,0.48026315789473684,0.039882220569822144,0.014337127059808961,0.0352033766850238,0.029807574771551635
season,F1,2001/02,market_devig,223,0.20267011164100968,0.3009486504790746,1.0033197090941062,0.5426008968609866,0.08775161717629042,0.024490989794329242,0.06021137750500413,0.057484661491874596
season,F1,2002/03,market_devig,190,0.2029303698939759,0.308651150067443,1.0265837263664992,0.49473684210526314,0.042556052854001054,0.026743505478052387,0.03587027501218876,0.0350566111147474
season,F1,2003/04,market_devig,223,0.2056499493461689,0.30678805578288215,1.0248303341877014,0.5201793721973094,0.08396888690448968,0.017329575995603568,0.09176218033545505,0.06435354774518277
season,F1,2004/05,market_devig,380,0.1958360416289545,0.31054817724900585,1.0291055265222804,0.46578947368421053,0.041729821558460715,0.05473435052225401,0.07393062006599516,0.05679826404890329
season,F1,2005/06,market_devig,380,0.20182853256878094,0.30823155733826824,1.0247855417263534,0.4710526315789474,0.01859945749983104,0.03267308935423619,0.029981322703469787,0.027084623185845674
season,F1,2006/07,market_devig,380,0.20736544966008047,0.3136098913703931,1.0438479950966275,0.48947368421052634,0.0540353141157721,0.0095308802141829,0.040506225841615,0.03469080672385667
season,F1,2007/08,market_devig,380,0.209098667340055,0.3153525448641722,1.044258842845741,0.4631578947368421,0.0422271385659597,0.02088212297783215,0.016096711734266248,0.02640199109268603
season,F1,2008/09,market_devig,380,0.20133134481705164,0.3047729223913982,1.0125481476595342,0.49473684210526314,0.054065558997100076,0.00979726263748516,0.04335496728156982,0.03573926297205168
season,F1,2009/10,market_devig,380,0.20623945817646952,0.3006028750764603,1.007649817890598,0.5078947368421053,0.034687252647063876,0.04382927814291323,0.07417415987118652,0.050896896887054545
season,F1,2010/11,market_devig,380,0.20036095075658925,0.31407773928459504,1.0367545002783782,0.45,0.058872686635145874,0.05590854447519556,0.02365402871897924,0.04614508660977356
season,F1,2011/12,market_devig,380,0.19998237093030313,0.3010177056618167,1.00456727288671,0.5131578947368421,0.047921412623450094,0.010122129757466873,0.04512782553972528,0.03439045597354742
season,F1,2012/13,market_devig,380,0.2034724000100941,0.30505572441108486,1.0153966908715024,0.5157894736842106,0.054112915856056674,0.01805371848100796,0.0383122345322048,0.036826289623089814
season,F1,2013/14,market_devig,380,0.19057903387845518,0.290644881841242,0.9747895847452458,0.5236842105263158,0.03899842115128989,0.027400731238933156,0.048057402938135894,0.03815218510945298
season,F1,2014/15,market_devig,380,0.20402209274334418,0.293376933441038,0.9834963980422602,0.5447368421052632,0.049400456214304264,0.04412431697364662,0.03992498864240365,0.04448325394345151
season,F1,2015/16,market_devig,379,0.20476375448883136,0.30466046735105623,1.0155036801899635,0.49340369393139843,0.05272473934378635,0.015262908764010728,0.040687072890462764,0.03622490699941995
season,F1,2016/17,market_devig,380,0.19503963582839584,0.28573316012322203,0.9640275185830508,0.5421052631578948,0.07758626381074918,0.07618634588826015,0.045615960815406524,0.06646285683813861
season,F1,2017/18,market_devig,380,0.1904893838107149,0.28288592057857387,0.952757234870768,0.55,0.04407366395689888,0.004263418589206516,0.026426297501572136,0.024921126682559178
season,F1,2018/19,market_devig,380,0.20062937272954717,0.3012991550537269,1.0053572609637162,0.48947368421052634,0.06286138736870696,0.031173343607645614,0.05085578549034457,0.04829683882223238
season,F1,2019/20,market_devig,279,0.20269303700128408,0.2960664808176651,0.992207923970474,0.5268817204301075,0.05338391473847972,0.02281907441732336,0.05902013409454462,0.04507437441678256
season,F1,2020/21,market_devig,380,0.2058732768200113,0.29736388660549595,0.998894399277335,0.5105263157894737,0.06338277489790313,0.02263109950746459,0.07371856041019567,0.05324414493852112
season,F1,2021/22,market_devig,380,0.20190145713528326,0.2987225400647282,0.9992497086259577,0.5,0.027018506872540607,0.014239175701005776,0.0536801734847227,0.031645952019423024
season,F1,2022/23,market_devig,380,0.1984042035513434,0.28824098358106887,0.971194393527723,0.55,0.04455803882610692,0.02328977329498876,0.05426012599911415,0.04070264604006995
season,F1,2023/24,market_devig,306,0.2062553003391654,0.30469243545109803,1.013831157827698,0.5065359477124183,0.04603792030798759,0.011895636602102775,0.05628529665096493,0.03807295118701843
season,F1,2024/25,market_devig,305,0.20286097863165037,0.283712185923615,0.9593165638234102,0.5377049180327869,0.03844082858628357,0.03999898893569525,0.019571829987601576,0.032670549169860126
season,F1,2025/26,market_devig,306,0.19944389047116468,0.2900114388812433,0.9729173931408357,0.5424836601307189,0.058348912381765705,0.02160370893796962,0.04252172849532378,0.040824783271686364
season,F1,2026/27,market_devig,19,0.20089182894641275,0.32447335430770163,1.0684491579423407,0.47368421052631576,0.10799617945388015,0.13564855042565127,0.1395160436026851,0.1277202578274055
season,F2,2000/01,market_devig,140,0.20952323052772792,0.3106913131874292,1.036726443923821,0.4642857142857143,0.038705436881969056,0.015945654396900696,0.046135310645626634,0.03359546730816546
season,F2,2001/02,market_devig,242,0.20245487052153063,0.31597335196706,1.0482672331645408,0.4380165289256198,0.061677411435028764,0.08082491958602742,0.042038465841628125,0.06151359895422811
season,F2,2002/03,market_devig,139,0.20186302403197706,0.30734238973999906,1.0224389380522738,0.5251798561151079,0.08297646090281587,0.010187770600750542,0.08534391055712898,0.059502714020231794
season,F2,2003/04,market_devig,15,0.2378321199048801,0.36250684987159143,1.1801217710356806,0.2,0.19083637733807693,0.09940870348142687,0.1954580579425897,0.16190104625403115
season,F2,2004/05,market_devig,377,0.2104689951770094,0.3147614422873786,1.0442159931687272,0.4827586206896552,0.05465741225706208,0.01938306631198238,0.02592378128088101,0.03332141994997515
season,F2,2005/06,market_devig,380,0.202949978238112,0.3136017077812572,1.037894669600407,0.4631578947368421,0.006402273381035598,0.018214562682855876,0.05164513577827029,0.02542065728072059
season,F2,2006/07,market_devig,380,0.19388758184032087,0.2961872175426506,0.9911140458994028,0.531578947368421,0.06415333612236457,0.03966700322346472,0.05368225279477602,0.052500864046868434
season,F2,2007/08,market_devig,348,0.20563210444196722,0.3121605892884482,1.0323670467324702,0.47988505747126436,0.05069550073824033,0.03860712290744704,0.05700284589944995,0.04876848984837911
season,F2,2008/09,market_devig,380,0.21158911151780901,0.3131848945089025,1.0408340306840271,0.46842105263157896,0.03573182400793986,0.0250903786166807,0.018211317318518324,0.02634450664771296
season,F2,2009/10,market_devig,380,0.2106085867824771,0.32089475205327894,1.0618753014806406,0.4605263157894737,0.04158616817627942,0.02906555196279642,0.04695529079055493,0.03920233697654359
season,F2,2010/11,market_devig,380,0.20416811945288513,0.31271882567471554,1.0392814560854926,0.45526315789473687,0.023598005649062045,0.06913288056393357,0.05814376342312944,0.050291549878708354
season,F2,2011/12,market_devig,380,0.20840144866244076,0.3159636115236101,1.0469647192039166,0.45,0.04391750428459716,0.01860742502357234,0.04045734330733401,0.034327424205167836
season,F2,2012/13,market_devig,380,0.20557184237782217,0.31640706013331765,1.0467600027038462,0.4368421052631579,0.05261400863424964,0.033622240473381235,0.044917535837249105,0.04371792831495999
season,F2,2013/14,market_devig,380,0.2018103500602732,0.31002644450168976,1.0311645925473631,0.4868421052631579,0.023407744704017,0.04874364903142613,0.06392785556371632,0.04535974976638648
season,F2,2014/15,market_devig,380,0.20394969472464183,0.31418539021487274,1.041220458908935,0.4473684210526316,0.017487548679649675,0.0344965174104633,0.029877742969981472,0.02728726968669815
season,F2,2015/16,market_devig,380,0.20485946657089718,0.31210660401945267,1.0391488109248974,0.4421052631578947,0.06162841123716349,0.08695649338003553,0.029971007564106963,0.05951863739376867
season,F2,2016/17,market_devig,380,0.21252143310679728,0.31710026561334664,1.052418605995581,0.45526315789473687,0.0244856515883183,0.013990897109079619,0.018962129886558966,0.019146226194652293
season,F2,2017/18,market_devig,380,0.2153329940822137,0.3042091501537292,1.018353911935394,0.5210526315789473,0.04676874651400301,0.05581454006608834,0.03125001057735295,0.04461109905248143
season,F2,2018/19,market_devig,380,0.21805266841713028,0.32035783193238154,1.0627956875132634,0.4394736842105263,0.02665396166872871,0.010312701132124544,0.036683378649224385,0.024550013816692546
season,F2,2019/20,market_devig,280,0.2162877910293545,0.31992886388963404,1.0626642154452306,0.41785714285714287,0.05238526357160134,0.06074870047652674,0.061194098954200186,0.058109354334109416
season,F2,2020/21,market_devig,380,0.20080360578269205,0.3114493954757125,1.0349964697215428,0.4605263157894737,0.0504071293871658,0.04607742154726418,0.06331717722006312,0.053267242718164375
season,F2,2021/22,market_devig,380,0.20983366576324225,0.309993872282713,1.0311072182254097,0.4605263157894737,0.04713230831973962,0.015496936758450675,0.03809757195059386,0.03357560567626139
season,F2,2022/23,market_devig,379,0.21284628416025733,0.31084386462957575,1.0355604693770597,0.46437994722955145,0.062219184523371864,0.03513945348355879,0.021825638156173544,0.039728092054368065
season,F2,2023/24,market_devig,379,0.2208131204410961,0.3229575384720616,1.0699961573677519,0.43535620052770446,0.04000846995755587,0.006125305440862521,0.033667349167222076,0.026600374855213493
season,F2,2024/25,market_devig,306,0.21416622011243813,0.304398638904515,1.0193614124716581,0.5294117647058824,0.07306317856219877,0.04134324019372476,0.03478761827067358,0.04973134567553237
season,F2,2025/26,market_devig,305,0.21387783972671354,0.3192388367699094,1.0575553717210935,0.42295081967213116,0.05760392254560298,0.02968557763297352,0.033731722240699494,0.040340407473092
season,F2,2026/27,market_devig,36,0.20542793194393183,0.32953703335288453,1.0841821510780572,0.3611111111111111,0.15050518289156709,0.1303252788548066,0.10258057573664228,0.12780367916100532
season,FIN,2011/12,market_devig,103,0.23885378087025613,0.3189369306856341,1.0577901811536665,0.46601941747572817,0.13329500663554636,0.09191915796141635,0.04227442558526122,0.08916286339407464
season,FIN,2012/13,market_devig,203,0.20853757729095848,0.3016066988374582,1.0108860760654108,0.5221674876847291,0.05079475527544607,0.02319675378241293,0.06678219366724605,0.04692456757503502
season,FIN,2013/14,market_devig,182,0.2083488454067541,0.30141061391962964,1.0036240483480086,0.5,0.0658421838685031,0.03121778124742964,0.03516847158769307,0.044076145567875265
season,FIN,2014/15,market_devig,198,0.19337365918335575,0.3008495045347309,1.0011747685002268,0.46464646464646464,0.051702154911792524,0.061455485488108995,0.07170234035921491,0.061619993586372136
season,FIN,2015/16,market_devig,182,0.21926025114711675,0.31690657768116287,1.0540202800675758,0.43956043956043955,0.050985854189053374,0.04794694582704312,0.047907577664541776,0.04894679256021276
season,FIN,2016/17,market_devig,216,0.2053767357633627,0.31180801246011014,1.0364247240303948,0.4583333333333333,0.08369846798218697,0.04818511270460718,0.045202575055945986,0.05902871858091338
season,FIN,2017/18,market_devig,211,0.20179960025185595,0.29918166441746885,1.0064675166675647,0.5071090047393365,0.0543425337233852,0.03613238800854851,0.07316407980434933,0.054546333845427675
season,FIN,2018/19,market_devig,182,0.2042345388427705,0.29716559680041604,0.9977876737932048,0.532967032967033,0.08327504299171404,0.02232430096770048,0.05927068476205687,0.054956676240490464
season,FIN,2019/20,market_devig,116,0.20698810435590992,0.30655695371289904,1.0186365588368842,0.5172413793103449,0.051550981106975806,0.02159268538584938,0.09801072266648093,0.05705146305310205
season,FIN,2020/21,market_devig,164,0.18751209434921964,0.2738833323637539,0.9328266746482146,0.573170731707317,0.04913142917827419,0.03969178685857652,0.04223132691697976,0.04368484765127683
season,FIN,2021/22,market_devig,183,0.1968466086257784,0.27836114879561336,0.9449538116096527,0.5901639344262295,0.05259752186301324,0.05853448610541653,0.07893757336045246,0.06335652710962741
season,FIN,2022/23,market_devig,170,0.20807091117618132,0.3010846290975701,1.0053006233658814,0.5,0.04060820390222912,0.024397987279113322,0.05027461170794616,0.03842693429642954
season,FIN,2023/24,market_devig,168,0.21560613706664378,0.3111478028009526,1.0380310597811384,0.5297619047619048,0.09578891113595311,0.010414511249204141,0.0948957466265985,0.06703305633725191
season,FIN,2024/25,market_devig,76,0.181931650970032,0.2587117918064514,0.8879227374380602,0.6447368421052632,0.15029576115172566,0.08980292361389046,0.10105725466512062,0.11371864647691225
season,G1,2005/06,market_devig,230,0.16706882586288813,0.2547096511752915,0.870183793362274,0.6260869565217392,0.09797692585737937,0.02206144219488636,0.09296546049375597,0.07100127618200723
season,G1,2006/07,market_devig,236,0.1877797607616242,0.28213526981617887,0.9548713854882703,0.5466101694915254,0.08310390288421966,0.06181567179800142,0.04483789741284302,0.0632524906983547
season,G1,2007/08,market_devig,238,0.18045591503360428,0.2662684050775428,0.9086495110788645,0.5672268907563025,0.057410725758583525,0.07669906840171414,0.05192795933154153,0.062012584497279734
season,G1,2008/09,market_devig,239,0.18128624117551023,0.28151870917531047,0.9460988861611804,0.5188284518828452,0.09069951930368023,0.03951813797594941,0.07419748084351253,0.06813837937438072
season,G1,2009/10,market_devig,239,0.17846533816882426,0.26783825960184465,0.9114007408463695,0.5983263598326359,0.08558027581857316,0.03490462152313137,0.06112222151384755,0.06053570628518403
season,G1,2010/11,market_devig,239,0.20241208067956004,0.2989314015060478,1.0020452622898548,0.49372384937238495,0.09133147384113065,0.054511508081898224,0.03526864813193673,0.0603705433516552
season,G1,2012/13,market_devig,237,0.1904057180712907,0.28645560878003073,0.9641247362191424,0.5485232067510548,0.062237447100324784,0.036718533247314805,0.034797675807808195,0.04458455205181592
season,G1,2013/14,market_devig,293,0.17479425786698138,0.26011313083911,0.8871121352920741,0.6040955631399317,0.08409731393917563,0.05988267319126477,0.06098822442492001,0.06832273718512015
season,G1,2014/15,market_devig,276,0.176280289226415,0.2664143869605862,0.9058948463687281,0.572463768115942,0.07557699043860637,0.037930353385757544,0.08942642283475606,0.06764458888637333
season,G1,2015/16,market_devig,239,0.18338737943392575,0.2754526682335954,0.934029265371496,0.5271966527196653,0.06926642507355425,0.03714356663628323,0.072887034465369,0.059765675391735495
season,G1,2016/17,market_devig,237,0.17491654387181624,0.27316140061480415,0.9213887882443393,0.5738396624472574,0.06187675182805375,0.04643692808691183,0.06690721453001301,0.05840696481499286
season,G1,2017/18,market_devig,230,0.16887474117422477,0.27051722302982906,0.9120860394714919,0.5304347826086957,0.07737956478074526,0.07248458554230411,0.07116482673346819,0.07367632568550585
season,G1,2018/19,market_devig,231,0.1657829141213772,0.25216669462908153,0.8625161440719173,0.6017316017316018,0.08188610125308371,0.02949274205581194,0.0536936851124457,0.05502417614044711
season,G1,2019/20,market_devig,210,0.16884182357123736,0.2656505597778286,0.8985646567112144,0.5761904761904761,0.0680038678373246,0.034466085015929765,0.08857756489634039,0.06368250591653159
season,G1,2020/21,market_devig,269,0.19128274645285134,0.295551147945917,0.9856770097294331,0.4721189591078067,0.08082291151491527,0.040426807912426144,0.06782808007191043,0.06302593316641729
season,G1,2021/22,market_devig,240,0.2026458249927596,0.2943339456775508,0.9915345653990144,0.5,0.04740978063811653,0.026987934755344656,0.0841438803969297,0.052847198596796964
season,G1,2024/25,market_devig,156,0.19982122952188505,0.278199911397822,0.9420403192651321,0.5576923076923077,0.051019344640876214,0.07208839071841647,0.07260643752202331,0.06523805762710533
season,G1,2025/26,market_devig,236,0.18475387828425247,0.2844705070374,0.9518358899593364,0.5084745762711864,0.05099720288592681,0.036784958803642645,0.051115048939108405,0.046299070209559284
season,G1,2026/27,market_devig,13,0.13328678677810873,0.20474252486857217,0.7204093437691117,0.8461538461538461,0.26261725176822037,0.10046361379829463,0.3027341158131218,0.2219383271265456
season,I1,2000/01,market_devig,299,0.18620046823096006,0.28704330817372153,0.9636136542183932,0.5351170568561873,0.06937125132758788,0.02713601672211328,0.05143200002395186,0.049313089357884345
season,I1,2001/02,market_devig,237,0.19126243499688883,0.28852669126406394,0.9667935697496896,0.5569620253164557,0.0589657977584878,0.036084759887180816,0.029022671983723814,0.04135774320979747
season,I1,2002/03,market_devig,302,0.18635066095553537,0.2877886863370208,0.9665846447263302,0.5397350993377483,0.030904091524632315,0.030987756129012403,0.06756112310622207,0.043150990253288925
season,I1,2003/04,market_devig,170,0.17765812485211088,0.2841427443381767,0.9563676620666279,0.5176470588235295,0.12396432403721808,0.06685220009589261,0.08194897386814208,0.09092183266708426
season,I1,2004/05,market_devig,291,0.19007069455277031,0.29699521824057196,0.9908280281953704,0.5154639175257731,0.0682310253222908,0.0389311978344395,0.03689831759857824,0.04802018025176952
season,I1,2005/06,market_devig,378,0.17821161481704045,0.27533149119720896,0.9301396542809099,0.5529100529100529,0.06831244596760179,0.028546490679747648,0.02823446825564805,0.04169780163433249
season,I1,2006/07,market_devig,380,0.18312926879476918,0.2857545866937712,0.9573793544480911,0.5105263157894737,0.06041522196361053,0.03741372755259302,0.04784213465845099,0.04855702805821818
season,I1,2007/08,market_devig,380,0.19071552323254337,0.2934825734930339,0.9804425427957956,0.5263157894736842,0.05215804337245097,0.011615470439481478,0.043006863459114884,0.03559345909034911
season,I1,2008/09,market_devig,380,0.1955205231284023,0.289784522245984,0.971906154292923,0.5578947368421052,0.06866335742711391,0.04810268819120871,0.0393766879680639,0.052047577862128845
season,I1,2009/10,market_devig,379,0.19316014270127263,0.28929693482947383,0.971186286286852,0.5567282321899736,0.05761829586704099,0.015763382940687902,0.049635736696277355,0.041005805168002084
season,I1,2010/11,market_devig,378,0.2015565566281114,0.29555770676941673,0.9893730362097046,0.5317460317460317,0.027047133344864218,0.04289560117359719,0.02407370014633573,0.03133881155493238
season,I1,2011/12,market_devig,380,0.1986581822394005,0.30185456108648406,1.0065508059406114,0.5026315789473684,0.025888125185909723,0.021250042107992136,0.03812742496755954,0.0284218640871538
season,I1,2012/13,market_devig,380,0.194010734823264,0.2852450985381173,0.9648248735491282,0.5552631578947368,0.02693179636800724,0.03894984802656538,0.0682287129639637,0.04470345245284544
season,I1,2013/14,market_devig,380,0.18828621802685414,0.2787550458979583,0.9384569865358475,0.5710526315789474,0.06894516723306023,0.022888092548139567,0.04875434269171322,0.04686253415763767
season,I1,2014/15,market_devig,380,0.2019272267192882,0.3108977929283549,1.0298691101693038,0.46842105263157896,0.07452676447682409,0.05316752372674752,0.023624788025736643,0.05043969207643608
season,I1,2015/16,market_devig,380,0.19316844393394925,0.28610685315525275,0.9592303111000687,0.5342105263157895,0.09356460083438188,0.00934762520907863,0.0471542110708166,0.05002214570475904
season,I1,2016/17,market_devig,380,0.18234549018385096,0.26437354150241754,0.9017671328156427,0.6157894736842106,0.04204103088875334,0.03938249533725088,0.044895346272730965,0.04210629083291173
season,I1,2017/18,market_devig,380,0.17796158923924685,0.26100826495261487,0.8915755765225567,0.5973684210526315,0.0838438280428271,0.023022439311621543,0.043106588708934634,0.049990952021127764
season,I1,2018/19,market_devig,380,0.1804205330554414,0.27946945320861827,0.9447671675886129,0.55,0.027838409536224767,0.038128002725070886,0.05261586617921044,0.03952742614683536
season,I1,2019/20,market_devig,282,0.2007198323637736,0.2875260379454673,0.9709173092897967,0.5638297872340425,0.05204963984098669,0.03680015801012877,0.06315529055561807,0.050668362802244515
season,I1,2020/21,market_devig,478,0.18401124921243847,0.27534028065908056,0.9343942340263087,0.5711297071129707,0.050479204055661704,0.017386615448905983,0.05085185358802717,0.03957255769753162
season,I1,2021/22,market_devig,379,0.19586373042226857,0.29024019881737073,0.9769083402436937,0.525065963060686,0.055747798645549344,0.018688005958205578,0.039588698254600034,0.03800816761945166
season,I1,2022/23,market_devig,380,0.19670631242980782,0.2924187054023837,0.9801666741513322,0.5184210526315789,0.03373759368921838,0.021688352870543562,0.02281267979408259,0.026079542117948176
season,I1,2023/24,market_devig,380,0.18510614845785847,0.2885517470725685,0.968154906844993,0.5473684210526316,0.05411549410682324,0.03908219645946444,0.07234014116227766,0.05517927724285512
season,I1,2024/25,market_devig,380,0.18375515196763845,0.28343660638942403,0.951876127342753,0.5263157894736842,0.060256128358437994,0.025546608071128393,0.054162645347296375,0.04665512725895426
season,I1,2025/26,market_devig,380,0.19662345250341912,0.29221933863246424,0.9821022022096544,0.5394736842105263,0.06170589450054252,0.013207313652793522,0.058111722263086994,0.044341643472141014
season,I1,2026/27,market_devig,20,0.17666400778018293,0.22160915689773106,0.786512711472734,0.7,0.198277498956082,0.2026818338377404,0.236177972945654,0.2123791019131588
season,I2,2000/01,market_devig,278,0.1899017283240251,0.29393714990248815,0.9803387068429456,0.5179856115107914,0.04325154481114902,0.02580993493478952,0.03086721970522585,0.033309566483721464
season,I2,2001/02,market_devig,232,0.1991485999927589,0.3071355081603969,1.021235488477913,0.4525862068965517,0.027239603333916826,0.014062633385822622,0.022739481380033667,0.02134723936659104
season,I2,2002/03,market_devig,157,0.19844271681559464,0.31341594746836515,1.038678971552025,0.4585987261146497,0.04978370736061211,0.030886078690335734,0.050394917144811056,0.0436882343985863
season,I2,2003/04,market_devig,278,0.18952858299781783,0.3086378399906619,1.0192348766194705,0.46402877697841727,0.012075739924244211,0.04784780315354742,0.05441334543580974,0.038112296171200453
season,I2,2004/05,market_devig,80,0.19230963866887923,0.2944331198149023,0.9772022483332117,0.5125,0.06979901966225542,0.031617710175425154,0.0769143599657521,0.05944369660114423
season,I2,2005/06,market_devig,459,0.19061502831570792,0.29905033595914976,0.9945705637566203,0.4989106753812636,0.047562370811660586,0.020946187315129903,0.04475165680417252,0.03775340497698767
season,I2,2006/07,market_devig,462,0.18941801528323016,0.29493310370852555,0.9806986133319824,0.5043290043290043,0.02396773159634194,0.012267838047015379,0.03394587910597007,0.023393816249775795
season,I2,2007/08,market_devig,460,0.19571050659100656,0.30085649943968734,1.0009726309473355,0.4891304347826087,0.04424942121774898,0.004856976013280614,0.03864632230195909,0.029250906510996228
season,I2,2008/09,market_devig,455,0.20568589752757171,0.3129736589331536,1.0367962738826633,0.46813186813186813,0.057504830593631505,0.014994682421107767,0.02800093010402686,0.033500147706255375
season,I2,2009/10,market_devig,442,0.21044022193241832,0.3133841306493688,1.0424719792617556,0.4638009049773756,0.03316651488661225,0.01367317584125675,0.03345266573548457,0.026764118821117854
season,I2,2010/11,market_devig,457,0.20398049680535285,0.3137372323883974,1.0422361234523259,0.45951859956236324,0.04052572534743279,0.03539026011486618,0.04066336696674833,0.03885978414301577
season,I2,2011/12,market_devig,462,0.2109483223855634,0.3119966283826079,1.0359341878400057,0.46320346320346323,0.03445114558070535,0.026578257266114333,0.04361852480306959,0.03488264254996309
season,I2,2012/13,market_devig,460,0.2052326790263374,0.31226301083452473,1.0353793317740325,0.4543478260869565,0.02798844677735524,0.023840381952128037,0.016114707163425394,0.02264784529763622
season,I2,2013/14,market_devig,461,0.21318111520604444,0.3197868397949189,1.0589244728061182,0.41865509761388287,0.05478443900420248,0.04039822062661972,0.03764490939349875,0.04427585634144032
season,I2,2014/15,market_devig,461,0.20695363121838675,0.31975134570087327,1.0577340239323563,0.4403470715835141,0.06836282207283463,0.048956960326223126,0.07458216984925857,0.06396731741610544
season,I2,2015/16,market_devig,462,0.20863963899642296,0.3112724535848868,1.0334166621253742,0.461038961038961,0.03735477483288672,0.008819705860683489,0.036570692303777616,0.027581724332449275
season,I2,2016/17,market_devig,462,0.20120243214227948,0.3157794839572773,1.04249381484621,0.44155844155844154,0.027825050297310673,0.05687451823748292,0.060571818080268236,0.04842379553835394
season,I2,2017/18,market_devig,462,0.20210273855024727,0.31574025425386887,1.0460795718539024,0.44155844155844154,0.04624026094197352,0.05642835114722483,0.035599842880478114,0.046089484989892154
season,I2,2018/19,market_devig,342,0.20280046408623117,0.31306764206892707,1.039420461997172,0.4502923976608187,0.04002149433783366,0.03129368295667828,0.054291176106574475,0.041868784467028804
season,I2,2019/20,market_devig,310,0.21403494666501952,0.31387012382775337,1.0430493635130118,0.4838709677419355,0.026628552107903863,0.02332533800727964,0.018955210041742856,0.02296970005230879
season,I2,2020/21,market_devig,442,0.20900501698084667,0.3200093579725421,1.0585539145000034,0.4298642533936652,0.033591814242498325,0.038038786343347786,0.02788997815352429,0.0331735262464568
season,I2,2021/22,market_devig,380,0.20684402494443144,0.3127908574848672,1.0384263973150778,0.45789473684210524,0.048480765230015384,0.026017054281736562,0.06931003081057648,0.0479359501074428
season,I2,2022/23,market_devig,380,0.21250523597322854,0.3208237476257732,1.0644123152379297,0.4342105263157895,0.05598885595241018,0.031942948190402644,0.02565016092400948,0.0378606550222741
season,I2,2023/24,market_devig,379,0.21052679754439188,0.31908466787195083,1.0579560822559297,0.43535620052770446,0.059705595411343994,0.03565341696214573,0.06588772485877731,0.05374891241075568
season,I2,2024/25,market_devig,380,0.205517916575648,0.31807640867931747,1.0544822731818142,0.4342105263157895,0.025793719142391005,0.04879430585851981,0.04068496635408382,0.03842433045166488
season,I2,2025/26,market_devig,380,0.19845850465066087,0.30362060941393,1.014289057044899,0.4842105263157895,0.052243591005704686,0.03737585487352806,0.05956243947264479,0.049727295117292514
season,I2,2026/27,market_devig,20,0.2633617622884455,0.34660235880566714,1.1456878741818621,0.35,0.20611001028154924,0.09684968953918399,0.2067859237834638,0.1699152078680657
season,IRL,2011/12,market_devig,97,0.19702400272876539,0.2975955278981433,0.9939235466791494,0.5257731958762887,0.06790617273589458,0.01566777067356139,0.09796393585391829,0.06051262642112476
season,IRL,2012/13,market_devig,189,0.20582879655498398,0.3065758400301596,1.0183268705701365,0.5026455026455027,0.08214150180978816,0.03692040991800476,0.08536137565805058,0.06814109579528116
season,IRL,2013/14,market_devig,202,0.1871389360863434,0.27765854895135045,0.9375224458395804,0.5643564356435643,0.0673920795389116,0.030329965513604378,0.06591446524788722,0.054545503433467736
season,IRL,2014/15,market_devig,195,0.192477340647493,0.2828894789821084,0.9543182682261891,0.5641025641025641,0.0750361659737166,0.02703772862651022,0.07555494729551036,0.05920961396524573
season,IRL,2015/16,market_devig,200,0.18705107181593145,0.27512508491107807,0.9297113161421875,0.575,0.042225480369435714,0.02393801453830635,0.05308524741774491,0.03974958077516232
season,IRL,2016/17,market_devig,221,0.1918279786526291,0.27402313757954055,0.9300191968612526,0.5429864253393665,0.06906443274371178,0.03666042811817265,0.05280532752670244,0.05284339612952896
season,IRL,2017/18,market_devig,198,0.19279057683535647,0.2742640443494082,0.9340970766330431,0.5757575757575758,0.055516315245753976,0.0374639062339536,0.06910627634405944,0.05402883260792234
season,IRL,2018/19,market_devig,187,0.18970919910895925,0.26391546624192275,0.9009503230164541,0.5828877005347594,0.06336169287042082,0.0705493943536544,0.06334734543397383,0.06575281088601635
season,IRL,2019/20,market_devig,109,0.1822924940687567,0.2623569517999097,0.8964554170278798,0.5963302752293578,0.07225757386927616,0.044727281581096234,0.12229517310567777,0.07976000951868338
season,IRL,2020/21,market_devig,156,0.19950253084977917,0.2986528202748947,0.9988450700859739,0.48717948717948717,0.06832159904604247,0.02844088730977677,0.08405203040171656,0.060271505585845264
season,IRL,2021/22,market_devig,198,0.20896600739964197,0.29788347098915785,1.0006049179131296,0.5303030303030303,0.07337087382910439,0.03683515649024631,0.04562963713707978,0.05194522248547682
season,IRL,2022/23,market_devig,176,0.19280161971458723,0.28348043427608033,0.9505998753739824,0.5454545454545454,0.07379531801967125,0.02768838024209779,0.10126962753043983,0.06758444193073629
season,IRL,2023/24,market_devig,182,0.20236718840768833,0.301705599383791,1.0060940403622258,0.47802197802197804,0.07391039446351354,0.018615400992380918,0.13251211480850153,0.07501263675479866
season,IRL,2024/25,market_devig,57,0.20562828247165973,0.3305843304446554,1.0755091526569625,0.45614035087719296,0.2198082053485379,0.16346724058792034,0.055673420003030334,0.14631628864649618
season,JAP,2011/12,market_devig,153,0.22987620255270277,0.3165203926569265,1.0537652652397231,0.43790849673202614,0.09044395003618069,0.0574126571881666,0.09624899519919694,0.0813685341411814
season,JAP,2012/13,market_devig,279,0.21701689044426212,0.3157660195848519,1.0477590118896416,0.43727598566308246,0.051953202932702336,0.005831669173620278,0.057792621791793786,0.03852583129937213
season,JAP,2013/14,market_devig,313,0.2233769273794455,0.30818273613719466,1.0269365090021054,0.4952076677316294,0.06830405029523288,0.055829139846406035,0.07731371071294438,0.06714896695152776
season,JAP,2014/15,market_devig,301,0.2082210229558327,0.30216568278290984,1.0101718444775716,0.5282392026578073,0.03515737977769538,0.020975756747597833,0.05120479231415259,0.035779309613148604
season,JAP,2015/16,market_devig,335,0.2164111707516207,0.3066909173042065,1.0213349418414244,0.4955223880597015,0.057187801459497735,0.03907888606699237,0.07659598450684184,0.057620890677777314
season,JAP,2016/17,market_devig,307,0.21674453299778082,0.3054580730610531,1.0186361118730498,0.5211726384364821,0.0277984145250341,0.04565422792232889,0.07401757213203768,0.04915673819313356
season,JAP,2017/18,market_devig,306,0.2249283111302028,0.3181165006969174,1.0546638172474871,0.4738562091503268,0.027930820526989787,0.03149493717386458,0.04945546221426976,0.036293739971708046
season,JAP,2018/19,market_devig,328,0.22879468796032956,0.31583301768203176,1.0480923998980052,0.4634146341463415,0.03672148043989899,0.052328606257212716,0.03469063340173792,0.04124690669961654
season,JAP,2019/20,market_devig,198,0.21737221200025478,0.30964777630355517,1.0286524001796244,0.5151515151515151,0.09950163002939773,0.02711492752542206,0.140850527674271,0.0891556950763636
season,JAP,2020/21,market_devig,440,0.20773282698341297,0.29921416277858703,1.0026849945583138,0.5045454545454545,0.057610254353269906,0.024222683244625023,0.030100249281778606,0.03731106229322451
season,JAP,2021/22,market_devig,372,0.21348496524653887,0.3110607013430732,1.0350739223464702,0.47043010752688175,0.05013129718392011,0.03561992391510108,0.03469030576412865,0.04014717562104995
season,JAP,2022/23,market_devig,288,0.2107898067253083,0.3094467867323346,1.0335278257116114,0.4513888888888889,0.05177988505535474,0.01247618542745237,0.05262297167638064,0.03895968071972925
season,JAP,2023/24,market_devig,346,0.22170097724443238,0.322570195391111,1.0675186312196372,0.4277456647398844,0.03289673795450438,0.026555914933697918,0.020910270401306386,0.026787641096502893
season,JAP,2024/25,market_devig,123,0.21594011614555553,0.30782563940153285,1.0259142828261094,0.43902439024390244,0.10023712810357933,0.01861025081312891,0.09925391126209315,0.07270043005960046
season,MEX,2011/12,market_devig,39,0.2011682047101153,0.32157341435052444,1.0544875755430299,0.46153846153846156,0.1773988303195772,0.10012040592846613,0.16398581287959635,0.14716834970921322
season,MEX,2012/13,market_devig,303,0.20694369781117808,0.3080845597754785,1.024203130754434,0.49504950495049505,0.04715106804161169,0.015902128897037893,0.05009264211746043,0.03771527968537
season,MEX,2013/14,market_devig,330,0.21082511345837016,0.32285296122969437,1.0679020764668834,0.44545454545454544,0.059436649258376745,0.05208660176429077,0.07028609601904276,0.06060311568057009
season,MEX,2014/15,market_devig,312,0.22203655917803497,0.31748149545061877,1.0572407374409363,0.46794871794871795,0.08902208809719006,0.04332570312797529,0.07960744805843174,0.0706517464278657
season,MEX,2015/16,market_devig,338,0.21506206257533222,0.3115990503339266,1.0363353783821727,0.46745562130177515,0.023826718790646732,0.017533648474843507,0.04284198887620391,0.02806745204723138
season,MEX,2016/17,market_devig,333,0.21047547431543914,0.3173267676514805,1.053059006767931,0.44744744744744747,0.045247615359490165,0.04092322068207786,0.03479061119883233,0.040320482413466786
season,MEX,2017/18,market_devig,349,0.21013221892991257,0.3101125828940274,1.0317214612589167,0.45272206303724927,0.05063253931356313,0.015287573817762256,0.05314194280349429,0.03968735197827322
season,MEX,2018/19,market_devig,339,0.2107021368340002,0.30247309546438905,1.009847789821873,0.5103244837758112,0.05483631469225187,0.03697096049284217,0.035261261111116396,0.042356178765403485
season,MEX,2019/20,market_devig,281,0.21076908133295108,0.30076619638873314,1.0067947549169602,0.501779359430605,0.044697337520972054,0.02769032204954801,0.01976865758080213,0.030718772383774063
season,MEX,2020/21,market_devig,327,0.20736228583824504,0.3040617865756084,1.0142416721344842,0.5137614678899083,0.05510939259662666,0.01390222951713319,0.07308175443139593,0.047364458848385256
season,MEX,2021/22,market_devig,342,0.21529058012350513,0.31947038554698715,1.0584889220338096,0.43859649122807015,0.041328440956922174,0.02005981579963506,0.018515827108749834,0.026634694621769022
season,MEX,2022/23,market_devig,359,0.2003040891216461,0.30153508015404823,1.0065527175805555,0.5181058495821727,0.060245756187065284,0.01994829443878545,0.04535557631262052,0.04184987564615709
season,MEX,2023/24,market_devig,312,0.20627392420891738,0.29959500540017503,1.003931427796448,0.5032051282051282,0.055450972423550016,0.006391388661237108,0.10244024282960451,0.05476086797146388
season,MEX,2024/25,market_devig,116,0.19144402119453224,0.2834928874619694,0.9599601348241183,0.5689655172413793,0.09052691657050538,0.0385151792878525,0.06901607660442274,0.06601939082092688
season,N1,2000/01,market_devig,305,0.19270175394000075,0.2842778006540667,0.9596577550688699,0.5508196721311476,0.05995942459664426,0.009765792520199264,0.0722673604904135,0.04733085920241901
season,N1,2001/02,market_devig,227,0.18412139664907526,0.27792778497758347,0.9402930788734019,0.5330396475770925,0.07236199022263479,0.022197701155117475,0.05283443453947883,0.04913137530574369
season,N1,2002/03,market_devig,127,0.18108372396320735,0.27685622265960486,0.9384595535447007,0.5590551181102362,0.14201477226546122,0.02344725396360271,0.03318280941117587,0.06621494521341327
season,N1,2003/04,market_devig,305,0.1963242228635512,0.2849720102468697,0.9636910386069163,0.5442622950819672,0.03145137376522394,0.013365147861406912,0.04193172770835169,0.028916083111660846
season,N1,2004/05,market_devig,226,0.19225625613539596,0.27220116135213807,0.9282559807119466,0.5707964601769911,0.08699342806374591,0.052335650849620545,0.061358031019269246,0.06689570331087857
season,N1,2005/06,market_devig,306,0.19702415308242485,0.27909014025979767,0.9406756796003535,0.5947712418300654,0.06499326444884104,0.08377947172330633,0.04769747305817343,0.06549006974344027
season,N1,2006/07,market_devig,306,0.18586639059261406,0.2739299267848328,0.9264967381471605,0.5816993464052288,0.08944830791731717,0.03279368966702002,0.06476608779704,0.06233602846045907
season,N1,2007/08,market_devig,274,0.20641233405914225,0.29099500765223596,0.9830295618484476,0.5437956204379562,0.040051077316253535,0.029897651774513152,0.06312423915218317,0.04435765608098328
season,N1,2008/09,market_devig,306,0.1934840290495134,0.28450475970658107,0.9611150543991104,0.5392156862745098,0.03650185995545106,0.025086469489633202,0.05842827368188606,0.04000553437565677
season,N1,2009/10,market_devig,306,0.17040736702661635,0.24960187431985995,0.8594181681818791,0.6372549019607843,0.06434947459007216,0.04414834839007134,0.059353038099320604,0.05595028702648804
season,N1,2010/11,market_devig,306,0.18503815385622366,0.2730466625087696,0.9242188846519271,0.5816993464052288,0.06254203475733322,0.006213958131555042,0.06405054194591527,0.044268844944934514
season,N1,2011/12,market_devig,306,0.18940564973484283,0.27013390729095205,0.9173896663925984,0.5947712418300654,0.06512499877959443,0.022961662844571882,0.029732845401074987,0.039273169008413766
season,N1,2012/13,market_devig,306,0.20279229523702338,0.2982035225116928,0.9954702377320229,0.5032679738562091,0.07252871621299177,0.023014430334146574,0.06259105784705933,0.052711401464732556
season,N1,2013/14,market_devig,306,0.20167800577384376,0.3025642191767596,1.005481983916186,0.49019607843137253,0.07283694903475772,0.04015314473651596,0.06266896155872802,0.0585530184433339
season,N1,2014/15,market_devig,306,0.19623455330977457,0.2861989725879587,0.9654332752589949,0.545751633986928,0.041681478114890584,0.005749701870277787,0.04952795204422048,0.03231971067646295
season,N1,2015/16,market_devig,306,0.19160883572105353,0.2827386345329571,0.9523443211328223,0.5522875816993464,0.045964810072855314,0.0029697620381432307,0.05983549459624464,0.036256688902414395
season,N1,2016/17,market_devig,306,0.187535152243913,0.27803749764551056,0.9365870818384786,0.5751633986928104,0.06228720064863699,0.008200480789137474,0.05467320484119401,0.04172029542632283
season,N1,2017/18,market_devig,306,0.19215956185348693,0.28246269938788726,0.9542226768056252,0.5555555555555556,0.03423229186734784,0.030017714788190073,0.04608890374654223,0.036779636800693384
season,N1,2018/19,market_devig,306,0.19058499451443928,0.2667525323865304,0.9105786774153323,0.5784313725490197,0.05062778799072717,0.022736284607640916,0.04296277791124614,0.038775616836538074
season,N1,2019/20,market_devig,232,0.190276428983392,0.2717519331322224,0.9239529323087325,0.5862068965517241,0.08136102703147303,0.01607792554624135,0.053344627595404405,0.0502611933910396
season,N1,2020/21,market_devig,306,0.18199802672985646,0.2756756165761884,0.9315668632399087,0.565359477124183,0.06558838843188973,0.03355812694211478,0.04938553714932245,0.04951068417444232
season,N1,2021/22,market_devig,306,0.19517208608445089,0.27608180434314156,0.935208328148548,0.5522875816993464,0.041027119439553505,0.02004810935531223,0.058132450608551815,0.03973589313447252
season,N1,2022/23,market_devig,306,0.18506887093982088,0.2754290190163033,0.9285378980900281,0.5620915032679739,0.05643212340582626,0.015541602325634079,0.044810655696447245,0.03892812714263586
season,N1,2023/24,market_devig,306,0.17536865899215495,0.26710879290346684,0.9048296680834196,0.5816993464052288,0.06509845254923688,0.03309122202180027,0.04556348040714537,0.04791771832606084
season,N1,2024/25,market_devig,306,0.18826150430655111,0.2816307901169631,0.9478762661522623,0.5424836601307189,0.05244182332715193,0.02543191448907562,0.06493945401839608,0.04760439727820789
season,N1,2025/26,market_devig,306,0.19460306781560355,0.2900798915365654,0.9774072126598022,0.5326797385620915,0.038765185574167034,0.0413549822936952,0.0431061902725472,0.041075452713469816
season,N1,2026/27,market_devig,33,0.1952774650196964,0.2760445376304815,0.9347836579603859,0.6363636363636364,0.1820096374489936,0.11348551707713928,0.19795782836287013,0.16448432762966766
season,NOR,2011/12,market_devig,118,0.2012178011202411,0.3001490995933324,1.0078629535051364,0.4915254237288136,0.1104825015165033,0.025910509987193707,0.04164446043910294,0.05934582398093332
season,NOR,2012/13,market_devig,247,0.19690949698237706,0.2849917858399433,0.962310692277312,0.5748987854251012,0.05565629758718536,0.020999039633095212,0.060256150214022426,0.045637162478101005
season,NOR,2013/14,market_devig,227,0.2031252081209236,0.29713626636523005,0.9973888000395341,0.5066079295154186,0.054876244894024796,0.0084384407315805,0.03393643527233673,0.032417040299314005
season,NOR,2014/15,market_devig,251,0.20460407428466276,0.2927303129335345,0.9813946190508162,0.5378486055776892,0.07592988614193384,0.039422129319278174,0.04201763057863118,0.05245654867994773
season,NOR,2015/16,market_devig,231,0.20068921881435434,0.2867826668092041,0.9647586334973528,0.5714285714285714,0.061587520843471646,0.02533390972065323,0.07276501170519507,0.05322881408977331
season,NOR,2016/17,market_devig,262,0.2140854401527276,0.31093960400986387,1.0325457223366916,0.4770992366412214,0.060273258237519174,0.011990690393770086,0.05087674801035754,0.04104689888054894
season,NOR,2017/18,market_devig,235,0.20727073737332316,0.30058041085937687,1.0053465273391748,0.5106382978723404,0.036006880934436644,0.02598414456239358,0.054627125912737516,0.03887271713652258
season,NOR,2018/19,market_devig,253,0.20768817358821304,0.3099868666417771,1.032812866715896,0.49407114624505927,0.03969057255275866,0.02627000405046816,0.0478779119934117,0.037946162865546175
season,NOR,2019/20,market_devig,195,0.18737995246030603,0.2913000024457063,0.9805417547555797,0.5025641025641026,0.10838521107906866,0.06959644798127754,0.06526159419738785,0.08108108441924468
season,NOR,2020/21,market_devig,251,0.2017653040154034,0.2907780821855646,0.9780143660201889,0.5099601593625498,0.0822320837800442,0.011680842595537111,0.03511100599806185,0.04300797745788105
season,NOR,2021/22,market_devig,252,0.2058836899360198,0.30265100193711536,1.0097595419891863,0.48412698412698413,0.05681970299928065,0.026865497268821863,0.03752893824365089,0.04040471283725113
season,NOR,2022/23,market_devig,247,0.19929920255201072,0.277459372403322,0.9392202401776791,0.5546558704453441,0.06627278843601174,0.04463587992698851,0.055671673052562994,0.055526780471854414
season,NOR,2023/24,market_devig,231,0.21198775094777086,0.2983544375096846,0.9990212793484354,0.5238095238095238,0.06425787447008034,0.009221447585244374,0.06242568765852013,0.04530166990461495
season,NOR,2024/25,market_devig,92,0.20453626032762062,0.29560112429782426,0.992981921265067,0.5108695652173914,0.055004707338173614,0.028160965928979445,0.0717751493849854,0.05164694088404615
season,P1,2000/01,market_devig,303,0.1983993945494786,0.2864312656686054,0.9646984292574138,0.5445544554455446,0.0458539504378047,0.03511677581368,0.02869309468675711,0.036554606979413935
season,P1,2001/02,market_devig,233,0.19019027110762843,0.2823867217423384,0.9512230029263801,0.6094420600858369,0.06680501965294876,0.016552813565989147,0.08324991747928455,0.055535916899407484
season,P1,2002/03,market_devig,95,0.2027998777117218,0.2930948264294065,0.9810435366764609,0.5263157894736842,0.08696798554001359,0.04031334405382817,0.043912637641685764,0.05706465574517584
season,P1,2003/04,market_devig,277,0.18834533139973322,0.2803000811529651,0.946645740326627,0.5631768953068592,0.056709812115868244,0.00883322196666092,0.04638872203121391,0.037310585371247686
season,P1,2004/05,market_devig,305,0.2105725764261904,0.3140815282771654,1.0422011482129248,0.4885245901639344,0.05014813268231222,0.023972964546043595,0.04633866453603054,0.04015325392146212
season,P1,2005/06,market_devig,306,0.20425530815121878,0.29658387967025746,0.9945122909743656,0.5294117647058824,0.02780074514935538,0.018063513262845513,0.03720574602755797,0.02769000147991962
season,P1,2006/07,market_devig,240,0.1883677077508457,0.2858703296861114,0.9633951586722146,0.5208333333333334,0.05279521429140854,0.03209583089442066,0.033333775294334116,0.039408273493387776
season,P1,2007/08,market_devig,208,0.18834879718405115,0.2944531265356351,0.988301381793278,0.5096153846153846,0.0726423982333917,0.04001957139715727,0.08363085389393497,0.06543094117482799
season,P1,2008/09,market_devig,240,0.19179164761765624,0.2891227260674931,0.9705472342048758,0.5708333333333333,0.06770821300903233,0.0219030634329991,0.07125860330227586,0.05362329324810242
season,P1,2009/10,market_devig,240,0.180757527404401,0.28080596634990745,0.9432222527190597,0.525,0.04575804458432235,0.05865050452237341,0.052252433589022665,0.05222032756523948
season,P1,2010/11,market_devig,240,0.19299565088809784,0.2905230407631991,0.9767779920990675,0.5208333333333334,0.046890347090055455,0.025380850980147866,0.06782830594917776,0.04669983467312703
season,P1,2012/13,market_devig,240,0.18367112554531992,0.2756262440662158,0.9300676701482485,0.55,0.059348090458510534,0.04249253235760469,0.06360953869872785,0.055150053838281025
season,P1,2013/14,market_devig,240,0.19427011538335404,0.287034948494921,0.9645553838180321,0.5458333333333333,0.08123022168925918,0.0064977635829438635,0.06315331966969091,0.05029376831396465
season,P1,2014/15,market_devig,306,0.17443775846919093,0.2704434670462898,0.9141317880588906,0.545751633986928,0.06340482027373143,0.05272345390404075,0.05711086629273357,0.05774638015683525
season,P1,2015/16,market_devig,306,0.18197430770662715,0.27175630500339076,0.9234595060574115,0.5555555555555556,0.05428460207848084,0.04661129182761273,0.05009169416881745,0.050329196024970345
season,P1,2016/17,market_devig,306,0.18577017460756726,0.28081612520606297,0.9431605198787653,0.5294117647058824,0.03956804576479199,0.00955891761048693,0.04449329177548598,0.031206751716921634
season,P1,2017/18,market_devig,306,0.1761212342657886,0.25414079658128025,0.8724591573852885,0.6143790849673203,0.0857936994183336,0.05595320942595947,0.06127065070889442,0.0676725198510625
season,P1,2018/19,market_devig,306,0.1855521366312919,0.2643686025385473,0.9031356537901823,0.5718954248366013,0.07390057401598453,0.04948508957190408,0.059842581272634386,0.06107608162017433
season,P1,2019/20,market_devig,259,0.19940115180077123,0.29305103396939575,0.9833465030122088,0.5135135135135135,0.053735593476898644,0.017553077731615886,0.06536778811334791,0.045552153107287476
season,P1,2020/21,market_devig,353,0.18740043138614962,0.27974161252337293,0.9458292113963227,0.5524079320113314,0.046100823120557875,0.04890630142550801,0.03469392850297729,0.043233684349681056
season,P1,2021/22,market_devig,306,0.17598356213323513,0.2738716279486597,0.9256009085537832,0.5261437908496732,0.07769867136568646,0.07934672727568484,0.055784010977227794,0.07094313653953303
season,P1,2022/23,market_devig,306,0.1811420759334943,0.25387137829916323,0.8749578522587353,0.6372549019607843,0.06923643463936195,0.06841109483283885,0.04839422060697346,0.062013916693058085
season,P1,2023/24,market_devig,306,0.178366342353607,0.26698874206668033,0.9093489902014452,0.5784313725490197,0.08397925746268461,0.02118345295876053,0.0508517876158222,0.05200483267908912
season,P1,2024/25,market_devig,306,0.1839725451255208,0.2764429459760679,0.9332883418965942,0.5588235294117647,0.04304700953364557,0.03251514426185693,0.06665438804320162,0.047405513946234705
season,P1,2025/26,market_devig,306,0.17396132792573388,0.26991978697060953,0.9136707938783002,0.565359477124183,0.059713934846975916,0.04760935232467898,0.08307122031294585,0.06346483582820024
season,P1,2026/27,market_devig,33,0.17645230813030863,0.27535036321260203,0.9256207478454477,0.5454545454545454,0.12763194466252928,0.07181728454500277,0.08238848109047553,0.09394590343266919
season,POL,2011/12,market_devig,26,0.19326962513164117,0.27255403645541265,0.9272319822524148,0.5384615384615384,0.142459906001308,0.08925033662796411,0.11085732410419144,0.11418918891115452
season,POL,2012/13,market_devig,232,0.22413774806114536,0.3217014078160711,1.0680105045379773,0.46120689655172414,0.027245117955540077,0.024122712193451603,0.06469593137224143,0.03868792050707771
season,POL,2013/14,market_devig,281,0.2038055234707398,0.30977178989316,1.0334161966343467,0.4555160142348754,0.0541351315594111,0.034177560878105716,0.0649398064283941,0.05108416628863697
season,POL,2014/15,market_devig,300,0.213125036033373,0.3088342829041619,1.0273988647254493,0.49,0.04923488575895973,0.02173195894208009,0.0645746065108962,0.045180483737312004
season,POL,2015/16,market_devig,285,0.2277886308314949,0.3358340144282177,1.1031629232610365,0.38596491228070173,0.09627394227707718,0.03784474830120099,0.0424624299237224,0.05886037350066686
season,POL,2016/17,market_devig,299,0.20844343043245053,0.3051106632048607,1.0176289847379067,0.5117056856187291,0.06082071871215402,0.023250566363156047,0.05630073888767174,0.04679067465432726
season,POL,2017/18,market_devig,295,0.2190252900863536,0.3178268961668662,1.0557037683919308,0.44745762711864406,0.04442289787807524,0.002536536794001302,0.01626345613272257,0.02107429693493304
season,POL,2018/19,market_devig,303,0.21641933288121973,0.3115254861106822,1.0382200956693484,0.47194719471947194,0.03526051931447325,0.030642758584395195,0.02473395646718579,0.030212411455351414
season,POL,2019/20,market_devig,254,0.2161776612855553,0.3026170569719484,1.010248969905891,0.5196850393700787,0.07852571403492793,0.0556654129888831,0.07418764707318445,0.06945959136566517
season,POL,2020/21,market_devig,281,0.2222886360330581,0.31888139377606456,1.056990884576974,0.4697508896797153,0.045915803281034645,0.013187161361073004,0.021822409008514197,0.026975124550207286
season,POL,2021/22,market_devig,306,0.2061648790742199,0.3029201242317582,1.0115316104501453,0.46078431372549017,0.04869789929500344,0.008865524692245474,0.04652931785483688,0.034697580614028604
season,POL,2022/23,market_devig,310,0.20012393818198382,0.29942238553009204,1.000683078296431,0.5064516129032258,0.06597852599246788,0.0451502386557186,0.04335120017711907,0.05149332160843518
season,POL,2023/24,market_devig,286,0.2163503949557212,0.32364291498522096,1.068904777705269,0.40559440559440557,0.04465598003290736,0.05680380370634805,0.059863527520724956,0.053774437086660125
season,POL,2024/25,market_devig,109,0.21144479934423127,0.3019264163842314,1.0110808621369176,0.5321100917431193,0.07449473081453878,0.031085652276559038,0.09216106291379253,0.06591381533496345
season,ROM,2011/12,market_devig,40,0.17572091202117815,0.2794705054210848,0.9414790899286771,0.55,0.08020014875386494,0.04423324312625237,0.13202667498805787,0.08548668895605839
season,ROM,2012/13,market_devig,266,0.19436220301669258,0.2970653322069267,0.9908953956489241,0.5263157894736842,0.052831312560615025,0.032428569505537144,0.05526254824845599,0.04684081010486938
season,ROM,2013/14,market_devig,309,0.19313769076016565,0.2840250862372923,0.9561591005098694,0.5339805825242718,0.04485632780534718,0.02726041540289772,0.028320385062427223,0.03347904275689071
season,ROM,2014/15,market_devig,303,0.20252208943106811,0.3106554216510398,1.038848663499866,0.45544554455445546,0.06930992322766777,0.0590133387322877,0.048537532712703,0.05895359822421949
season,ROM,2015/16,market_devig,279,0.20718518878873188,0.3029312142975786,1.010601782573233,0.5089605734767025,0.06892245863522059,0.023400638083629764,0.03465029116969545,0.04232446262951527
season,ROM,2016/17,market_devig,264,0.20140525847920507,0.3003026948431333,1.005976795311042,0.48863636363636365,0.041878433998226945,0.04002250417598955,0.06912967041939957,0.05034353619787202
season,ROM,2017/18,market_devig,280,0.194165770700623,0.29537423977918514,0.9863417450462902,0.5071428571428571,0.06496857337250792,0.03408188865573982,0.06914564787843903,0.056065369968895586
season,ROM,2018/19,market_devig,265,0.1975566574829107,0.2965127880075932,0.9901337162556935,0.5169811320754717,0.05288980494034372,0.03090187321881843,0.040999869496356596,0.041597182551839584
season,ROM,2019/20,market_devig,239,0.20843121992288258,0.3007180858694927,1.0062053592281488,0.502092050209205,0.04797312697481453,0.03517202655294883,0.037486013564359634,0.040210389030707665
season,ROM,2020/21,market_devig,337,0.20515618677153244,0.30595113173367705,1.0203179009254195,0.47477744807121663,0.04425130839344206,0.014062214258673874,0.028105383668308025,0.028806302106807985
season,ROM,2021/22,market_devig,326,0.18864255307677671,0.27548451294329446,0.9355725808473787,0.549079754601227,0.061861659713116336,0.06984343437084713,0.08292994907858989,0.07154501438751779
season,ROM,2022/23,market_devig,329,0.1994220998949691,0.29515717893779947,0.9884881743470431,0.5106382978723404,0.036789945819894455,0.0224164590969995,0.032357999675866014,0.030521468197586655
season,ROM,2023/24,market_devig,300,0.19986960994744377,0.3039092981567222,1.013078930911511,0.4766666666666667,0.04536668256433088,0.02540016610783999,0.050434422109066346,0.04040042359374574
season,ROM,2024/25,market_devig,103,0.2128776956728987,0.3312797503477632,1.0933921827240203,0.3786407766990291,0.08280872927436447,0.10650353641638063,0.13759696899892052,0.1089697448965552
season,RUS,2011/12,market_devig,35,0.22128247870944504,0.3025450968869085,1.0220874009788816,0.5714285714285714,0.20465236340097226,0.0777355790991718,0.20234213152168862,0.1615766913406109
season,RUS,2012/13,market_devig,226,0.1934650397142983,0.2803005154551531,0.948665826321046,0.5752212389380531,0.027852087797213893,0.04212516128924025,0.04562083918436859,0.038532696090274245
season,RUS,2013/14,market_devig,229,0.19848973716518473,0.2930194156154272,0.9846486461765671,0.5240174672489083,0.05848150583698686,0.01808100908918813,0.05936918491546253,0.04531056661387917
season,RUS,2014/15,market_devig,242,0.1970911159526245,0.2915422896180807,0.9800810547214505,0.5289256198347108,0.06228571939841647,0.017266724860033174,0.045904406003274424,0.041818950087241354
season,RUS,2015/16,market_devig,248,0.19997621709603727,0.3004696829003187,1.0009106015156226,0.532258064516129,0.06830310519611765,0.026102193729143127,0.031134399029940474,0.041846565985067086
season,RUS,2016/17,market_devig,246,0.18320019221658815,0.2754971210870381,0.9300816953771283,0.5894308943089431,0.08953098327779291,0.025742196251152278,0.05937625576162104,0.05821647843018874
season,RUS,2017/18,market_devig,254,0.2009210689917922,0.3025544771338166,1.0120094442390124,0.5039370078740157,0.07788165856325091,0.03417763132733731,0.06294480468280794,0.05833469819113205
season,RUS,2018/19,market_devig,239,0.2033405601834443,0.3014856773735216,1.010221952698166,0.5062761506276151,0.0694702289742937,0.031867727202108315,0.08036755920939788,0.06056850512859996
season,RUS,2019/20,market_devig,206,0.19377172914221816,0.29444760415896676,0.9833150762788103,0.49029126213592233,0.06230677588648714,0.022447710369458397,0.0584853160866669,0.04774660078087081
season,RUS,2020/21,market_devig,264,0.2152278062347202,0.2994683154697842,0.9998245058613469,0.5227272727272727,0.06567561050687658,0.054602562626602694,0.06383289562830054,0.061370356253926596
season,RUS,2021/22,market_devig,247,0.205239087299507,0.2974989824903428,0.9979134998040199,0.5101214574898786,0.09271413148466044,0.01639069477861206,0.07667311858073793,0.061925981614670146
season,RUS,2022/23,market_devig,248,0.1929164453499288,0.2799927888052317,0.9444624106210598,0.5685483870967742,0.05983681897973136,0.030437459821523315,0.06293856453783231,0.051070947779695654
season,RUS,2023/24,market_devig,232,0.19810866382951978,0.29746742514719426,0.9970981845835513,0.5086206896551724,0.05116358594588044,0.043916194977359255,0.05213404306628052,0.0490712746631734
season,RUS,2024/25,market_devig,89,0.19582899452826294,0.2905283843877255,0.9750650464398619,0.4943820224719101,0.1130457462236698,0.01087603643222446,0.10049389651267027,0.07480522638952151
season,SC0,2001/02,market_devig,173,0.18789970614756774,0.2720197893843276,0.9237685844430185,0.5838150289017341,0.09795676219848666,0.031584983852250344,0.08803729522336351,0.07252634709136684
season,SC0,2002/03,market_devig,175,0.1806483900980277,0.26042481666081274,0.8916754069152385,0.5542857142857143,0.10907357907010878,0.04681608641846765,0.049596615518392013,0.06849542700232282
season,SC0,2003/04,market_devig,109,0.1788514294407589,0.26097397108117987,0.8864492635130243,0.5412844036697247,0.15100246639157908,0.017776463522273266,0.07047660429056028,0.07975184473480422
season,SC0,2004/05,market_devig,127,0.18563168684326475,0.27425581986617936,0.9315563514219911,0.5275590551181102,0.066353392848866,0.03242935014339016,0.06046406878198872,0.05308227059141496
season,SC0,2005/06,market_devig,228,0.1854945300636613,0.27833213553955216,0.9377944289095328,0.5307017543859649,0.10133969316909876,0.0049992047253670825,0.027808660418543938,0.04471585277100326
season,SC0,2006/07,market_devig,228,0.20881561940137097,0.2994644442563112,1.0007884440610597,0.5263157894736842,0.02684447221899281,0.03733950558372475,0.0845602400662936,0.04958140595633705
season,SC0,2007/08,market_devig,228,0.194425210655336,0.2777880561304575,0.93938690905714,0.5745614035087719,0.0814761682085334,0.036096503650617125,0.06366130326847452,0.06041132504254168
season,SC0,2008/09,market_devig,228,0.20260480187755478,0.2967269759772195,0.9923563278817555,0.49122807017543857,0.05579066740293179,0.016445405416553573,0.05996464241535279,0.04406690507827938
season,SC0,2009/10,market_devig,228,0.19671962278957952,0.2956256131684055,0.9884741737497624,0.5,0.08759723906497484,0.019008161843171167,0.03252856930119748,0.04637799006978116
season,SC0,2010/11,market_devig,228,0.19169694842073645,0.2743745723561607,0.9342124187043133,0.5657894736842105,0.05486485635536658,0.03747946696871271,0.10374085608675247,0.06536172647027726
season,SC0,2011/12,market_devig,228,0.19363764498983096,0.2851315119668796,0.9627798925401445,0.5263157894736842,0.07362417564340061,0.007651567078792392,0.0470027018420921,0.04275948152142837
season,SC0,2012/13,market_devig,228,0.21574611328420137,0.3244827895162912,1.0757654627345425,0.4166666666666667,0.08025446664423673,0.06742785902282196,0.043587426893068396,0.06375658418670903
season,SC0,2013/14,market_devig,228,0.19939844289810663,0.2848837932975191,0.9599464038909964,0.5570175438596491,0.0706958167757175,0.03671278962752882,0.03942082564882789,0.048943144017358074
season,SC0,2014/15,market_devig,228,0.20487379868218702,0.2839796989332929,0.9572821789835649,0.5394736842105263,0.04251474714345309,0.05580119705471486,0.06880611355927899,0.05570735258581564
season,SC0,2015/16,market_devig,228,0.21899046307664935,0.3082665275219361,1.0254051218310871,0.4649122807017544,0.08210206035404524,0.044525084513677156,0.07134548633970399,0.06599087706914213
season,SC0,2016/17,market_devig,228,0.18368438514776547,0.2766374091829254,0.9325042047365845,0.5131578947368421,0.07219639769559205,0.01461812972674909,0.04679463755147731,0.04453638832460615
season,SC0,2017/18,market_devig,228,0.19786883507026998,0.2908432205119732,0.9767579354478051,0.543859649122807,0.05508430107258231,0.04061937179649572,0.04342349906238265,0.04637572397715356
season,SC0,2018/19,market_devig,228,0.19281270165688735,0.27615391523263894,0.9318745484212319,0.5877192982456141,0.07648576594535651,0.06635386878821443,0.03670011519412643,0.05984658330923246
season,SC0,2019/20,market_devig,179,0.18104585644103627,0.27177490959403583,0.9226045218440929,0.553072625698324,0.06606600419761147,0.05762783708819437,0.05353066957452332,0.059074836953443045
season,SC0,2020/21,market_devig,228,0.18560827840540653,0.27724813658788316,0.9327598711822248,0.5394736842105263,0.07279148127128247,0.02519506649934987,0.07557351338709917,0.057853353719243834
season,SC0,2021/22,market_devig,228,0.18457927512423944,0.2830775771470091,0.9486423059878591,0.5307017543859649,0.050684885231915694,0.03081053782575221,0.042120040183032614,0.04120515441356684
season,SC0,2022/23,market_devig,228,0.18227751727666427,0.2554103728779653,0.8772139044111962,0.618421052631579,0.09623227903918759,0.07305935489714893,0.06699954390443191,0.07876372594692281
season,SC0,2023/24,market_devig,228,0.18016467424544177,0.2739156116810422,0.9329232195064298,0.5394736842105263,0.05483670254645984,0.06600479671533672,0.07395053512117152,0.06493067812765603
season,SC0,2024/25,market_devig,200,0.2011858242217947,0.28567516730422765,0.9664315882740203,0.54,0.12590974068454638,0.02239464626451526,0.04431190822087123,0.06420543172331096
season,SC0,2025/26,market_devig,228,0.1922629762409609,0.2893457206535571,0.9722169525696027,0.5131578947368421,0.048606339861615104,0.029848019199915515,0.06367683008940009,0.04737706305031023
season,SC0,2026/27,market_devig,25,0.20301121574106135,0.27235193762274124,0.9239433348336281,0.52,0.153256074692707,0.07924109066112345,0.15581518896990543,0.1294374514412453
season,SC1,2001/02,market_devig,130,0.2284685220397845,0.33481837509415724,1.101027442702385,0.4,0.048834341888701095,0.03532536096478367,0.050701453784232096,0.044953718879238956
season,SC1,2002/03,market_devig,79,0.20473837147345392,0.29237930371930665,0.9860860329021788,0.5316455696202531,0.10703385239103964,0.02265959911376203,0.054352252379197774,0.061348567961333145
season,SC1,2003/04,market_devig,180,0.2073121705881648,0.31249670142288094,1.0357195769300251,0.45555555555555555,0.08574612252334661,0.04385135760876528,0.04815188520944274,0.05924978844718488
season,SC1,2004/05,market_devig,164,0.21890693660551702,0.31419257019260205,1.0420554113463818,0.49390243902439024,0.053482834084227666,0.00588206352606304,0.0620300190736099,0.04046497222796687
season,SC1,2005/06,market_devig,180,0.194313682420687,0.30939319800132703,1.0319448848630846,0.4777777777777778,0.08592097824657202,0.09521266544629085,0.06381579312500717,0.08164981227262336
season,SC1,2006/07,market_devig,180,0.2194402597234174,0.3170236422456583,1.0546709913628571,0.46111111111111114,0.03488477093832551,0.02539193306420593,0.0410671641483685,0.03378128938363331
season,SC1,2007/08,market_devig,180,0.2047342943851331,0.30762186121165286,1.024979224627016,0.5055555555555555,0.09966814848689406,0.037254757914839565,0.06499048575846932,0.06730446405340097
season,SC1,2008/09,market_devig,180,0.2315796573182346,0.3321305137901696,1.094016379413301,0.40555555555555556,0.0584526561280776,0.017375747792760132,0.04161266698605698,0.03914702363563157
season,SC1,2009/10,market_devig,179,0.20972397242273585,0.30310695231867385,1.0140710357955782,0.5083798882681564,0.08395982974168507,0.006826102708910726,0.024039655735252276,0.03827519606194935
season,SC1,2010/11,market_devig,179,0.2088636324672933,0.30546278954272676,1.0172657652568353,0.5027932960893855,0.05037272249280041,0.008637148263221388,0.0391869736138436,0.0327322814566218
season,SC1,2011/12,market_devig,180,0.21706951391636267,0.32345508769678866,1.0671603108055268,0.43333333333333335,0.0743647573353219,0.032464645363226075,0.05099903889778013,0.05260948053210937
season,SC1,2012/13,market_devig,180,0.22111014652933156,0.3104301481101316,1.0393218472049495,0.4888888888888889,0.07146257128947825,0.016305233240512654,0.06689226996450448,0.05155335816483179
season,SC1,2013/14,market_devig,180,0.2205414019898647,0.3045910471357553,1.0193682364647727,0.5222222222222223,0.06900622215079004,0.04281498417029115,0.07678974642180988,0.06287031758096369
season,SC1,2014/15,market_devig,180,0.18610387215379928,0.26880222316167096,0.9110352166533289,0.5833333333333334,0.0805465926740996,0.019292799451590136,0.0620980916702703,0.053979161265320014
season,SC1,2015/16,market_devig,180,0.19294882747023254,0.28003513403552893,0.9494104945731332,0.5888888888888889,0.09240676579247672,0.018155609777713917,0.06452879617056059,0.05836372391358374
season,SC1,2016/17,market_devig,180,0.20661188157093963,0.32027339943466127,1.056454434825284,0.4388888888888889,0.06106562634107083,0.07587176657802634,0.06217720644625588,0.06637153312178436
season,SC1,2017/18,market_devig,180,0.1892100091879095,0.2792566276128462,0.9423271159636705,0.5277777777777778,0.04483232303963294,0.006717694794437914,0.06966970268854582,0.040406573507538894
season,SC1,2018/19,market_devig,179,0.22671596758437776,0.32590068370099406,1.0758500282124077,0.39664804469273746,0.07673336145565395,0.011516850291182783,0.09944178504992894,0.06256399893225523
season,SC1,2019/20,market_devig,137,0.2327164307823917,0.3239251807425523,1.070217325726781,0.44525547445255476,0.09644337626199184,0.046099596852007825,0.07692763267437978,0.07315686859612648
season,SC1,2020/21,market_devig,135,0.20472672408264214,0.31266477473427523,1.040651683036072,0.45925925925925926,0.03573998340426039,0.06280111301819166,0.10965405319943099,0.06939838320729434
season,SC1,2021/22,market_devig,180,0.21361098137118933,0.32214082163722874,1.068413013777563,0.42777777777777776,0.045795994114526874,0.04445413233427785,0.049932857379271736,0.04672766127602549
season,SC1,2022/23,market_devig,180,0.21872731406967144,0.32275963535218727,1.0686833973101895,0.45555555555555555,0.0700458874255194,0.02551940349599268,0.0629435856094964,0.05283629217700283
season,SC1,2023/24,market_devig,180,0.21491054686723535,0.31173874956144126,1.038661201863713,0.48333333333333334,0.06309445517448352,0.015042180555708794,0.07584787208390059,0.0513281692713643
season,SC1,2024/25,market_devig,159,0.20860060479785184,0.3026317908748465,1.0096192418260146,0.48427672955974843,0.10507229462182464,0.013264986564310452,0.06168728727257365,0.06000818948623624
season,SC1,2025/26,market_devig,180,0.20950594658445718,0.32424050963489415,1.069683072454173,0.4388888888888889,0.07178984323567718,0.07163969382953504,0.07409793817725897,0.07250915841415706
season,SC1,2026/27,market_devig,20,0.1990665356829034,0.32064229965904484,1.0503381986413574,0.5,0.15425962598026574,0.1144485309778334,0.16086414993083037,0.1431907689629765
season,SC2,2001/02,market_devig,128,0.22384875975646792,0.33092496397903215,1.0900162383410066,0.375,0.028593871816702615,0.0440957383157809,0.0341471480006991,0.03561225271106087
season,SC2,2002/03,market_devig,78,0.23691387909522454,0.3227288816113959,1.064142314399761,0.4358974358974359,0.06521353061453329,0.036964762319181166,0.08773892678224729,0.06330573990532058
season,SC2,2003/04,market_devig,180,0.22523754886504008,0.31374824836488935,1.0410248033551086,0.4888888888888889,0.029353499997360165,0.023903259600852707,0.055703437631177584,0.03632006574313015
season,SC2,2004/05,market_devig,180,0.22741218663533008,0.31861690710083557,1.0579823722380115,0.45555555555555555,0.04728584733730877,0.01822410691023899,0.0527764094362339,0.039428787894593885
season,SC2,2005/06,market_devig,180,0.20833405008434505,0.2864102169060365,0.9695732293543974,0.5611111111111111,0.04994799094124809,0.04855581462704131,0.04776804344471168,0.04875728300433369
season,SC2,2006/07,market_devig,180,0.21714141787020816,0.2978471392427539,0.9978225456085978,0.5111111111111111,0.05368270369847544,0.05302764419057438,0.08114052051166613,0.06261695613357199
season,SC2,2007/08,market_devig,180,0.2216705301863674,0.3012983887230555,1.0074337490552825,0.5222222222222223,0.06842368866606714,0.05472632069085191,0.06082623082020467,0.06132541339237457
season,SC2,2008/09,market_devig,180,0.2028203603546145,0.2937510030391719,0.9866742601086395,0.49444444444444446,0.04352407342562088,0.004852069443831821,0.04752871538540611,0.03196828608495294
season,SC2,2009/10,market_devig,180,0.22875099272824598,0.32468134920483993,1.0719479151146896,0.45,0.04972716476086137,0.007135959818871364,0.03566047367005663,0.030841199416596455
season,SC2,2010/11,market_devig,180,0.21409367521478043,0.30547570796682294,1.0181695182539892,0.49444444444444446,0.055031576945612545,0.01508524201696983,0.0440031233839452,0.03803998078217586
season,SC2,2011/12,market_devig,180,0.22849973142830934,0.3190897383588754,1.059862135141573,0.4388888888888889,0.06595903385000326,0.02002932309520867,0.04736418381180047,0.04445084691900413
season,SC2,2012/13,market_devig,180,0.2048421194151957,0.27832039221486193,0.9431841157880336,0.5611111111111111,0.0775316188352346,0.07204242394538118,0.07551438643536339,0.07502947640532638
season,SC2,2013/14,market_devig,180,0.1951908302326411,0.2716999383653745,0.9195783638274962,0.5722222222222222,0.06350676958803535,0.055823743027247894,0.05302502833706247,0.057451846984115235
season,SC2,2014/15,market_devig,180,0.2139514232158355,0.2985267665367404,1.000825944793284,0.5111111111111111,0.05623973249079403,0.030007976765993163,0.08393061969864944,0.05672610965181221
season,SC2,2015/16,market_devig,180,0.22307077987935275,0.305650813821056,1.0204340061582178,0.4722222222222222,0.102356079877827,0.053403389646355895,0.06578214257187225,0.07384720403201839
season,SC2,2016/17,market_devig,180,0.23236054366923456,0.3163010232277926,1.052041169975529,0.4666666666666667,0.060455874294677005,0.0504132700660837,0.07217614610534781,0.06101509682203617
season,SC2,2017/18,market_devig,180,0.21123982661679963,0.2897377660679028,0.9802159834678618,0.5277777777777778,0.05130718216373051,0.05082508996327949,0.06292078605234756,0.05501768605978585
season,SC2,2018/19,market_devig,180,0.23079051345584073,0.3189408526367266,1.0567113699205228,0.43333333333333335,0.05027530635400998,0.026269855798974298,0.06222398577592612,0.046256382642970134
season,SC2,2019/20,market_devig,139,0.21040233644363404,0.3032232996805646,1.0112380375283165,0.5107913669064749,0.05554078532145322,0.016324519567890057,0.07199952844764362,0.047954944445662305
season,SC2,2020/21,market_devig,110,0.22262298973407332,0.3018582781636583,1.007957654284068,0.5454545454545454,0.13271568213626564,0.08048569041445394,0.1052166400472883,0.1061393375326693
season,SC2,2021/22,market_devig,180,0.20175989497352603,0.30491796462882587,1.0169518359036809,0.5111111111111111,0.0655700827357904,0.034989708775817155,0.09196122415185365,0.0641736718878204
season,SC2,2022/23,market_devig,180,0.19573027345032878,0.2848880106318096,0.9593332734150263,0.5777777777777777,0.06356337102861093,0.02687327811983109,0.0723177162534442,0.05425145513396207
season,SC2,2023/24,market_devig,180,0.1866768144986539,0.27579207339782497,0.9317643133873525,0.5611111111111111,0.08399546885185577,0.03165781477887511,0.083156376297922,0.06626988664288429
season,SC2,2024/25,market_devig,164,0.22902932881432972,0.32603417488838216,1.0775471529705827,0.4695121951219512,0.06561725379372887,0.013797590303309282,0.07608531580202067,0.05183338663301961
season,SC2,2025/26,market_devig,180,0.20852575538957213,0.3080602813537887,1.0231454613094357,0.48333333333333334,0.023678745046258054,0.015618101204481389,0.04352171176438782,0.02760618600504242
season,SC2,2026/27,market_devig,24,0.1704979416557181,0.26144172086631695,0.896855219830042,0.625,0.18856395311260843,0.013463561845191993,0.18576182555001233,0.12926311350260425
season,SC3,2001/02,market_devig,127,0.233714929024834,0.3191682198795941,1.056809039681238,0.4645669291338583,0.09216008299628096,0.06773207672318328,0.05688168024272399,0.07225794665406275
season,SC3,2002/03,market_devig,78,0.21150696382304274,0.32311755494169647,1.0670372538855066,0.44871794871794873,0.06257200018981504,0.06822594118843955,0.06644425689028335,0.06574739942284598
season,SC3,2003/04,market_devig,111,0.19381829079575577,0.27081406586269846,0.9232058653906245,0.5855855855855856,0.07789513222994016,0.054676436814104584,0.10480974995519209,0.07912710633307894
season,SC3,2004/05,market_devig,164,0.18834325880403086,0.27184550201827584,0.9211269727115671,0.5853658536585366,0.04210783100198244,0.022775921549046313,0.05496362691672111,0.039949126489249955
season,SC3,2005/06,market_devig,180,0.20252090802089256,0.2804386348034433,0.9470143409573527,0.5611111111111111,0.05214254379043365,0.05093972615842783,0.07148518506122588,0.05818915167002912
season,SC3,2006/07,market_devig,180,0.21706087655074294,0.27843923227367906,0.9457730742389328,0.5944444444444444,0.08829438417293871,0.12126229967468279,0.09451947816794277,0.10135872067185475
season,SC3,2007/08,market_devig,180,0.21556730515638198,0.3021950420007352,1.0118821388496098,0.5222222222222223,0.027364771021184186,0.019516143150525925,0.05893356124016175,0.035271491803957285
season,SC3,2008/09,market_devig,180,0.2301450817712794,0.3120470789226772,1.0355366162320996,0.48333333333333334,0.04285738217687805,0.06153465952309503,0.057638713937928285,0.054010251879300454
season,SC3,2009/10,market_devig,179,0.22343443854240222,0.3091676768755519,1.0304038699194544,0.5027932960893855,0.12401834350582804,0.030623772446091168,0.03835428889888496,0.06433213495026806
season,SC3,2010/11,market_devig,180,0.22773685091037205,0.31524055488561886,1.0481475361248733,0.46111111111111114,0.04148240262487514,0.025715997172494825,0.051731543301597085,0.03964331436632235
season,SC3,2011/12,market_devig,180,0.21814724045229433,0.30528261646890936,1.0179479562823093,0.5055555555555555,0.046185083316796056,0.03061451846823269,0.04038896555121999,0.03906285577874958
season,SC3,2012/13,market_devig,180,0.2147015584314933,0.3023117103054011,1.0099293716467397,0.5055555555555555,0.08540080712305273,0.03629569573576781,0.04893696737181303,0.05687782341021119
season,SC3,2013/14,market_devig,180,0.22583947101269106,0.31208117267370344,1.0371639099548153,0.49444444444444446,0.10467195528515362,0.030115431789949326,0.05199259398140672,0.06225999368550322
season,SC3,2014/15,market_devig,180,0.241077545282153,0.32569805042533395,1.07414097927932,0.42777777777777776,0.10622326167163745,0.04315592656784223,0.061552471050033704,0.07031055309650446
season,SC3,2015/16,market_devig,180,0.2345530893164151,0.3211180431201661,1.0644043249760122,0.4388888888888889,0.07676516311034813,0.03763787087302944,0.06140172556178442,0.05860158651505399
season,SC3,2016/17,market_devig,180,0.23278714502377465,0.3285850496118969,1.0828825500951562,0.4388888888888889,0.08317792370014129,0.003160092652256255,0.06809607346131245,0.051478029937903326
season,SC3,2017/18,market_devig,180,0.21244203707007897,0.30228158665431415,1.0087686780790266,0.5166666666666667,0.03773361530256619,0.026993666482297736,0.06346450590859554,0.04273059589781982
season,SC3,2018/19,market_devig,179,0.18705277957145827,0.2621746717678074,0.9024872501365053,0.6256983240223464,0.07806118528967601,0.05227024577828655,0.06145675495023252,0.06392939533939836
season,SC3,2019/20,market_devig,137,0.20653485300526622,0.28572618030337577,0.9655085748364634,0.5401459854014599,0.07950925003200192,0.044697774816351156,0.09048756168049082,0.0715648621762813
season,SC3,2020/21,market_devig,110,0.1957376357370023,0.27515971306495585,0.9332289047943017,0.5636363636363636,0.10949594677625729,0.040121519581483404,0.11389477842477126,0.08783741492750398
season,SC3,2021/22,market_devig,180,0.2185042570927647,0.31219901049049736,1.037318956279287,0.46111111111111114,0.09768684849923989,0.011680603298666922,0.084497800974446,0.06462175092411761
season,SC3,2022/23,market_devig,180,0.22848999904058528,0.31991042040646905,1.0598094911420517,0.4444444444444444,0.020364632681961627,0.02598249613175871,0.04264961425969262,0.029665581024470988
season,SC3,2023/24,market_devig,180,0.21181168730734415,0.32207656605155704,1.0652352824539832,0.4166666666666667,0.05625541585986206,0.0630756071451513,0.07130255949995683,0.06354452750165673
season,SC3,2024/25,market_devig,169,0.23446349734826627,0.3174626654110833,1.0536786116700174,0.4556213017751479,0.12341542825874546,0.07776556449760423,0.05285387898224584,0.08467829057953186
season,SC3,2025/26,market_devig,180,0.2165912793131599,0.31855124320728556,1.0579107315455547,0.45,0.0471017058092195,0.0444902651523639,0.05071595485538672,0.04743597527232337
season,SC3,2026/27,market_devig,25,0.22735981301484448,0.3198256486346719,1.0523504144749503,0.52,0.17786571600107337,0.01812344513156483,0.13862881762591842,0.11153932625285219
season,SP1,2000/01,market_devig,376,0.19799282508711905,0.29230252216060476,0.9837714158273129,0.550531914893617,0.0588361212173678,0.01685603346460072,0.039263870389277124,0.03831867502374855
season,SP1,2001/02,market_devig,300,0.20799452926347076,0.30474173722165365,1.015937575354934,0.49666666666666665,0.04816599634021978,0.012719367504270551,0.032781934634999295,0.031222432826496543
season,SP1,2002/03,market_devig,379,0.21010203382777884,0.30923964940378496,1.0282182395389754,0.48021108179419525,0.05282324753824793,0.008481567991421878,0.025011334527358257,0.028772050019009354
season,SP1,2003/04,market_devig,375,0.21635353533120733,0.31029981032125603,1.0323703375000481,0.4746666666666667,0.035074360224821924,0.01506161997447356,0.03582398583215058,0.028653322010482023
season,SP1,2004/05,market_devig,268,0.192418553115994,0.2889163753476787,0.9748671958240825,0.5447761194029851,0.0720638745645335,0.02311511263153746,0.07340509622367625,0.05619469447324907
season,SP1,2005/06,market_devig,380,0.2102619662317919,0.3095362615297955,1.0303916456258528,0.4710526315789474,0.0391528068336972,0.025514168286730834,0.03294133253454424,0.032536102551657425
season,SP1,2007/08,market_devig,380,0.21359000947191303,0.3013117397542613,1.0105398298458386,0.5157894736842106,0.03135663180938702,0.037764079600903326,0.051750941106937544,0.04029055083907596
season,SP1,2008/09,market_devig,380,0.20164850845740742,0.2867940263093254,0.9706004560347627,0.5657894736842105,0.03806315005770229,0.04574584227964551,0.060848524365389164,0.048219172234245655
season,SP1,2009/10,market_devig,380,0.18094853305128725,0.27353690026317795,0.9213542304788122,0.5842105263157895,0.07546565591324135,0.006060467400638094,0.06750955845430764,0.0496785605893957
season,SP1,2010/11,market_devig,380,0.1906435855607165,0.27286983283073796,0.9292281320976273,0.6105263157894737,0.07002948171232924,0.04771477151991589,0.0652228267129956,0.06098902664841358
season,SP1,2011/12,market_devig,380,0.189946645330829,0.2815746990405326,0.9467655454226773,0.5368421052631579,0.057966078960525115,0.01336851604464993,0.05453737546493663,0.041957323490037224
season,SP1,2012/13,market_devig,380,0.19439186522251595,0.2782969007036088,0.9428215745471997,0.5473684210526316,0.04957677449579511,0.026411694311584008,0.035871349503330964,0.03728660610357002
season,SP1,2013/14,market_devig,380,0.19718671065005194,0.28240963441621575,0.9556050888929084,0.5394736842105263,0.05184478574421457,0.013731759617470902,0.03722101747022181,0.03426585427730242
season,SP1,2014/15,market_devig,380,0.1790953427291514,0.2650307528898657,0.902423832972344,0.5684210526315789,0.07926718891752282,0.03046891881622842,0.04555745212554897,0.05176451995310007
season,SP1,2015/16,market_devig,380,0.18587978273413275,0.2753541596458169,0.929426850031686,0.5473684210526316,0.04482348444203138,0.019188348679953296,0.047435791069770826,0.0371492080639185
season,SP1,2016/17,market_devig,380,0.17840996786171825,0.26596570108559364,0.9026510017568277,0.5842105263157895,0.04169973192927492,0.03215791213987104,0.041213220015716374,0.038356954694954114
season,SP1,2017/18,market_devig,380,0.1968663566618676,0.2852505372020087,0.9595552614293644,0.5473684210526316,0.01919915594873147,0.02509855459128036,0.039632858495623625,0.027976856345211815
season,SP1,2018/19,market_devig,380,0.2008456976831271,0.30125775811308836,1.0102501469680754,0.48157894736842105,0.0400196645004719,0.06320980572279182,0.06296447890668316,0.055397983043315634
season,SP1,2019/20,market_devig,323,0.19423206994777242,0.29455900290889264,0.9823289786592768,0.5170278637770898,0.04690964980040099,0.021592512285081012,0.055739112254248935,0.041413758113243646
season,SP1,2020/21,market_devig,437,0.19365701048298395,0.29209386366637585,0.9847163982112408,0.5308924485125858,0.045479024766985905,0.019267399498460933,0.05904355890125678,0.04126332772223454
season,SP1,2021/22,market_devig,380,0.19264784547746447,0.29425484449646006,0.9878453220284045,0.5157894736842106,0.08293278058009498,0.02617238842636783,0.055910509942260496,0.05500522631624111
season,SP1,2022/23,market_devig,380,0.2023337802164365,0.2916152757270423,0.9799047421301401,0.5447368421052632,0.05075834391707825,0.029218807849378678,0.0681502656295996,0.0493758057986855
season,SP1,2023/24,market_devig,380,0.18249972155031643,0.2820968620597563,0.9492103978725072,0.5552631578947368,0.07483019053289064,0.03165660889324169,0.06322389382064991,0.056570231082260745
season,SP1,2024/25,market_devig,380,0.18978185372736048,0.28195399028009965,0.9531990849104892,0.55,0.03483273249773237,0.0262925316783872,0.05034482492081328,0.03715669636564428
season,SP1,2025/26,market_devig,380,0.19569973483282477,0.28551891061540025,0.9636644004887207,0.55,0.06392727180734899,0.015131505914790244,0.05559207241970595,0.044883616713948395
season,SP1,2026/27,market_devig,31,0.17588201943533138,0.2668518641966202,0.9089246354293056,0.5806451612903226,0.2124588251675956,0.05560459120318937,0.17679457910730823,0.14828599849269772
season,SP2,2000/01,market_devig,340,0.20721522958141228,0.3175920485697039,1.0495252475248964,0.4235294117647059,0.06275561303434375,0.035293850490956395,0.02028448624086416,0.039444649922054764
season,SP2,2001/02,market_devig,302,0.22379176524300495,0.3273005074050517,1.0837300079678902,0.4105960264900662,0.05019302881650829,0.022616769650435395,0.054036913521911575,0.04228223732961842
season,SP2,2002/03,market_devig,223,0.2078717144198497,0.3310013790298447,1.0890262577590886,0.3811659192825112,0.049563328346374856,0.08464928950209732,0.05658289945005356,0.06359850576617525
season,SP2,2003/04,market_devig,109,0.2172261612689855,0.335037190037243,1.1024427115293325,0.3577981651376147,0.11638144612225734,0.034575126482066926,0.04021780182923513,0.06372479147785313
season,SP2,2004/05,market_devig,414,0.22314279571658835,0.32617162552138496,1.0803918406754998,0.41545893719806765,0.03123655796597847,0.0319521280194863,0.04591635402147075,0.0363683466689785
season,SP2,2005/06,market_devig,462,0.21554433577501278,0.3178879462936295,1.0529674380003216,0.4588744588744589,0.03543074441004112,0.04112255423595784,0.012967111874507036,0.02984013684016867
season,SP2,2007/08,market_devig,446,0.20842702363403384,0.31913274973641076,1.0568576958399498,0.44170403587443946,0.026264778794614908,0.03322904536090249,0.042026460819659286,0.03384009499172556
season,SP2,2008/09,market_devig,462,0.199310930069251,0.30471823427978356,1.0158425614501074,0.4653679653679654,0.06617426196275449,0.04180835769015759,0.03568487982087551,0.047889166491262534
season,SP2,2009/10,market_devig,462,0.2082256182601332,0.3151894449661803,1.0468992972031541,0.44805194805194803,0.022966847806376832,0.02426581114226934,0.027354085816863993,0.024862248255170055
season,SP2,2010/11,market_devig,461,0.2100528053502282,0.30919563332694266,1.0313491067344012,0.48156182212581344,0.05471623649083862,0.03423628071887157,0.032636133822042196,0.04052955034391746
season,SP2,2011/12,market_devig,460,0.20814285318770817,0.29874921876074884,1.0024812082767631,0.5021739130434782,0.05149996640510144,0.03587992902754932,0.029734195175909257,0.03903803020285334
season,SP2,2012/13,market_devig,461,0.21110078596448648,0.30663609749126053,1.0229388949273572,0.5010845986984815,0.05477728766367619,0.021603736522844058,0.02446589473033887,0.03361563963895304
season,SP2,2013/14,market_devig,462,0.2225981442357218,0.3270237293527291,1.0799387721809137,0.4199134199134199,0.0731484258378044,0.01637321497104995,0.05067319027604857,0.046731610361634306
season,SP2,2014/15,market_devig,462,0.20566378514681438,0.30898083767851836,1.0272922937157083,0.49134199134199136,0.05510311883279184,0.010397366882390131,0.03626954722758764,0.03392334431425654
season,SP2,2015/16,market_devig,462,0.20675277145098442,0.3140293611410105,1.0421614671067552,0.461038961038961,0.02104685023166942,0.023687534747468104,0.039201519962334085,0.027978634980490535
season,SP2,2016/17,market_devig,462,0.20694070782816498,0.3150226138363349,1.0441944006027004,0.4696969696969697,0.025001459102258226,0.02460392191121608,0.0444855866133125,0.03136365587559561
season,SP2,2017/18,market_devig,461,0.20311274214173702,0.304509676862093,1.0152934927292756,0.4967462039045553,0.03838235701383495,0.01165846070261929,0.03207765502355538,0.02737282424666988
season,SP2,2018/19,market_devig,441,0.20072745818083884,0.30971513877051304,1.030342204482423,0.47392290249433106,0.060712844194445566,0.026893735557716104,0.0659135672290212,0.05117338232706096
season,SP2,2019/20,market_devig,398,0.21425194391610186,0.3313602088216186,1.0920378314314567,0.3844221105527638,0.05621539720983333,0.06223345275540795,0.052339159009989575,0.056929336325076955
season,SP2,2020/21,market_devig,526,0.21192770455510485,0.3110381011042898,1.0360903258531595,0.48098859315589354,0.052074374999156486,0.03410223597761636,0.038040659568217165,0.041405756848330005
season,SP2,2021/22,market_devig,462,0.20765247379058918,0.31041110419687346,1.032562442809667,0.45670995670995673,0.03535779631557762,0.054779796887730645,0.01943318291539602,0.0365235920395681
season,SP2,2022/23,market_devig,462,0.20331598388940575,0.31452260152314065,1.0428347635764537,0.45670995670995673,0.022311491340791006,0.03437930770261954,0.05929102254959786,0.03866060719766947
season,SP2,2023/24,market_devig,462,0.21023395242220955,0.3151485869900058,1.0450619100475094,0.4696969696969697,0.056648486788344346,0.03169597338428232,0.04289496813505484,0.0437464761025605
season,SP2,2024/25,market_devig,462,0.20443963955919547,0.3049698711999859,1.0171506555301402,0.49134199134199136,0.02307575545948675,0.04838931897627899,0.03848308891483143,0.03664938778353239
season,SP2,2025/26,market_devig,462,0.2157682884678527,0.30898021919725827,1.0293414710306141,0.4935064935064935,0.02240580201316208,0.029948807478788662,0.03127473418368114,0.027876447891877293
season,SP2,2026/27,market_devig,33,0.22792014568090121,0.3199260398543718,1.0542623909575897,0.3939393939393939,0.20847708159638473,0.07563748493207896,0.23992717365220856,0.1746805800602241
season,SUI,2011/12,market_devig,23,0.2012207692141695,0.3197846392282845,1.0524344384224127,0.43478260869565216,0.17028640561244734,0.07662809397065984,0.08752166408461412,0.11147872122257378
season,SUI,2012/13,market_devig,156,0.20675007239660778,0.304402442693446,1.0153254747097857,0.48717948717948717,0.05131076769808668,0.011558789412571666,0.03743562450024044,0.033435060536966266
season,SUI,2013/14,market_devig,177,0.21362072098032914,0.2967933572834125,0.9943624367556305,0.5423728813559322,0.08041588724495845,0.06211589794120057,0.039881983374156056,0.06080458952010503
season,SUI,2014/15,market_devig,183,0.21325416819779738,0.31313974829221636,1.039918529367006,0.5081967213114754,0.0938685718837419,0.019782717880058514,0.03290677191262359,0.048852687225474666
season,SUI,2015/16,market_devig,177,0.20079939428473312,0.29503737792240137,0.9886150953183869,0.5423728813559322,0.06309357801349197,0.0031211554135551984,0.029078089608488785,0.03176427434517865
season,SUI,2016/17,market_devig,184,0.1949192990483615,0.2834645221946416,0.956871685048079,0.5706521739130435,0.07089950143502226,0.009669746598839698,0.08758593880751323,0.05605172894712506
season,SUI,2017/18,market_devig,181,0.22394667513640315,0.3099390107538792,1.0339782654421763,0.49171270718232046,0.0799122288568457,0.024943557780972295,0.07291014915728126,0.05925531193169975
season,SUI,2018/19,market_devig,183,0.19990091131866336,0.2864174117986679,0.9642258003873568,0.5409836065573771,0.05328703296424322,0.030755936086904176,0.12311264939271127,0.06905187281461955
season,SUI,2019/20,market_devig,151,0.2045158779954929,0.29485234626879747,0.9903840791383408,0.5099337748344371,0.07661013552906458,0.03170429073543332,0.044330872622118996,0.05088176629553897
season,SUI,2020/21,market_devig,202,0.20574583661743345,0.30923711185869474,1.028843994521899,0.4603960396039604,0.0673247448527941,0.0530766571419171,0.06824055904766652,0.06288065368079258
season,SUI,2021/22,market_devig,187,0.20847014272911407,0.307649045940724,1.0233018648097851,0.49732620320855614,0.059468611542478164,0.021174546651521534,0.06270579428800889,0.04778298416066953
season,SUI,2022/23,market_devig,194,0.21110437242138594,0.3182328623496935,1.055276757393955,0.4536082474226804,0.06920452388294321,0.05696346250452498,0.04283651915922327,0.05633483518223048
season,SUI,2023/24,market_devig,214,0.20420267875505757,0.3033829225812425,1.0137822436848916,0.49065420560747663,0.04750217543343794,0.0367611383718239,0.05939250329683062,0.04788527236736415
season,SUI,2024/25,market_devig,60,0.23057766127364193,0.3147944794744317,1.0486858353670359,0.45,0.17734445157336673,0.03608552167926529,0.14003498304226356,0.11782165209829853
season,SWE,2011/12,market_devig,115,0.20365095735185187,0.3153605111778411,1.0419879842330215,0.4608695652173913,0.065684029134732,0.05892625239466209,0.0406347981714958,0.055081693233629964
season,SWE,2012/13,market_devig,259,0.19744206435911335,0.29802079903743445,0.9965360547153863,0.5019305019305019,0.0624076889775749,0.018372352182852016,0.07304163979294889,0.05127389365112527
season,SWE,2013/14,market_devig,215,0.21393407600230305,0.3125339207749213,1.0407797786895439,0.4604651162790698,0.11209061659173199,0.02507776803987276,0.03448656180987233,0.05721831548049236
season,SWE,2014/15,market_devig,240,0.19117264747612547,0.2783548144506464,0.9416827227843909,0.5625,0.0684108123969555,0.023111752017992253,0.051962388147152865,0.04782831752070021
season,SWE,2015/16,market_devig,234,0.19488227646993758,0.2832821343649341,0.9546281791292986,0.5683760683760684,0.08051660367380913,0.019837393835689224,0.06737374793866308,0.055909248482720476
season,SWE,2016/17,market_devig,256,0.19742846029589234,0.2935352809390256,0.9856236459419159,0.5,0.07631829379784723,0.03252238685697405,0.045335930126016714,0.05139220359361266
season,SWE,2017/18,market_devig,242,0.1978201220978238,0.291200749522286,0.9764178272486773,0.5495867768595041,0.04845861216139523,0.0035730944031565097,0.06256357107734739,0.03819842588063304
season,SWE,2018/19,market_devig,257,0.18889477985480238,0.2819157251596721,0.9512931555217465,0.5408560311284046,0.09371067878688846,0.0084888530426027,0.06638264213882682,0.05619405798943933
season,SWE,2019/20,market_devig,206,0.18773521796851103,0.2807564615291611,0.9483734973200387,0.5679611650485437,0.058890199110311826,0.008240274225697347,0.04168524101783142,0.036271904784613535
season,SWE,2020/21,market_devig,234,0.2151401960777047,0.3194929334120616,1.058430994343601,0.43162393162393164,0.09681255522188044,0.055194454681217565,0.03946303152988933,0.06382334714432912
season,SWE,2021/22,market_devig,269,0.19209159075409896,0.27927224292211766,0.9468178403222394,0.5576208178438662,0.0640221813679742,0.03758121524615185,0.03037039454737322,0.04399126372049975
season,SWE,2022/23,market_devig,242,0.20084697476051555,0.2935190350266576,0.9837302130881906,0.49173553719008267,0.09688203108569106,0.014391493521255929,0.05378653397088312,0.055020019525943376
season,SWE,2023/24,market_devig,239,0.21864077593575643,0.29100884811247446,0.9797252324278849,0.5564853556485355,0.056121868143864315,0.09296175447693039,0.07058657247517633,0.07322339836532368
season,SWE,2024/25,market_devig,102,0.20791542804327406,0.3051660931876066,1.0180337855459376,0.46078431372549017,0.08291333339038091,0.0311251913969755,0.05079033924588065,0.05494295467774569
season,T1,2000/01,market_devig,208,0.1968532852808966,0.2786792686854893,0.9486028350168829,0.5913461538461539,0.058464620068573704,0.05093543251918388,0.05104336029550985,0.05348113762775581
season,T1,2001/02,market_devig,230,0.19910602958754411,0.2940875955035089,0.9856265633907351,0.5260869565217391,0.07737214762944777,0.003281673929730394,0.05265182135269064,0.04443521430395627
season,T1,2002/03,market_devig,129,0.1813810450605738,0.2757007236317566,0.9264628746004058,0.5813953488372093,0.05689835842647271,0.003279428842135347,0.09503740404531695,0.05173839710464167
season,T1,2003/04,market_devig,274,0.20528653602501537,0.2933604778475128,0.9883570772772361,0.5437956204379562,0.026600324030694046,0.024752604632509893,0.04856718702768393,0.03330670523029596
season,T1,2004/05,market_devig,303,0.1848058793353613,0.27230808107287596,0.9227080304257917,0.5643564356435643,0.04400716857745167,0.019235186884519126,0.04677973745581103,0.03667403097259394
season,T1,2005/06,market_devig,304,0.20785021408341758,0.30315824301977917,1.0137876388522307,0.4967105263157895,0.05078643858275949,0.010897549300987535,0.0527382382358225,0.038140742039856505
season,T1,2006/07,market_devig,288,0.20699573910938876,0.3104726412225117,1.0310892411687678,0.4861111111111111,0.044601962104298516,0.034191937102704725,0.05377896300262576,0.04419095406987633
season,T1,2007/08,market_devig,303,0.19854478280067167,0.28664497843615283,0.9663427541549776,0.5742574257425742,0.08474143534132947,0.043246235954703637,0.05635115760568621,0.06144627630057311
season,T1,2008/09,market_devig,306,0.2033092048469532,0.29214145873563035,0.9857037878394612,0.5522875816993464,0.03607500908991527,0.03116645005938787,0.037622351281749226,0.034954603477017454
season,T1,2010/11,market_devig,306,0.2017147156910834,0.2942878434005298,0.9878887906428205,0.5196078431372549,0.03771408244311559,0.019205532344711906,0.04505836472974888,0.03399265983919212
season,T1,2011/12,market_devig,302,0.20134247542786524,0.2942189239763045,0.9885603836645876,0.5364238410596026,0.04299451468563036,0.014181575850863128,0.03414000834848377,0.030438699628325752
season,T1,2012/13,market_devig,306,0.21109165048631504,0.31107441509643424,1.0360303234183557,0.49019607843137253,0.05690856227914438,0.01564070894386324,0.048662703830970336,0.040403991684659316
season,T1,2013/14,market_devig,306,0.2069252033783473,0.30386894521356844,1.0134245104066433,0.4934640522875817,0.03564795449736566,0.017775493543473856,0.03265782066606082,0.028693756235633444
season,T1,2014/15,market_devig,306,0.20148161682213736,0.30096720785230263,1.0053328703172983,0.5163398692810458,0.03331481511708168,0.019828889721913885,0.04958061886773622,0.034241441235577263
season,T1,2015/16,market_devig,305,0.1986094650085663,0.2930463330408564,0.9846446228724409,0.5475409836065573,0.04520491830322487,0.015427065378595731,0.043123596477544664,0.03458519338645508
season,T1,2016/17,market_devig,306,0.20579672548463596,0.2919660263571542,0.9802146558849381,0.5392156862745098,0.04100454851590263,0.04132031789701592,0.0936450603474901,0.05865664225346955
season,T1,2017/18,market_devig,303,0.18981942781173136,0.2748429228812071,0.9328390221015523,0.5676567656765676,0.05621096666641053,0.030708276525908507,0.0735589101093378,0.05349271776721894
season,T1,2018/19,market_devig,306,0.20479415684873514,0.30643394215037845,1.0223984870925402,0.48366013071895425,0.02240887502646315,0.044356692841955925,0.03656141633856946,0.03444232806899617
season,T1,2019/20,market_devig,261,0.20395227109781944,0.3042429708675515,1.0157320979324,0.4904214559386973,0.06672953605958999,0.042639476709131756,0.03214254125471828,0.047170518007813335
season,T1,2020/21,market_devig,465,0.21308918159397702,0.3097620112245713,1.0343684794267731,0.4731182795698925,0.03360711882252778,0.01280758583212216,0.026206775552723206,0.02420716006912438
season,T1,2021/22,market_devig,380,0.20674015875886062,0.2978194820806685,0.9970269742576342,0.5263157894736842,0.055136206065945666,0.023755603379402638,0.0381977951314599,0.0390298681922694
season,T1,2022/23,market_devig,313,0.20002450889676732,0.28837644037136145,0.9731479180521238,0.5399361022364217,0.050493928169342256,0.01932955861531231,0.04372147306824164,0.0378483199509654
season,T1,2023/24,market_devig,380,0.18703534626741877,0.2815737371568786,0.9512866411820807,0.5578947368421052,0.04572401622132294,0.0335494421815298,0.08840601993227182,0.05589315944504152
season,T1,2024/25,market_devig,314,0.18069593347001028,0.27089211948481723,0.9234972569759098,0.589171974522293,0.10154724871294842,0.025577707852977673,0.0998012129668318,0.0756420565109193
season,T1,2025/26,market_devig,306,0.18501541629498527,0.2883871081400356,0.9661077584575611,0.5392156862745098,0.04294739141313238,0.04429965338429592,0.07686152562069339,0.05470285680604056
season,T1,2026/27,market_devig,27,0.23022570485605012,0.3161375802415716,1.0477187991324874,0.4074074074074074,0.25566468276291854,0.02063051139052307,0.18463489021344132,0.15364336145562765
season,USA,2011/12,market_devig,172,0.2152680166251754,0.3020386330135496,1.0136521979742594,0.5116279069767442,0.0656717207938514,0.054911172087482085,0.028692670739881906,0.0497585212070718
season,USA,2012/13,market_devig,333,0.19925024535939562,0.29925780676493335,0.9996243773327507,0.5195195195195195,0.07589713224783898,0.009633130440112206,0.038515852079757204,0.04134870492256946
season,USA,2013/14,market_devig,324,0.20662741736182136,0.30421310364717175,1.0138906410000639,0.5,0.06125969643641011,0.00798906307271857,0.04729749765336149,0.03884875238749672
season,USA,2014/15,market_devig,358,0.2097573126519207,0.3005346252692037,1.0055825371858085,0.5251396648044693,0.07385127451900646,0.033543645025555444,0.03836755420484888,0.0485874912498036
season,USA,2015/16,market_devig,352,0.21414005412284684,0.30150325794304583,1.0108254150011555,0.5170454545454546,0.05667570429092167,0.035782394871231686,0.036530801549955916,0.04299630023736976
season,USA,2016/17,market_devig,393,0.20087010003482356,0.29944133672648704,1.0011450762820995,0.5190839694656488,0.03503287450876429,0.022032671226956124,0.05082766697276098,0.035964404236160465
season,USA,2017/18,market_devig,377,0.20280759467903225,0.2954960623184485,0.9914403656620041,0.5251989389920424,0.03283725601524994,0.018053557353936524,0.03034841623834019,0.027079743202508888
season,USA,2018/19,market_devig,436,0.20141133982571072,0.28310969595810775,0.9564542004781272,0.5711009174311926,0.05968166712492248,0.04117350273408549,0.034470329386187805,0.04510849974839859
season,USA,2019/20,market_devig,267,0.21128434564232174,0.3035961526699472,1.0141000357537768,0.5318352059925093,0.05201606059567883,0.006881476088218464,0.031021956351860513,0.0299731643452526
season,USA,2020/21,market_devig,448,0.21162627988616922,0.30744542265170205,1.0252397836458929,0.5022321428571429,0.022018428233755518,0.010182988659434088,0.04217377105614811,0.024791729316445906
season,USA,2021/22,market_devig,547,0.21733154973835322,0.3111277354136507,1.0344684303814253,0.4826325411334552,0.027822753899989866,0.02555120194468018,0.01175108818341408,0.021708348009361375
season,USA,2022/23,market_devig,514,0.20516181209680795,0.305791341102789,1.0214395906756273,0.48249027237354086,0.024479249096422472,0.03613237384604574,0.03305968537802483,0.03122376944016435
season,USA,2023/24,market_devig,535,0.21182473098215826,0.3044307221604093,1.015307474848758,0.4766355140186916,0.060209124346374834,0.015995602050620963,0.04968221847786969,0.0419623149582885
season,USA,2024/25,market_devig,177,0.2124171582633527,0.31687537718533615,1.0510827181982456,0.4350282485875706,0.08429126625954965,0.045363018500487406,0.06635388126446667,0.06533605534150123
